ticket_id,customer_id,created_at,resolved_at,channel,category,subcategory,customer_tier,first_response_time_mins,resolution_time_hours,csat_score,ticket_status,ticket_text
TKT-10001,CUS-000824,2026-08-05 23:08:07,2026-08-06 14:00:55,In-App Chat,Feature Request,Dark Mode,Premium,13,14.88,,Resolved,I like the app and would find a dark mode option useful. I would be happy to use this feature.
TKT-10002,CUS-001471,2026-08-11 07:48:06,2026-08-12 00:00:00,Email,App Bug,App Crash,Premium,16,16.2,3,Resolved,The app closes every time I try to complete this action. I have already tried again several times.
TKT-10003,CUS-000135,2026-08-02 21:38:16,2026-08-04 08:07:40,In-App Chat,Delivery Delay,Tracking Not Updated,Premium,9,34.49,3,Closed,The tracking status has not changed for a while. This has been very frustrating.
TKT-10004,CUS-001039,2026-07-26 20:31:31,,Social Media,App Bug,Login Timeout,Premium,45,,2,Open,I keep getting timed out when I try to sign in.
TKT-10005,CUS-000607,2026-07-31 16:04:19,,In-App Chat,Account Access,Account Locked,Premium,11,,,Open,My account is locked and I cannot get back in. Thank you for checking this for me.
TKT-10006,CUS-000615,2026-05-31 09:57:03,2026-06-01 05:51:39,WhatsApp,Account Access,Account Locked,Premium,15,19.91,5,Closed,My account is locked and I cannot get back in. Could someone advise me on the next step?
TKT-10007,CUS-000755,2026-07-23 23:33:47,2026-07-25 09:32:35,Social Media,Delivery Delay,Late Delivery,Free,67,33.98,3,Resolved,My order is later than the delivery estimate.
TKT-10008,CUS-000994,2026-07-18 20:57:54,,In-App Chat,Billing/Refunds,Payment Failed,Free,19,,,Open,My payment keeps failing even though my details are correct. This is disrupting what I need to do.
TKT-10009,CUS-001034,2026-06-28 15:53:24,2026-06-29 23:52:12,In-App Chat,Billing/Refunds,Incorrect Amount,Free,20,31.98,3,Resolved,The amount on my bill does not match what I expected.
TKT-10010,CUS-000476,2026-06-22 07:05:39,2026-06-23 15:52:27,In-App Chat,Delivery Delay,Late Delivery,Free,13,32.78,3,Resolved,My order is later than the delivery estimate. Please resolve this as soon as possible.
TKT-10011,CUS-000647,2026-06-01 21:39:36,2026-06-02 14:42:36,In-App Chat,Account Access,Password Reset,Free,67,17.05,,Closed,I need help resetting my password.
TKT-10012,CUS-000427,2026-06-29 17:08:49,2026-07-01 23:04:01,In-App Chat,App Bug,App Crash,Free,11,53.92,2,Resolved,The app closes every time I try to complete this action. This is disrupting what I need to do.
TKT-10013,CUS-001062,2026-07-14 19:22:18,2026-07-18 14:15:42,WhatsApp,Billing/Refunds,Duplicate Charge,Free,37,90.89,,Escalated,I was charged twice for the same transaction. I have already tried again several times.
TKT-10014,CUS-000184,2026-07-26 16:35:29,,Email,App Bug,Login Timeout,Free,100,,2,Open,I keep getting timed out when I try to sign in.
TKT-10015,CUS-000703,2026-06-30 17:48:45,2026-07-01 11:19:21,In-App Chat,Delivery Delay,Late Delivery,Free,23,17.51,3,Closed,My order is later than the delivery estimate. I have already tried again several times.
TKT-10016,CUS-001637,2026-07-22 08:37:51,2026-07-23 21:54:03,Email,Billing/Refunds,Duplicate Charge,Premium,16,37.27,,Closed,I was charged twice for the same transaction. I have already tried again several times.
TKT-10017,CUS-001646,2026-07-22 22:23:16,2026-07-25 06:55:04,In-App Chat,App Bug,Notification Error,Free,12,56.53,2,Resolved,The notifications are delayed or showing the wrong information. I have already tried again several times.
TKT-10018,CUS-000855,2026-07-15 01:27:56,2026-07-15 18:27:56,WhatsApp,Feature Request,Export Data,Premium,21,17.0,,Resolved,Could you add a way to export my account data? Thanks for considering the suggestion.
TKT-10019,CUS-000425,2026-07-29 18:07:58,2026-07-30 17:36:10,In-App Chat,Billing/Refunds,Incorrect Amount,Free,14,23.47,,Closed,The amount on my bill does not match what I expected.
TKT-10020,CUS-000973,2026-07-17 00:12:06,2026-07-17 19:34:54,Social Media,Delivery Delay,Tracking Not Updated,Premium,5,19.38,,Closed,The tracking status has not changed for a while.
TKT-10021,CUS-000818,2026-07-04 06:29:47,,Social Media,Billing/Refunds,Payment Failed,Premium,25,,1,Open,My payment keeps failing even though my details are correct. This is disrupting what I need to do.
TKT-10022,CUS-000077,2026-07-21 15:25:33,2026-07-22 00:50:45,In-App Chat,Delivery Delay,Missing Items,Free,13,9.42,4,Resolved,Some items were missing when my order arrived. I have already tried again several times.
TKT-10023,CUS-001646,2026-05-26 16:44:40,2026-05-27 07:46:28,In-App Chat,Delivery Delay,Wrong Delivery Address,Enterprise,6,15.03,,Resolved,The delivery address shown for my order is incorrect. This has been very frustrating.
TKT-10024,CUS-000565,2026-06-13 01:17:18,2026-06-14 07:34:41,Email,Feature Request,New Payment Option,Free,66,30.29,3,Resolved,"It would be helpful to have another payment option. The service has been useful overall, so this would be a great addition."
TKT-10025,CUS-000677,2026-06-19 00:05:11,2026-06-20 12:52:35,WhatsApp,Billing/Refunds,Refund Pending,Free,29,36.79,3,Closed,My refund is still pending and I need an update.
TKT-10026,CUS-000847,2026-06-07 09:18:16,2026-06-08 13:07:28,Email,Account Access,Account Locked,Premium,35,27.82,4,Closed,My account is locked and I cannot get back in. Please let me know what information you need.
TKT-10027,CUS-001481,2026-06-03 22:52:10,,Email,Delivery Delay,Missing Items,Free,37,,,Open,Some items were missing when my order arrived.
TKT-10028,CUS-001348,2026-07-31 02:14:42,2026-08-01 07:14:06,Social Media,Billing/Refunds,Refund Pending,Free,26,28.99,3,Resolved,My refund is still pending and I need an update. This is disrupting what I need to do.
TKT-10029,CUS-000368,2026-06-30 12:33:31,2026-07-01 04:34:43,WhatsApp,Billing/Refunds,Payment Failed,Free,29,16.02,3,Resolved,My payment keeps failing even though my details are correct. This has been very frustrating.
TKT-10030,CUS-001206,2026-05-26 23:19:54,2026-05-27 22:36:42,Email,Billing/Refunds,Payment Failed,Free,37,23.28,3,Resolved,My payment keeps failing even though my details are correct.
TKT-10031,CUS-001465,2026-06-24 04:45:17,2026-06-24 11:39:53,Email,Feature Request,Notification Controls,Free,116,6.91,4,Resolved,"Please add more control over which notifications I receive. The service has been useful overall, so this would be a great addition."
TKT-10032,CUS-001200,2026-06-27 23:12:14,2026-06-28 07:49:26,Social Media,Delivery Delay,Late Delivery,Free,36,8.62,4,Resolved,My order is later than the delivery estimate. Please resolve this as soon as possible.
TKT-10033,CUS-000249,2026-05-31 15:04:47,2026-05-31 20:44:59,In-App Chat,Account Access,Verification Code Missing,Free,9,5.67,4,Closed,The verification code has not arrived yet. Thank you for checking this for me.
TKT-10034,CUS-000885,2026-07-13 22:12:37,2026-07-14 20:24:01,WhatsApp,Delivery Delay,Tracking Not Updated,Free,24,22.19,4,Resolved,The tracking status has not changed for a while. This is disrupting what I need to do.
TKT-10035,CUS-001414,2026-07-21 13:30:47,2026-07-21 19:30:11,In-App Chat,Account Access,Verification Code Missing,Free,25,5.99,3,Resolved,The verification code has not arrived yet. Please let me know what information you need.
TKT-10036,CUS-000349,2026-06-04 04:41:41,2026-06-05 12:32:41,In-App Chat,App Bug,App Crash,Free,17,31.85,2,Closed,The app closes every time I try to complete this action. This is disrupting what I need to do.
TKT-10037,CUS-000884,2026-05-30 20:54:08,2026-06-03 20:14:32,WhatsApp,App Bug,Notification Error,Premium,20,95.34,1,Escalated,The notifications are delayed or showing the wrong information. Please resolve this as soon as possible.
TKT-10038,CUS-001129,2026-07-04 20:41:21,2026-07-05 00:25:45,In-App Chat,Account Access,Password Reset,Free,33,3.74,,Resolved,I need help resetting my password. Could someone advise me on the next step?
TKT-10039,CUS-001067,2026-07-05 01:02:28,2026-07-06 06:52:52,In-App Chat,Billing/Refunds,Incorrect Amount,Free,102,29.84,1,Resolved,The amount on my bill does not match what I expected. I have already tried again several times.
TKT-10040,CUS-000193,2026-06-15 19:45:44,2026-06-16 18:19:55,In-App Chat,Feature Request,Dark Mode,Premium,22,22.57,4,Closed,I like the app and would find a dark mode option useful. Thanks for considering the suggestion.
TKT-10041,CUS-000474,2026-08-03 21:17:58,2026-08-05 03:21:34,Email,Delivery Delay,Tracking Not Updated,Enterprise,4,30.06,4,Closed,The tracking status has not changed for a while.
TKT-10042,CUS-000912,2026-06-18 09:57:02,2026-06-23 13:25:14,WhatsApp,App Bug,Page Not Loading,Free,27,123.47,1,Escalated,The page is stuck loading and I cannot continue. I have already tried again several times.
TKT-10043,CUS-000374,2026-07-07 17:21:34,2026-07-08 02:16:10,In-App Chat,Account Access,Account Locked,Free,20,8.91,4,Resolved,My account is locked and I cannot get back in.
TKT-10044,CUS-000577,2026-06-26 01:01:17,2026-06-26 17:18:40,In-App Chat,Billing/Refunds,Payment Failed,Premium,15,16.29,3,Resolved,My payment keeps failing even though my details are correct. This has been very frustrating.
TKT-10045,CUS-000701,2026-07-24 20:04:16,,Email,Feature Request,Dark Mode,Premium,19,,3,Open,I like the app and would find a dark mode option useful. Everything else is working well for me.
TKT-10046,CUS-000024,2026-07-25 10:23:22,2026-07-26 22:19:46,WhatsApp,Feature Request,Export Data,Free,24,35.94,4,Resolved,Could you add a way to export my account data? Everything else is working well for me.
TKT-10047,CUS-000839,2026-07-15 01:53:56,2026-07-15 18:02:20,In-App Chat,Feature Request,New Payment Option,Free,11,16.14,5,Resolved,"It would be helpful to have another payment option. The service has been useful overall, so this would be a great addition."
TKT-10048,CUS-001646,2026-05-18 06:25:04,,WhatsApp,App Bug,App Crash,Free,23,,1,Open,The app closes every time I try to complete this action. I have already tried again several times.
TKT-10049,CUS-000693,2026-07-26 23:18:18,2026-07-28 14:47:06,WhatsApp,Billing/Refunds,Duplicate Charge,Free,24,39.48,3,Resolved,I was charged twice for the same transaction. Please resolve this as soon as possible.
TKT-10050,CUS-000469,2026-07-28 19:29:40,2026-07-29 19:44:40,In-App Chat,Billing/Refunds,Payment Failed,Enterprise,3,24.25,2,Closed,My payment keeps failing even though my details are correct.
TKT-10051,CUS-000434,2026-07-17 20:59:44,2026-07-20 18:53:44,WhatsApp,Billing/Refunds,Incorrect Amount,Premium,7,69.9,,Escalated,The amount on my bill does not match what I expected.
TKT-10052,CUS-000850,2026-06-27 02:03:36,2026-06-28 02:43:48,Social Media,Billing/Refunds,Refund Pending,Free,79,24.67,3,Resolved,My refund is still pending and I need an update. This has been very frustrating.
TKT-10053,CUS-000760,2026-07-06 19:09:16,2026-07-07 17:34:28,Email,Billing/Refunds,Incorrect Amount,Premium,46,22.42,2,Closed,The amount on my bill does not match what I expected. This is disrupting what I need to do.
TKT-10054,CUS-001445,2026-07-22 22:39:33,2026-07-23 18:49:09,Email,Feature Request,New Payment Option,Premium,14,20.16,4,Resolved,It would be helpful to have another payment option. Everything else is working well for me.
TKT-10055,CUS-001077,2026-08-03 14:48:58,2026-08-04 14:53:46,WhatsApp,Billing/Refunds,Duplicate Charge,Free,34,24.08,3,Escalated,I was charged twice for the same transaction.
TKT-10056,CUS-000676,2026-06-09 17:12:45,,WhatsApp,Billing/Refunds,Refund Pending,Premium,6,,,Open,My refund is still pending and I need an update.
TKT-10057,CUS-000652,2026-06-02 20:04:06,2026-06-04 14:04:06,Social Media,Delivery Delay,Tracking Not Updated,Free,99,42.0,,Escalated,The tracking status has not changed for a while. Please resolve this as soon as possible.
TKT-10058,CUS-000903,2026-06-13 13:06:39,2026-06-13 16:09:03,WhatsApp,Account Access,Account Locked,Free,91,3.04,,Resolved,My account is locked and I cannot get back in. Thank you for checking this for me.
TKT-10059,CUS-000434,2026-06-01 02:23:22,2026-06-01 17:01:46,Email,Delivery Delay,Tracking Not Updated,Free,72,14.64,3,Closed,The tracking status has not changed for a while.
TKT-10060,CUS-000703,2026-08-07 18:34:19,,WhatsApp,Account Access,Password Reset,Free,20,,3,Open,I need help resetting my password. Please let me know what information you need.
TKT-10061,CUS-000492,2026-06-24 00:26:38,2026-06-24 12:32:02,WhatsApp,Feature Request,Export Data,Enterprise,4,12.09,4,Closed,Could you add a way to export my account data?
TKT-10062,CUS-000851,2026-05-30 08:04:12,2026-05-31 01:16:12,In-App Chat,Account Access,Account Locked,Free,17,17.2,,Closed,My account is locked and I cannot get back in. Please let me know what information you need.
TKT-10063,CUS-000903,2026-06-24 14:49:38,2026-06-25 05:29:50,In-App Chat,Account Access,Account Locked,Free,22,14.67,,Resolved,My account is locked and I cannot get back in.
TKT-10064,CUS-001426,2026-06-22 07:42:33,2026-06-23 06:17:20,Email,Delivery Delay,Wrong Delivery Address,Free,174,22.58,,Escalated,The delivery address shown for my order is incorrect. This has been very frustrating.
TKT-10065,CUS-000432,2026-06-05 15:38:17,2026-06-07 11:04:41,WhatsApp,App Bug,Notification Error,Free,61,43.44,2,Resolved,The notifications are delayed or showing the wrong information. Please resolve this as soon as possible.
TKT-10066,CUS-001519,2026-06-20 18:54:56,2026-06-23 00:09:56,In-App Chat,App Bug,Page Not Loading,Free,42,53.25,,Resolved,The page is stuck loading and I cannot continue. This is disrupting what I need to do.
TKT-10067,CUS-000881,2026-06-05 18:22:17,,Social Media,App Bug,Login Timeout,Premium,22,,2,Open,I keep getting timed out when I try to sign in. This has been very frustrating.
TKT-10068,CUS-001221,2026-05-29 23:47:38,,In-App Chat,Billing/Refunds,Refund Pending,Free,11,,1,Open,My refund is still pending and I need an update.
TKT-10069,CUS-001024,2026-07-23 08:26:04,,In-App Chat,Delivery Delay,Late Delivery,Free,14,,3,Open,My order is later than the delivery estimate. Please resolve this as soon as possible.
TKT-10070,CUS-001396,2026-06-26 22:12:59,2026-06-27 14:14:47,Email,Billing/Refunds,Duplicate Charge,Free,77,16.03,3,Resolved,I was charged twice for the same transaction. Please resolve this as soon as possible.
TKT-10071,CUS-001124,2026-07-06 19:14:02,2026-07-09 10:06:50,In-App Chat,Billing/Refunds,Payment Failed,Free,11,62.88,2,Resolved,My payment keeps failing even though my details are correct. This is disrupting what I need to do.
TKT-10072,CUS-000019,2026-07-15 23:59:24,2026-07-16 19:52:12,WhatsApp,Billing/Refunds,Refund Pending,Premium,19,19.88,,Resolved,My refund is still pending and I need an update. This has been very frustrating.
TKT-10073,CUS-000659,2026-06-09 22:26:18,2026-06-13 03:07:42,In-App Chat,Delivery Delay,Wrong Delivery Address,Free,38,76.69,3,Resolved,The delivery address shown for my order is incorrect. This has been very frustrating.
TKT-10074,CUS-001581,2026-08-06 02:16:14,2026-08-07 21:51:38,WhatsApp,App Bug,Page Not Loading,Free,47,43.59,1,Escalated,The page is stuck loading and I cannot continue. I have already tried again several times.
TKT-10075,CUS-000757,2026-07-08 23:25:46,2026-07-09 22:13:10,In-App Chat,Account Access,Password Reset,Premium,14,22.79,,Closed,I need help resetting my password. Please let me know what information you need.
TKT-10076,CUS-001394,2026-06-24 09:04:49,2026-06-24 21:15:37,WhatsApp,Delivery Delay,Missing Items,Premium,5,12.18,3,Resolved,Some items were missing when my order arrived. This is disrupting what I need to do.
TKT-10077,CUS-001457,2026-07-22 16:08:04,2026-07-24 06:42:15,Email,Billing/Refunds,Refund Pending,Premium,78,38.57,,Resolved,My refund is still pending and I need an update. Please resolve this as soon as possible.
TKT-10078,CUS-000576,2026-07-03 20:40:40,2026-07-04 14:28:40,In-App Chat,Delivery Delay,Missing Items,Free,9,17.8,,Resolved,Some items were missing when my order arrived. This is disrupting what I need to do.
TKT-10079,CUS-001440,2026-06-19 16:48:27,2026-06-23 18:39:27,In-App Chat,App Bug,Notification Error,Free,21,97.85,2,Escalated,The notifications are delayed or showing the wrong information. This has been very frustrating.
TKT-10080,CUS-000637,2026-06-25 21:46:47,2026-06-27 14:04:10,In-App Chat,Billing/Refunds,Incorrect Amount,Premium,15,40.29,2,Closed,The amount on my bill does not match what I expected. Please resolve this as soon as possible.
TKT-10081,CUS-000055,2026-07-29 16:29:23,2026-07-29 22:55:11,Email,Account Access,Profile Update Failed,Free,93,6.43,,Resolved,I cannot save the changes to my profile. Thank you for checking this for me.
TKT-10082,CUS-001160,2026-07-22 04:22:40,2026-07-22 22:23:16,WhatsApp,Feature Request,Export Data,Premium,7,18.01,4,Resolved,Could you add a way to export my account data?
TKT-10083,CUS-001379,2026-06-11 09:06:38,2026-06-12 15:01:14,Email,App Bug,Page Not Loading,Free,38,29.91,,Resolved,The page is stuck loading and I cannot continue. This has been very frustrating.
TKT-10084,CUS-000757,2026-08-09 04:32:07,2026-08-09 12:53:43,Email,Account Access,Account Locked,Premium,41,8.36,5,Resolved,My account is locked and I cannot get back in. Please let me know what information you need.
TKT-10085,CUS-000322,2026-07-12 07:16:57,,Email,App Bug,Login Timeout,Free,102,,,Open,I keep getting timed out when I try to sign in.
TKT-10086,CUS-001032,2026-08-08 01:44:35,2026-08-08 10:57:11,Email,Account Access,Verification Code Missing,Free,37,9.21,,Closed,The verification code has not arrived yet. Please let me know what information you need.
TKT-10087,CUS-001242,2026-07-11 21:24:27,2026-07-12 16:31:03,Social Media,Account Access,Profile Update Failed,Free,55,19.11,4,Resolved,I cannot save the changes to my profile. I would appreciate an update when possible.
TKT-10088,CUS-001106,2026-07-23 20:10:39,2026-07-24 12:56:15,Email,Account Access,Profile Update Failed,Free,29,16.76,4,Closed,I cannot save the changes to my profile. I would appreciate an update when possible.
TKT-10089,CUS-000607,2026-07-11 14:07:36,2026-07-12 02:44:48,Social Media,Account Access,Verification Code Missing,Premium,29,12.62,4,Resolved,The verification code has not arrived yet.
TKT-10090,CUS-000620,2026-06-01 11:27:56,2026-06-02 16:49:32,WhatsApp,Billing/Refunds,Duplicate Charge,Free,19,29.36,,Resolved,I was charged twice for the same transaction. I have already tried again several times.
TKT-10091,CUS-000907,2026-06-07 05:11:03,2026-06-08 10:47:39,In-App Chat,Account Access,Account Locked,Free,24,29.61,,Closed,My account is locked and I cannot get back in. Could someone advise me on the next step?
TKT-10092,CUS-000348,2026-07-24 21:05:05,2026-07-25 06:00:17,In-App Chat,Account Access,Profile Update Failed,Premium,10,8.92,3,Resolved,I cannot save the changes to my profile. Thank you for checking this for me.
TKT-10093,CUS-001425,2026-08-01 21:20:48,2026-08-02 02:29:12,In-App Chat,Account Access,Password Reset,Premium,22,5.14,,Resolved,I need help resetting my password. Could someone advise me on the next step?
TKT-10094,CUS-000184,2026-06-16 04:54:17,2026-06-21 07:29:04,Email,Billing/Refunds,Payment Failed,Free,86,122.58,1,Escalated,My payment keeps failing even though my details are correct. Please resolve this as soon as possible.
TKT-10095,CUS-000814,2026-07-06 10:48:59,,In-App Chat,App Bug,App Crash,Enterprise,3,,,Open,The app closes every time I try to complete this action. This has been very frustrating.
TKT-10096,CUS-001441,2026-06-01 14:06:02,2026-06-03 16:22:50,WhatsApp,App Bug,Login Timeout,Free,42,50.28,,Resolved,I keep getting timed out when I try to sign in. This has been very frustrating.
TKT-10097,CUS-000874,2026-08-04 18:40:12,2026-08-05 17:14:59,Email,Billing/Refunds,Duplicate Charge,Premium,129,22.58,,Closed,I was charged twice for the same transaction.
TKT-10098,CUS-001285,2026-08-01 07:18:01,2026-08-02 16:49:13,Email,Billing/Refunds,Incorrect Amount,Free,118,33.52,,Resolved,The amount on my bill does not match what I expected. Please resolve this as soon as possible.
TKT-10099,CUS-000419,2026-08-01 04:44:45,2026-08-05 04:14:09,WhatsApp,App Bug,App Crash,Free,32,95.49,2,Closed,The app closes every time I try to complete this action. This is disrupting what I need to do.
TKT-10100,CUS-000751,2026-05-27 23:16:21,2026-05-29 03:07:57,In-App Chat,Delivery Delay,Wrong Delivery Address,Free,14,27.86,2,Resolved,The delivery address shown for my order is incorrect.
TKT-10101,CUS-001198,2026-07-31 22:42:19,2026-08-01 13:26:07,WhatsApp,Billing/Refunds,Incorrect Amount,Free,23,14.73,3,Closed,The amount on my bill does not match what I expected. I have already tried again several times.
TKT-10102,CUS-001490,2026-05-24 05:19:47,2026-05-24 19:59:59,In-App Chat,Delivery Delay,Wrong Delivery Address,Free,35,14.67,,Resolved,The delivery address shown for my order is incorrect. Please resolve this as soon as possible.
TKT-10103,CUS-001082,2026-07-11 02:47:18,,Email,Account Access,Verification Code Missing,Free,43,,3,Open,The verification code has not arrived yet.
TKT-10104,CUS-000419,2026-06-18 18:29:33,2026-06-19 23:51:45,WhatsApp,Delivery Delay,Late Delivery,Premium,15,29.37,2,Escalated,My order is later than the delivery estimate. Please resolve this as soon as possible.
TKT-10105,CUS-000263,2026-07-19 07:03:30,2026-07-19 17:19:06,Social Media,App Bug,App Crash,Free,105,10.26,,Resolved,The app closes every time I try to complete this action. This is disrupting what I need to do.
TKT-10106,CUS-001418,2026-06-10 03:46:22,2026-06-15 11:11:34,WhatsApp,App Bug,Page Not Loading,Free,37,127.42,,Closed,The page is stuck loading and I cannot continue.
TKT-10107,CUS-000916,2026-07-25 21:17:01,2026-07-26 01:02:01,Email,Account Access,Verification Code Missing,Enterprise,6,3.75,,Resolved,The verification code has not arrived yet. Thank you for checking this for me.
TKT-10108,CUS-000339,2026-06-30 19:32:22,2026-07-01 04:11:58,WhatsApp,Feature Request,Dark Mode,Premium,59,8.66,,Closed,I like the app and would find a dark mode option useful. Thanks for considering the suggestion.
TKT-10109,CUS-000813,2026-07-27 20:52:14,2026-07-28 04:33:02,Email,App Bug,Page Not Loading,Enterprise,37,7.68,3,Resolved,The page is stuck loading and I cannot continue. This has been very frustrating.
TKT-10110,CUS-000231,2026-07-15 05:02:16,2026-07-15 20:13:04,Email,Account Access,Profile Update Failed,Free,102,15.18,,Resolved,I cannot save the changes to my profile. Please let me know what information you need.
TKT-10111,CUS-000189,2026-07-01 05:29:16,2026-07-01 16:07:04,In-App Chat,Account Access,Account Locked,Free,51,10.63,3,Closed,My account is locked and I cannot get back in. Could someone advise me on the next step?
TKT-10112,CUS-001539,2026-05-29 20:46:54,2026-05-30 14:00:42,In-App Chat,Delivery Delay,Wrong Delivery Address,Free,20,17.23,3,Resolved,The delivery address shown for my order is incorrect. This has been very frustrating.
TKT-10113,CUS-000898,2026-07-07 19:48:52,2026-07-08 19:45:52,Email,Billing/Refunds,Payment Failed,Free,117,23.95,3,Resolved,My payment keeps failing even though my details are correct. This is disrupting what I need to do.
TKT-10114,CUS-000427,2026-06-22 08:04:41,2026-06-22 20:59:17,In-App Chat,Account Access,Verification Code Missing,Free,18,12.91,,Resolved,The verification code has not arrived yet. I would appreciate an update when possible.
TKT-10115,CUS-001483,2026-06-20 02:27:47,2026-06-21 00:09:47,Social Media,App Bug,Login Timeout,Premium,9,21.7,2,Resolved,I keep getting timed out when I try to sign in.
TKT-10116,CUS-001648,2026-07-23 05:17:53,2026-07-23 09:38:53,WhatsApp,Feature Request,Dark Mode,Free,168,4.35,4,Resolved,I like the app and would find a dark mode option useful. I would be happy to use this feature.
TKT-10117,CUS-001486,2026-06-24 19:58:40,2026-06-25 12:30:28,WhatsApp,App Bug,Page Not Loading,Premium,6,16.53,3,Closed,The page is stuck loading and I cannot continue. I have already tried again several times.
TKT-10118,CUS-001258,2026-06-28 14:43:50,2026-06-29 10:15:38,In-App Chat,App Bug,Login Timeout,Free,28,19.53,,Closed,I keep getting timed out when I try to sign in. Please resolve this as soon as possible.
TKT-10119,CUS-001621,2026-06-08 22:24:15,2026-06-09 14:33:51,WhatsApp,Feature Request,Export Data,Free,40,16.16,,Resolved,Could you add a way to export my account data? Thanks for considering the suggestion.
TKT-10120,CUS-000353,2026-07-20 18:08:10,2026-07-23 05:59:10,In-App Chat,App Bug,Page Not Loading,Free,32,59.85,1,Resolved,The page is stuck loading and I cannot continue. I have already tried again several times.
TKT-10121,CUS-001473,2026-07-13 10:28:48,2026-07-15 17:36:36,Email,Billing/Refunds,Duplicate Charge,Enterprise,12,55.13,,Closed,I was charged twice for the same transaction. This has been very frustrating.
TKT-10122,CUS-000609,2026-06-04 15:43:53,2026-06-05 05:10:53,WhatsApp,Billing/Refunds,Payment Failed,Free,32,13.45,,Closed,My payment keeps failing even though my details are correct. Please resolve this as soon as possible.
TKT-10123,CUS-000064,2026-05-28 09:26:17,2026-06-01 20:24:29,In-App Chat,Billing/Refunds,Refund Pending,Free,25,106.97,1,Escalated,My refund is still pending and I need an update. I have already tried again several times.
TKT-10124,CUS-000064,2026-07-28 16:52:55,2026-07-29 12:48:43,In-App Chat,Billing/Refunds,Incorrect Amount,Free,31,19.93,3,Resolved,The amount on my bill does not match what I expected. This has been very frustrating.
TKT-10125,CUS-000343,2026-06-25 10:28:35,2026-07-01 22:42:23,In-App Chat,App Bug,App Crash,Premium,11,156.23,1,Resolved,The app closes every time I try to complete this action. I have already tried again several times.
TKT-10126,CUS-001313,2026-05-21 08:48:24,2026-05-22 23:48:24,Email,Delivery Delay,Late Delivery,Enterprise,12,39.0,,Closed,My order is later than the delivery estimate.
TKT-10127,CUS-001509,2026-05-28 19:19:53,2026-05-30 17:53:29,WhatsApp,Delivery Delay,Tracking Not Updated,Premium,7,46.56,,Resolved,The tracking status has not changed for a while. Please resolve this as soon as possible.
TKT-10128,CUS-000234,2026-06-21 22:55:50,2026-06-23 12:10:50,In-App Chat,Billing/Refunds,Refund Pending,Premium,37,37.25,,Resolved,My refund is still pending and I need an update.
TKT-10129,CUS-001423,2026-07-07 15:53:14,2026-07-07 23:40:02,In-App Chat,Account Access,Account Locked,Enterprise,5,7.78,5,Resolved,My account is locked and I cannot get back in. Could someone advise me on the next step?
TKT-10130,CUS-001276,2026-06-30 23:00:20,2026-07-02 23:33:20,Email,Billing/Refunds,Payment Failed,Premium,39,48.55,3,Escalated,My payment keeps failing even though my details are correct. This is disrupting what I need to do.
TKT-10131,CUS-000100,2026-08-10 20:10:21,2026-08-11 05:54:09,In-App Chat,Feature Request,Export Data,Free,16,9.73,4,Resolved,Could you add a way to export my account data?
TKT-10132,CUS-001226,2026-07-28 17:05:37,2026-07-29 14:55:25,Social Media,Billing/Refunds,Payment Failed,Free,23,21.83,2,Closed,My payment keeps failing even though my details are correct. I have already tried again several times.
TKT-10133,CUS-000070,2026-06-03 15:53:03,2026-06-04 07:54:15,WhatsApp,Account Access,Password Reset,Free,57,16.02,2,Closed,I need help resetting my password.
TKT-10134,CUS-000451,2026-07-20 17:21:10,2026-07-24 07:37:22,Social Media,App Bug,Notification Error,Free,39,86.27,,Resolved,The notifications are delayed or showing the wrong information. This has been very frustrating.
TKT-10135,CUS-000877,2026-07-11 22:43:00,2026-07-12 18:17:47,WhatsApp,Account Access,Password Reset,Free,49,19.58,3,Escalated,I need help resetting my password.
TKT-10136,CUS-001523,2026-07-21 19:45:02,2026-07-22 23:44:26,Email,App Bug,Login Timeout,Free,32,27.99,3,Closed,I keep getting timed out when I try to sign in. Please resolve this as soon as possible.
TKT-10137,CUS-000190,2026-08-02 02:49:10,2026-08-02 08:52:46,WhatsApp,Delivery Delay,Missing Items,Enterprise,15,6.06,3,Resolved,Some items were missing when my order arrived. This is disrupting what I need to do.
TKT-10138,CUS-000597,2026-07-29 06:47:48,2026-07-30 09:56:48,In-App Chat,Billing/Refunds,Incorrect Amount,Enterprise,7,27.15,2,Closed,The amount on my bill does not match what I expected. This is disrupting what I need to do.
TKT-10139,CUS-000962,2026-06-29 13:20:12,2026-06-30 17:26:12,In-App Chat,Feature Request,Export Data,Free,22,28.1,4,Resolved,"Could you add a way to export my account data? The service has been useful overall, so this would be a great addition."
TKT-10140,CUS-001247,2026-06-23 23:25:47,2026-06-26 11:38:23,Email,App Bug,Page Not Loading,Premium,46,60.21,1,Resolved,The page is stuck loading and I cannot continue. Please resolve this as soon as possible.
TKT-10141,CUS-001531,2026-07-29 15:24:28,2026-08-01 00:42:28,In-App Chat,Delivery Delay,Wrong Delivery Address,Free,36,57.3,,Closed,The delivery address shown for my order is incorrect. This is disrupting what I need to do.
TKT-10142,CUS-000780,2026-06-28 01:49:07,2026-06-29 10:35:55,WhatsApp,Delivery Delay,Missing Items,Free,15,32.78,3,Closed,Some items were missing when my order arrived. This has been very frustrating.
TKT-10143,CUS-001416,2026-05-22 04:34:11,2026-05-22 19:05:23,Social Media,Feature Request,Export Data,Free,122,14.52,4,Resolved,"Could you add a way to export my account data? The service has been useful overall, so this would be a great addition."
TKT-10144,CUS-001035,2026-07-01 05:49:14,,WhatsApp,Billing/Refunds,Refund Pending,Free,45,,2,Open,My refund is still pending and I need an update.
TKT-10145,CUS-000365,2026-06-26 18:02:09,2026-06-27 16:23:45,In-App Chat,App Bug,Notification Error,Free,15,22.36,2,Closed,The notifications are delayed or showing the wrong information. I have already tried again several times.
TKT-10146,CUS-000966,2026-07-09 14:19:45,2026-07-10 17:13:09,Email,Billing/Refunds,Refund Pending,Free,38,26.89,3,Closed,My refund is still pending and I need an update. I have already tried again several times.
TKT-10147,CUS-000547,2026-06-25 23:18:53,2026-06-29 04:06:53,Social Media,Billing/Refunds,Incorrect Amount,Free,80,76.8,2,Resolved,The amount on my bill does not match what I expected.
TKT-10148,CUS-001176,2026-06-26 03:23:09,2026-06-26 08:18:21,In-App Chat,Account Access,Profile Update Failed,Free,26,4.92,5,Resolved,I cannot save the changes to my profile. Could someone advise me on the next step?
TKT-10149,CUS-000491,2026-07-24 21:17:11,2026-07-25 06:26:47,Email,Feature Request,Dark Mode,Enterprise,17,9.16,5,Resolved,I like the app and would find a dark mode option useful. I would be happy to use this feature.
TKT-10150,CUS-000451,2026-06-29 09:09:52,2026-06-30 09:23:40,Email,Feature Request,Export Data,Free,76,24.23,4,Closed,Could you add a way to export my account data? I would be happy to use this feature.
TKT-10151,CUS-001592,2026-07-03 17:13:52,2026-07-04 02:52:16,WhatsApp,Account Access,Account Locked,Free,18,9.64,4,Resolved,My account is locked and I cannot get back in. I would appreciate an update when possible.
TKT-10152,CUS-001523,2026-07-29 10:18:53,2026-07-30 08:07:29,Social Media,Account Access,Password Reset,Free,59,21.81,4,Closed,I need help resetting my password.
TKT-10153,CUS-000757,2026-06-02 04:08:48,2026-06-04 07:19:36,In-App Chat,Delivery Delay,Tracking Not Updated,Free,20,51.18,3,Resolved,The tracking status has not changed for a while. Please resolve this as soon as possible.
TKT-10154,CUS-001289,2026-08-11 16:29:16,2026-08-11 23:59:52,Email,Feature Request,Dark Mode,Free,73,7.51,5,Closed,I like the app and would find a dark mode option useful. I would be happy to use this feature.
TKT-10155,CUS-001640,2026-07-23 23:35:46,2026-07-30 22:45:58,Email,Billing/Refunds,Duplicate Charge,Free,325,167.17,2,Escalated,I was charged twice for the same transaction. This has been very frustrating.
TKT-10156,CUS-000159,2026-06-19 08:05:08,2026-06-19 13:27:20,In-App Chat,Account Access,Account Locked,Premium,18,5.37,,Closed,My account is locked and I cannot get back in.
TKT-10157,CUS-001012,2026-07-01 11:13:45,2026-07-02 10:44:21,Email,Delivery Delay,Late Delivery,Free,132,23.51,4,Closed,My order is later than the delivery estimate. This has been very frustrating.
TKT-10158,CUS-000434,2026-08-06 20:38:51,2026-08-11 23:59:51,In-App Chat,App Bug,App Crash,Premium,57,123.35,1,Escalated,The app closes every time I try to complete this action.
TKT-10159,CUS-001349,2026-07-30 22:50:15,2026-08-04 10:32:15,In-App Chat,App Bug,App Crash,Free,29,107.7,2,Resolved,The app closes every time I try to complete this action. This has been very frustrating.
TKT-10160,CUS-000184,2026-06-14 11:24:09,2026-06-14 19:24:45,Email,Feature Request,Export Data,Free,80,8.01,,Closed,"Could you add a way to export my account data? The service has been useful overall, so this would be a great addition."
TKT-10161,CUS-001335,2026-07-08 09:16:48,,In-App Chat,Feature Request,Dark Mode,Free,15,,,Open,I like the app and would find a dark mode option useful. Everything else is working well for me.
TKT-10162,CUS-000357,2026-06-22 21:12:49,2026-06-23 15:23:37,Email,Feature Request,Dark Mode,Free,56,18.18,,Closed,I like the app and would find a dark mode option useful. Thanks for considering the suggestion.
TKT-10163,CUS-000760,2026-05-19 09:37:13,2026-05-20 12:31:13,In-App Chat,Delivery Delay,Tracking Not Updated,Free,6,26.9,,Resolved,The tracking status has not changed for a while. This has been very frustrating.
TKT-10164,CUS-001370,2026-06-28 13:19:00,,Social Media,Billing/Refunds,Payment Failed,Free,71,,,Open,My payment keeps failing even though my details are correct. This has been very frustrating.
TKT-10165,CUS-000130,2026-07-17 20:42:25,2026-07-22 02:07:01,In-App Chat,App Bug,Login Timeout,Free,11,101.41,2,Resolved,I keep getting timed out when I try to sign in. This is disrupting what I need to do.
TKT-10166,CUS-001557,2026-07-09 09:12:35,2026-07-09 16:55:11,WhatsApp,Account Access,Verification Code Missing,Premium,27,7.71,3,Resolved,The verification code has not arrived yet.
TKT-10167,CUS-000383,2026-07-05 08:30:20,2026-07-06 02:06:56,In-App Chat,Account Access,Profile Update Failed,Free,22,17.61,4,Resolved,I cannot save the changes to my profile. I would appreciate an update when possible.
TKT-10168,CUS-000829,2026-06-22 20:16:05,2026-06-24 23:05:53,Email,App Bug,Login Timeout,Free,81,50.83,2,Resolved,I keep getting timed out when I try to sign in. This is disrupting what I need to do.
TKT-10169,CUS-001234,2026-06-29 07:50:07,2026-06-29 15:17:07,In-App Chat,Account Access,Account Locked,Premium,10,7.45,4,Resolved,My account is locked and I cannot get back in. Thank you for checking this for me.
TKT-10170,CUS-000226,2026-05-17 18:40:09,2026-05-18 07:41:57,In-App Chat,App Bug,Notification Error,Free,54,13.03,3,Resolved,The notifications are delayed or showing the wrong information.
TKT-10171,CUS-001019,2026-07-14 09:40:02,,Email,Delivery Delay,Missing Items,Premium,72,,,Open,Some items were missing when my order arrived.
TKT-10172,CUS-000852,2026-05-15 04:28:55,2026-05-16 14:07:19,WhatsApp,App Bug,Notification Error,Enterprise,6,33.64,2,Resolved,The notifications are delayed or showing the wrong information.
TKT-10173,CUS-000975,2026-06-27 01:30:28,2026-06-28 07:11:52,WhatsApp,App Bug,Notification Error,Enterprise,3,29.69,3,Resolved,The notifications are delayed or showing the wrong information.
TKT-10174,CUS-001122,2026-07-30 17:51:47,2026-08-01 12:06:47,In-App Chat,Billing/Refunds,Duplicate Charge,Free,41,42.25,2,Escalated,I was charged twice for the same transaction. This is disrupting what I need to do.
TKT-10175,CUS-000703,2026-07-30 15:52:11,2026-08-09 08:24:35,In-App Chat,Billing/Refunds,Payment Failed,Free,13,232.54,1,Escalated,My payment keeps failing even though my details are correct. This has been very frustrating.
TKT-10176,CUS-000514,2026-06-19 21:42:24,2026-06-20 20:47:12,Social Media,Delivery Delay,Late Delivery,Free,16,23.08,2,Resolved,My order is later than the delivery estimate. Please resolve this as soon as possible.
TKT-10177,CUS-000339,2026-07-22 00:44:22,2026-07-22 15:31:46,Email,App Bug,Notification Error,Premium,46,14.79,3,Resolved,The notifications are delayed or showing the wrong information.
TKT-10178,CUS-001582,2026-05-27 16:03:49,2026-05-28 05:27:49,In-App Chat,Billing/Refunds,Refund Pending,Premium,22,13.4,,Closed,My refund is still pending and I need an update. I have already tried again several times.
TKT-10179,CUS-000681,2026-07-29 04:44:52,2026-08-01 14:47:16,Social Media,Delivery Delay,Wrong Delivery Address,Free,34,82.04,,Escalated,The delivery address shown for my order is incorrect. This has been very frustrating.
TKT-10180,CUS-000488,2026-08-06 01:33:24,2026-08-06 18:26:12,Email,Account Access,Profile Update Failed,Free,96,16.88,3,Closed,I cannot save the changes to my profile. I would appreciate an update when possible.
TKT-10181,CUS-000100,2026-08-02 12:35:01,2026-08-03 10:21:13,Email,Billing/Refunds,Incorrect Amount,Free,57,21.77,,Resolved,The amount on my bill does not match what I expected.
TKT-10182,CUS-001265,2026-05-31 07:20:58,2026-06-02 15:00:34,In-App Chat,App Bug,App Crash,Free,36,55.66,,Closed,The app closes every time I try to complete this action. This has been very frustrating.
TKT-10183,CUS-000871,2026-08-04 12:40:00,2026-08-06 15:48:24,Email,Billing/Refunds,Payment Failed,Free,147,51.14,,Closed,My payment keeps failing even though my details are correct.
TKT-10184,CUS-000348,2026-06-13 10:11:23,2026-06-13 18:25:47,In-App Chat,Account Access,Password Reset,Enterprise,3,8.24,4,Closed,I need help resetting my password.
TKT-10185,CUS-001503,2026-06-06 18:00:36,2026-06-09 06:55:48,Social Media,App Bug,Notification Error,Free,23,60.92,1,Escalated,The notifications are delayed or showing the wrong information. Please resolve this as soon as possible.
TKT-10186,CUS-001571,2026-05-23 03:49:48,2026-05-25 16:28:12,In-App Chat,Billing/Refunds,Refund Pending,Free,9,60.64,2,Closed,My refund is still pending and I need an update. Please resolve this as soon as possible.
TKT-10187,CUS-001481,2026-06-07 21:02:50,2026-06-09 11:20:50,Social Media,Billing/Refunds,Payment Failed,Enterprise,13,38.3,2,Closed,My payment keeps failing even though my details are correct. I have already tried again several times.
TKT-10188,CUS-000928,2026-07-15 08:09:20,2026-07-15 23:43:31,WhatsApp,Account Access,Account Locked,Free,17,15.57,4,Closed,My account is locked and I cannot get back in. Thank you for checking this for me.
TKT-10189,CUS-000628,2026-06-21 01:55:14,2026-06-21 23:19:50,Social Media,Billing/Refunds,Duplicate Charge,Free,54,21.41,2,Closed,I was charged twice for the same transaction. This has been very frustrating.
TKT-10190,CUS-000295,2026-06-10 04:31:58,2026-06-10 12:33:10,In-App Chat,Delivery Delay,Missing Items,Premium,17,8.02,3,Resolved,Some items were missing when my order arrived. I have already tried again several times.
TKT-10191,CUS-000636,2026-06-02 05:47:28,2026-06-03 11:33:04,In-App Chat,Billing/Refunds,Incorrect Amount,Free,17,29.76,3,Resolved,The amount on my bill does not match what I expected. This is disrupting what I need to do.
TKT-10192,CUS-001025,2026-08-09 08:13:42,2026-08-10 03:25:42,Email,Account Access,Account Locked,Free,67,19.2,,Closed,My account is locked and I cannot get back in. Could someone advise me on the next step?
TKT-10193,CUS-000396,2026-08-01 01:18:09,2026-08-03 17:13:21,Email,App Bug,Notification Error,Premium,63,63.92,1,Closed,The notifications are delayed or showing the wrong information.
TKT-10194,CUS-000776,2026-07-18 03:15:29,2026-07-19 19:29:17,WhatsApp,App Bug,Login Timeout,Premium,9,40.23,2,Resolved,I keep getting timed out when I try to sign in. This has been very frustrating.
TKT-10195,CUS-000957,2026-07-10 17:24:05,2026-07-11 11:24:41,In-App Chat,Billing/Refunds,Refund Pending,Premium,6,18.01,2,Resolved,My refund is still pending and I need an update. Please resolve this as soon as possible.
TKT-10196,CUS-001226,2026-05-26 09:01:26,2026-05-26 19:59:02,WhatsApp,Delivery Delay,Wrong Delivery Address,Enterprise,5,10.96,,Closed,The delivery address shown for my order is incorrect. This has been very frustrating.
TKT-10197,CUS-000165,2026-06-27 13:42:43,2026-06-28 06:21:07,In-App Chat,Feature Request,Export Data,Free,51,16.64,,Closed,Could you add a way to export my account data? I would be happy to use this feature.
TKT-10198,CUS-001454,2026-07-04 17:38:35,2026-07-05 16:55:58,In-App Chat,Billing/Refunds,Payment Failed,Premium,29,23.29,3,Resolved,My payment keeps failing even though my details are correct.
TKT-10199,CUS-000760,2026-06-25 04:21:52,2026-06-27 10:28:28,In-App Chat,Billing/Refunds,Incorrect Amount,Free,22,54.11,,Resolved,The amount on my bill does not match what I expected. This has been very frustrating.
TKT-10200,CUS-000968,2026-06-18 23:00:48,2026-06-19 07:34:59,Social Media,Feature Request,Dark Mode,Premium,13,8.57,4,Resolved,I like the app and would find a dark mode option useful. I would be happy to use this feature.
TKT-10201,CUS-001585,2026-06-30 20:55:16,,In-App Chat,Account Access,Password Reset,Premium,20,,3,Open,I need help resetting my password.
TKT-10202,CUS-000309,2026-06-07 21:28:21,2026-06-16 07:24:45,In-App Chat,Billing/Refunds,Payment Failed,Premium,4,201.94,1,Escalated,My payment keeps failing even though my details are correct. This has been very frustrating.
TKT-10203,CUS-001486,2026-07-22 19:09:07,2026-07-25 17:16:55,Social Media,Billing/Refunds,Payment Failed,Premium,23,70.13,3,Closed,My payment keeps failing even though my details are correct. I have already tried again several times.
TKT-10204,CUS-001359,2026-06-14 11:42:05,2026-06-14 17:12:05,Email,Account Access,Account Locked,Free,72,5.5,5,Resolved,My account is locked and I cannot get back in.
TKT-10205,CUS-001646,2026-08-06 01:23:05,2026-08-08 02:59:05,In-App Chat,Delivery Delay,Missing Items,Premium,24,49.6,,Closed,Some items were missing when my order arrived. Please resolve this as soon as possible.
TKT-10206,CUS-000666,2026-07-22 00:40:40,2026-07-22 05:28:04,In-App Chat,Account Access,Profile Update Failed,Free,55,4.79,3,Resolved,I cannot save the changes to my profile. Please let me know what information you need.
TKT-10207,CUS-000233,2026-05-15 02:23:43,,Email,Feature Request,Notification Controls,Free,41,,,Open,Please add more control over which notifications I receive.
TKT-10208,CUS-000025,2026-06-15 05:46:23,2026-06-16 05:34:59,In-App Chat,App Bug,Notification Error,Premium,12,23.81,1,Resolved,The notifications are delayed or showing the wrong information.
TKT-10209,CUS-001339,2026-05-25 12:57:47,2026-05-26 16:22:23,In-App Chat,App Bug,Login Timeout,Premium,7,27.41,2,Resolved,I keep getting timed out when I try to sign in.
TKT-10210,CUS-000244,2026-06-22 05:23:22,2026-06-24 18:21:34,Email,App Bug,Notification Error,Free,62,60.97,,Closed,The notifications are delayed or showing the wrong information. This has been very frustrating.
TKT-10211,CUS-000526,2026-06-22 17:33:51,2026-06-24 06:41:03,In-App Chat,App Bug,App Crash,Free,34,37.12,2,Resolved,The app closes every time I try to complete this action. Please resolve this as soon as possible.
TKT-10212,CUS-001646,2026-07-02 08:04:09,2026-07-04 09:39:33,Email,Billing/Refunds,Duplicate Charge,Free,60,49.59,2,Closed,I was charged twice for the same transaction. This has been very frustrating.
TKT-10213,CUS-000743,2026-06-11 23:48:05,2026-06-13 03:18:05,In-App Chat,Billing/Refunds,Incorrect Amount,Free,26,27.5,3,Closed,The amount on my bill does not match what I expected. Please resolve this as soon as possible.
TKT-10214,CUS-000408,2026-06-30 02:18:59,2026-07-01 21:40:35,In-App Chat,App Bug,App Crash,Free,42,43.36,2,Resolved,The app closes every time I try to complete this action.
TKT-10215,CUS-001271,2026-07-04 00:40:55,2026-07-04 15:41:31,In-App Chat,Delivery Delay,Wrong Delivery Address,Enterprise,10,15.01,3,Resolved,The delivery address shown for my order is incorrect. This is disrupting what I need to do.
TKT-10216,CUS-000462,2026-06-04 06:20:57,2026-06-04 21:52:09,In-App Chat,Billing/Refunds,Refund Pending,Free,28,15.52,3,Closed,My refund is still pending and I need an update.
TKT-10217,CUS-000877,2026-06-16 19:48:23,2026-06-20 05:58:35,In-App Chat,App Bug,Notification Error,Enterprise,4,82.17,1,Escalated,The notifications are delayed or showing the wrong information. I have already tried again several times.
TKT-10218,CUS-000290,2026-07-07 17:47:58,2026-07-08 03:30:34,In-App Chat,Account Access,Verification Code Missing,Free,12,9.71,,Resolved,The verification code has not arrived yet. I would appreciate an update when possible.
TKT-10219,CUS-000766,2026-08-01 06:14:46,2026-08-01 11:14:10,WhatsApp,Account Access,Profile Update Failed,Premium,41,4.99,4,Resolved,I cannot save the changes to my profile.
TKT-10220,CUS-000196,2026-05-20 12:00:45,2026-05-21 08:08:33,WhatsApp,Delivery Delay,Wrong Delivery Address,Free,46,20.13,2,Closed,The delivery address shown for my order is incorrect.
TKT-10221,CUS-001299,2026-08-07 10:51:28,2026-08-08 00:37:04,In-App Chat,Delivery Delay,Missing Items,Premium,11,13.76,3,Resolved,Some items were missing when my order arrived. Please resolve this as soon as possible.
TKT-10222,CUS-000616,2026-05-26 14:17:45,2026-05-27 08:39:21,Email,Delivery Delay,Missing Items,Premium,36,18.36,3,Closed,Some items were missing when my order arrived. I have already tried again several times.
TKT-10223,CUS-000554,2026-07-16 03:56:32,2026-07-19 11:03:08,Email,Billing/Refunds,Refund Pending,Premium,43,79.11,,Closed,My refund is still pending and I need an update. Please resolve this as soon as possible.
TKT-10224,CUS-001646,2026-07-07 20:01:51,2026-07-11 03:37:51,WhatsApp,App Bug,Login Timeout,Enterprise,9,79.6,3,Resolved,I keep getting timed out when I try to sign in. I have already tried again several times.
TKT-10225,CUS-001398,2026-07-16 13:23:51,2026-07-16 15:41:51,In-App Chat,Account Access,Password Reset,Free,40,2.3,4,Closed,I need help resetting my password. Please let me know what information you need.
TKT-10226,CUS-000916,2026-07-01 18:39:47,2026-07-03 08:27:11,In-App Chat,Billing/Refunds,Payment Failed,Free,63,37.79,2,Resolved,My payment keeps failing even though my details are correct.
TKT-10227,CUS-001590,2026-07-22 07:23:44,2026-07-24 08:56:08,In-App Chat,Billing/Refunds,Refund Pending,Free,27,49.54,3,Resolved,My refund is still pending and I need an update.
TKT-10228,CUS-000376,2026-07-15 17:09:23,2026-07-16 18:18:59,In-App Chat,Billing/Refunds,Payment Failed,Premium,31,25.16,4,Closed,My payment keeps failing even though my details are correct. This has been very frustrating.
TKT-10229,CUS-000957,2026-06-29 16:48:48,,In-App Chat,App Bug,App Crash,Free,44,,2,Open,The app closes every time I try to complete this action.
TKT-10230,CUS-001558,2026-06-25 19:49:58,2026-06-30 10:55:22,WhatsApp,App Bug,Notification Error,Free,32,111.09,1,Closed,The notifications are delayed or showing the wrong information. I have already tried again several times.
TKT-10231,CUS-000949,2026-07-25 03:16:27,2026-07-25 16:07:27,WhatsApp,Billing/Refunds,Duplicate Charge,Free,12,12.85,3,Resolved,I was charged twice for the same transaction. This is disrupting what I need to do.
TKT-10232,CUS-000533,2026-06-10 18:47:05,2026-06-11 22:37:29,In-App Chat,Delivery Delay,Late Delivery,Free,24,27.84,3,Closed,My order is later than the delivery estimate. I have already tried again several times.
TKT-10233,CUS-001368,2026-06-14 03:09:09,2026-06-15 14:21:09,Email,Feature Request,Dark Mode,Premium,90,35.2,3,Resolved,I like the app and would find a dark mode option useful.
TKT-10234,CUS-000249,2026-07-18 02:00:24,2026-07-18 13:25:00,Email,Billing/Refunds,Duplicate Charge,Premium,21,11.41,,Resolved,I was charged twice for the same transaction. This has been very frustrating.
TKT-10235,CUS-000276,2026-07-14 00:51:45,2026-07-14 11:26:32,Email,Feature Request,Dark Mode,Premium,36,10.58,5,Resolved,I like the app and would find a dark mode option useful. Everything else is working well for me.
TKT-10236,CUS-001226,2026-06-19 15:45:45,2026-06-20 09:47:33,Email,Billing/Refunds,Payment Failed,Premium,38,18.03,2,Resolved,My payment keeps failing even though my details are correct. This has been very frustrating.
TKT-10237,CUS-000132,2026-06-25 08:16:58,2026-06-26 05:06:46,In-App Chat,Feature Request,Export Data,Premium,19,20.83,4,Resolved,Could you add a way to export my account data? I would be happy to use this feature.
TKT-10238,CUS-000096,2026-07-20 04:08:23,,WhatsApp,Feature Request,Notification Controls,Free,26,,3,Open,Please add more control over which notifications I receive.
TKT-10239,CUS-000638,2026-08-10 22:07:14,2026-08-11 19:21:02,WhatsApp,Billing/Refunds,Payment Failed,Enterprise,3,21.23,2,Resolved,My payment keeps failing even though my details are correct. This is disrupting what I need to do.
TKT-10240,CUS-000676,2026-07-08 22:27:17,2026-07-11 06:53:05,Email,Delivery Delay,Missing Items,Free,106,56.43,2,Escalated,Some items were missing when my order arrived. I have already tried again several times.
TKT-10241,CUS-000780,2026-07-22 19:02:02,2026-07-23 00:07:26,Email,Feature Request,Dark Mode,Premium,22,5.09,,Closed,"I like the app and would find a dark mode option useful. The service has been useful overall, so this would be a great addition."
TKT-10242,CUS-001247,2026-06-22 00:26:12,2026-06-23 02:16:00,Email,Feature Request,Dark Mode,Premium,11,25.83,4,Resolved,I like the app and would find a dark mode option useful. I would be happy to use this feature.
TKT-10243,CUS-000946,2026-06-08 21:50:34,2026-06-09 09:03:46,In-App Chat,Feature Request,Notification Controls,Free,72,11.22,4,Resolved,Please add more control over which notifications I receive. Thanks for considering the suggestion.
TKT-10244,CUS-001199,2026-05-26 05:38:42,2026-05-26 14:06:18,In-App Chat,Account Access,Verification Code Missing,Free,41,8.46,4,Resolved,The verification code has not arrived yet. I would appreciate an update when possible.
TKT-10245,CUS-000093,2026-08-01 03:52:00,2026-08-03 05:53:12,Email,Billing/Refunds,Refund Pending,Free,239,50.02,3,Resolved,My refund is still pending and I need an update. Please resolve this as soon as possible.
TKT-10246,CUS-000551,2026-07-06 02:14:20,2026-07-07 07:07:44,In-App Chat,Delivery Delay,Missing Items,Free,40,28.89,3,Closed,Some items were missing when my order arrived. I have already tried again several times.
TKT-10247,CUS-001628,2026-08-02 11:18:38,,WhatsApp,Account Access,Verification Code Missing,Enterprise,9,,3,Open,The verification code has not arrived yet.
TKT-10248,CUS-000709,2026-07-22 11:22:42,2026-07-23 21:32:54,Email,Account Access,Account Locked,Free,94,34.17,3,Escalated,My account is locked and I cannot get back in. Please let me know what information you need.
TKT-10249,CUS-000391,2026-05-21 06:10:59,2026-05-22 21:27:47,Email,App Bug,Page Not Loading,Free,66,39.28,2,Resolved,The page is stuck loading and I cannot continue. This has been very frustrating.
TKT-10250,CUS-001646,2026-06-02 08:46:16,2026-06-02 19:46:16,In-App Chat,Account Access,Profile Update Failed,Free,32,11.0,,Resolved,I cannot save the changes to my profile. Could someone advise me on the next step?
TKT-10251,CUS-000696,2026-08-07 05:07:17,2026-08-07 19:57:41,WhatsApp,Billing/Refunds,Duplicate Charge,Free,24,14.84,,Resolved,I was charged twice for the same transaction. This has been very frustrating.
TKT-10252,CUS-000801,2026-06-04 15:20:26,,In-App Chat,Delivery Delay,Tracking Not Updated,Free,12,,3,Open,The tracking status has not changed for a while.
TKT-10253,CUS-000394,2026-07-10 01:35:40,2026-07-12 06:59:04,In-App Chat,Billing/Refunds,Incorrect Amount,Free,19,53.39,,Resolved,The amount on my bill does not match what I expected. This has been very frustrating.
TKT-10254,CUS-001108,2026-06-14 13:37:53,2026-06-15 02:10:17,In-App Chat,Delivery Delay,Tracking Not Updated,Free,51,12.54,,Resolved,The tracking status has not changed for a while.
TKT-10255,CUS-000370,2026-06-26 18:02:40,2026-06-27 11:03:16,Email,Delivery Delay,Late Delivery,Free,35,17.01,,Closed,My order is later than the delivery estimate. This has been very frustrating.
TKT-10256,CUS-001021,2026-08-01 05:58:56,2026-08-02 07:31:56,WhatsApp,App Bug,App Crash,Free,16,25.55,,Closed,The app closes every time I try to complete this action. Please resolve this as soon as possible.
TKT-10257,CUS-001281,2026-06-08 09:05:55,2026-06-09 23:14:55,In-App Chat,App Bug,Notification Error,Free,33,38.15,,Resolved,The notifications are delayed or showing the wrong information. This has been very frustrating.
TKT-10258,CUS-001103,2026-06-20 22:48:03,2026-06-24 05:39:39,WhatsApp,App Bug,App Crash,Premium,12,78.86,2,Closed,The app closes every time I try to complete this action. This is disrupting what I need to do.
TKT-10259,CUS-000163,2026-07-01 20:00:27,2026-07-02 14:55:39,In-App Chat,Feature Request,Dark Mode,Free,31,18.92,4,Resolved,I like the app and would find a dark mode option useful. Everything else is working well for me.
TKT-10260,CUS-000145,2026-07-12 23:07:22,2026-07-13 05:06:10,Email,Delivery Delay,Missing Items,Free,137,5.98,3,Resolved,Some items were missing when my order arrived. This is disrupting what I need to do.
TKT-10261,CUS-001419,2026-07-17 10:10:37,2026-07-18 20:40:37,In-App Chat,App Bug,Page Not Loading,Enterprise,5,34.5,2,Resolved,The page is stuck loading and I cannot continue. Please resolve this as soon as possible.
TKT-10262,CUS-001519,2026-06-25 03:00:07,2026-06-26 01:01:55,Email,Billing/Refunds,Duplicate Charge,Free,50,22.03,,Resolved,I was charged twice for the same transaction. Please resolve this as soon as possible.
TKT-10263,CUS-000243,2026-07-30 16:15:28,,Email,Billing/Refunds,Refund Pending,Free,165,,,Open,My refund is still pending and I need an update. This has been very frustrating.
TKT-10264,CUS-000634,2026-07-21 21:21:36,2026-07-22 23:38:59,Email,App Bug,App Crash,Premium,54,26.29,2,Resolved,The app closes every time I try to complete this action. This is disrupting what I need to do.
TKT-10265,CUS-001106,2026-07-05 03:34:09,2026-07-05 13:46:09,In-App Chat,Feature Request,Export Data,Free,23,10.2,4,Closed,Could you add a way to export my account data? Thanks for considering the suggestion.
TKT-10266,CUS-001409,2026-07-26 06:41:44,2026-07-26 23:20:44,WhatsApp,Delivery Delay,Tracking Not Updated,Premium,15,16.65,3,Resolved,The tracking status has not changed for a while. I have already tried again several times.
TKT-10267,CUS-001523,2026-07-20 10:54:56,2026-07-21 08:59:44,WhatsApp,Billing/Refunds,Refund Pending,Premium,19,22.08,3,Closed,My refund is still pending and I need an update.
TKT-10268,CUS-001169,2026-06-19 19:12:40,,Email,Delivery Delay,Missing Items,Enterprise,10,,1,Open,Some items were missing when my order arrived. Please resolve this as soon as possible.
TKT-10269,CUS-000265,2026-07-10 07:52:07,2026-07-10 22:02:19,Email,App Bug,Notification Error,Enterprise,5,14.17,2,Resolved,The notifications are delayed or showing the wrong information.
TKT-10270,CUS-001291,2026-06-29 15:12:40,,WhatsApp,Delivery Delay,Tracking Not Updated,Free,53,,,Open,The tracking status has not changed for a while. This is disrupting what I need to do.
TKT-10271,CUS-001441,2026-06-11 18:07:04,2026-06-13 13:43:40,In-App Chat,Billing/Refunds,Payment Failed,Premium,16,43.61,3,Closed,My payment keeps failing even though my details are correct.
TKT-10272,CUS-000600,2026-07-22 16:57:18,2026-07-23 14:15:54,WhatsApp,Account Access,Verification Code Missing,Free,8,21.31,3,Closed,The verification code has not arrived yet. I would appreciate an update when possible.
TKT-10273,CUS-000829,2026-08-05 22:31:29,2026-08-06 14:21:53,In-App Chat,Feature Request,Dark Mode,Premium,14,15.84,4,Resolved,I like the app and would find a dark mode option useful. Everything else is working well for me.
TKT-10274,CUS-000305,2026-06-14 12:13:56,2026-06-15 12:03:44,Social Media,Billing/Refunds,Duplicate Charge,Free,128,23.83,,Closed,I was charged twice for the same transaction.
TKT-10275,CUS-000523,2026-07-29 05:55:34,2026-07-29 11:54:22,In-App Chat,Account Access,Verification Code Missing,Free,11,5.98,3,Resolved,The verification code has not arrived yet. Please let me know what information you need.
TKT-10276,CUS-001460,2026-06-26 04:09:37,,In-App Chat,Feature Request,Dark Mode,Free,22,,3,Open,I like the app and would find a dark mode option useful.
TKT-10277,CUS-000159,2026-06-26 06:37:21,,Email,Billing/Refunds,Payment Failed,Free,66,,2,Open,My payment keeps failing even though my details are correct.
TKT-10278,CUS-001287,2026-05-30 02:59:14,2026-05-30 20:37:38,Email,Billing/Refunds,Duplicate Charge,Free,208,17.64,3,Resolved,I was charged twice for the same transaction. I have already tried again several times.
TKT-10279,CUS-000178,2026-06-19 00:52:26,,WhatsApp,Account Access,Verification Code Missing,Free,67,,,Open,The verification code has not arrived yet. Please let me know what information you need.
TKT-10280,CUS-000503,2026-07-06 18:40:16,2026-07-10 12:30:40,WhatsApp,App Bug,Page Not Loading,Enterprise,3,89.84,1,Escalated,The page is stuck loading and I cannot continue. This has been very frustrating.
TKT-10281,CUS-000970,2026-07-10 13:35:47,2026-07-13 12:46:35,In-App Chat,Billing/Refunds,Duplicate Charge,Free,28,71.18,2,Closed,I was charged twice for the same transaction. Please resolve this as soon as possible.
TKT-10282,CUS-000003,2026-06-23 15:53:48,2026-06-25 21:00:24,In-App Chat,App Bug,Page Not Loading,Premium,44,53.11,4,Resolved,The page is stuck loading and I cannot continue. Please resolve this as soon as possible.
TKT-10283,CUS-001141,2026-05-31 07:33:58,2026-06-01 07:20:10,In-App Chat,Delivery Delay,Missing Items,Premium,7,23.77,3,Resolved,Some items were missing when my order arrived. This has been very frustrating.
TKT-10284,CUS-000551,2026-05-31 03:54:51,2026-05-31 16:08:39,Email,App Bug,Page Not Loading,Premium,34,12.23,3,Resolved,The page is stuck loading and I cannot continue. This is disrupting what I need to do.
TKT-10285,CUS-001261,2026-05-16 02:38:31,2026-05-18 04:21:43,Email,App Bug,Notification Error,Free,102,49.72,3,Resolved,The notifications are delayed or showing the wrong information.
TKT-10286,CUS-001637,2026-06-21 21:50:56,,WhatsApp,Delivery Delay,Tracking Not Updated,Premium,11,,2,Open,The tracking status has not changed for a while. This has been very frustrating.
TKT-10287,CUS-000703,2026-08-04 11:38:37,2026-08-04 17:43:25,Social Media,Account Access,Password Reset,Premium,59,6.08,4,Resolved,I need help resetting my password. Thank you for checking this for me.
TKT-10288,CUS-000062,2026-07-19 21:11:41,2026-07-21 19:49:29,In-App Chat,Delivery Delay,Late Delivery,Premium,8,46.63,3,Closed,My order is later than the delivery estimate. I have already tried again several times.
TKT-10289,CUS-001430,2026-06-20 16:05:00,2026-06-21 18:32:00,Email,App Bug,Notification Error,Enterprise,5,26.45,3,Closed,The notifications are delayed or showing the wrong information. I have already tried again several times.
TKT-10290,CUS-000470,2026-06-25 12:29:25,2026-06-26 00:51:01,Email,Feature Request,New Payment Option,Free,54,12.36,4,Closed,It would be helpful to have another payment option. Everything else is working well for me.
TKT-10291,CUS-000268,2026-08-07 09:07:20,2026-08-08 02:45:08,Email,Account Access,Password Reset,Free,112,17.63,,Resolved,I need help resetting my password. Please let me know what information you need.
TKT-10292,CUS-001478,2026-05-29 05:02:12,2026-05-30 03:35:12,In-App Chat,Billing/Refunds,Payment Failed,Premium,6,22.55,,Closed,My payment keeps failing even though my details are correct. This is disrupting what I need to do.
TKT-10293,CUS-000411,2026-07-03 00:07:51,2026-07-03 12:07:51,Email,Feature Request,New Payment Option,Free,90,12.0,5,Closed,"It would be helpful to have another payment option. The service has been useful overall, so this would be a great addition."
TKT-10294,CUS-001010,2026-07-10 15:56:12,2026-07-11 10:07:00,Email,App Bug,Login Timeout,Premium,48,18.18,3,Closed,I keep getting timed out when I try to sign in. I have already tried again several times.
TKT-10295,CUS-000436,2026-06-18 10:34:23,2026-06-19 04:15:47,In-App Chat,Billing/Refunds,Refund Pending,Free,11,17.69,2,Resolved,My refund is still pending and I need an update.
TKT-10296,CUS-001196,2026-07-02 22:20:02,2026-07-03 21:00:50,Social Media,Billing/Refunds,Duplicate Charge,Free,30,22.68,2,Closed,I was charged twice for the same transaction. Please resolve this as soon as possible.
TKT-10297,CUS-001093,2026-07-05 21:19:22,2026-07-06 10:29:34,In-App Chat,Account Access,Profile Update Failed,Free,29,13.17,3,Resolved,I cannot save the changes to my profile. I would appreciate an update when possible.
TKT-10298,CUS-000837,2026-08-03 00:46:17,2026-08-03 20:00:05,Email,Billing/Refunds,Incorrect Amount,Free,115,19.23,,Closed,The amount on my bill does not match what I expected. I have already tried again several times.
TKT-10299,CUS-000920,2026-06-16 01:28:44,2026-06-16 09:32:20,Email,App Bug,App Crash,Enterprise,9,8.06,,Resolved,The app closes every time I try to complete this action. Please resolve this as soon as possible.
TKT-10300,CUS-000398,2026-07-13 01:27:59,2026-07-14 11:24:23,WhatsApp,Billing/Refunds,Payment Failed,Free,37,33.94,,Resolved,My payment keeps failing even though my details are correct. This is disrupting what I need to do.
TKT-10301,CUS-000046,2026-06-28 17:43:25,2026-06-30 21:45:49,In-App Chat,App Bug,App Crash,Premium,9,52.04,1,Escalated,The app closes every time I try to complete this action. I have already tried again several times.
TKT-10302,CUS-001350,2026-07-13 08:21:16,2026-07-14 18:55:27,In-App Chat,App Bug,Login Timeout,Free,36,34.57,2,Resolved,I keep getting timed out when I try to sign in. This is disrupting what I need to do.
TKT-10303,CUS-001494,2026-07-27 18:30:12,,In-App Chat,Account Access,Password Reset,Enterprise,5,,3,Open,I need help resetting my password. Could someone advise me on the next step?
TKT-10304,CUS-001310,2026-07-11 07:38:06,2026-07-15 07:00:54,Email,App Bug,Page Not Loading,Free,59,95.38,,Escalated,The page is stuck loading and I cannot continue. Please resolve this as soon as possible.
TKT-10305,CUS-001186,2026-05-25 12:22:08,2026-05-28 08:42:32,In-App Chat,Billing/Refunds,Duplicate Charge,Free,31,68.34,3,Resolved,I was charged twice for the same transaction.
TKT-10306,CUS-000787,2026-06-16 01:35:29,2026-06-16 10:25:17,Social Media,Account Access,Profile Update Failed,Free,33,8.83,3,Resolved,I cannot save the changes to my profile. Could someone advise me on the next step?
TKT-10307,CUS-000973,2026-06-22 15:01:53,2026-06-25 05:36:40,In-App Chat,App Bug,Login Timeout,Free,31,62.58,2,Resolved,I keep getting timed out when I try to sign in. This has been very frustrating.
TKT-10308,CUS-001160,2026-06-16 08:32:51,,In-App Chat,Account Access,Password Reset,Enterprise,5,,3,Open,I need help resetting my password. Thank you for checking this for me.
TKT-10309,CUS-000055,2026-07-18 08:10:42,2026-07-19 09:15:30,Email,Billing/Refunds,Refund Pending,Enterprise,54,25.08,2,Closed,My refund is still pending and I need an update. This has been very frustrating.
TKT-10310,CUS-000703,2026-06-01 05:04:42,2026-06-01 21:38:53,Social Media,Billing/Refunds,Refund Pending,Free,35,16.57,2,Resolved,My refund is still pending and I need an update. Please resolve this as soon as possible.
TKT-10311,CUS-000395,2026-06-12 22:45:03,2026-06-13 16:30:03,WhatsApp,Billing/Refunds,Payment Failed,Free,31,17.75,2,Resolved,My payment keeps failing even though my details are correct. I have already tried again several times.
TKT-10312,CUS-000615,2026-08-06 12:52:33,2026-08-07 19:30:57,Social Media,App Bug,Page Not Loading,Free,29,30.64,,Resolved,The page is stuck loading and I cannot continue. This has been very frustrating.
TKT-10313,CUS-001261,2026-05-17 13:08:46,2026-05-18 08:50:46,Email,App Bug,Login Timeout,Free,39,19.7,,Closed,I keep getting timed out when I try to sign in. I have already tried again several times.
TKT-10314,CUS-000613,2026-07-03 18:31:41,2026-07-04 17:41:53,Social Media,Delivery Delay,Missing Items,Free,33,23.17,,Resolved,Some items were missing when my order arrived. This has been very frustrating.
TKT-10315,CUS-001244,2026-08-03 04:41:12,2026-08-04 09:58:00,Social Media,App Bug,App Crash,Free,65,29.28,,Resolved,The app closes every time I try to complete this action. This is disrupting what I need to do.
TKT-10316,CUS-001632,2026-08-11 04:01:10,2026-08-11 23:59:58,In-App Chat,Account Access,Verification Code Missing,Free,36,19.98,3,Escalated,The verification code has not arrived yet. I would appreciate an update when possible.
TKT-10317,CUS-001548,2026-07-28 22:02:31,2026-07-29 01:33:43,Email,Account Access,Profile Update Failed,Premium,41,3.52,,Resolved,I cannot save the changes to my profile. Please let me know what information you need.
TKT-10318,CUS-001392,2026-06-28 07:34:30,2026-06-30 02:20:42,Social Media,Billing/Refunds,Duplicate Charge,Free,36,42.77,3,Resolved,I was charged twice for the same transaction.
TKT-10319,CUS-001434,2026-07-13 03:19:22,2026-07-14 09:18:10,In-App Chat,Account Access,Account Locked,Free,17,29.98,3,Closed,My account is locked and I cannot get back in. Could someone advise me on the next step?
TKT-10320,CUS-000669,2026-05-18 17:03:02,,Email,App Bug,Login Timeout,Free,42,,1,Open,I keep getting timed out when I try to sign in. Please resolve this as soon as possible.
TKT-10321,CUS-001226,2026-06-03 08:49:43,2026-06-07 18:07:06,Email,App Bug,Login Timeout,Free,53,105.29,,Resolved,I keep getting timed out when I try to sign in. This is disrupting what I need to do.
TKT-10322,CUS-001125,2026-06-29 09:02:29,,Email,Billing/Refunds,Incorrect Amount,Free,33,,,Open,The amount on my bill does not match what I expected. This is disrupting what I need to do.
TKT-10323,CUS-001643,2026-07-14 23:33:16,2026-07-15 13:41:40,In-App Chat,Delivery Delay,Late Delivery,Premium,25,14.14,4,Resolved,My order is later than the delivery estimate. This has been very frustrating.
TKT-10324,CUS-000958,2026-08-05 04:24:16,2026-08-07 04:20:04,Email,Feature Request,Export Data,Free,232,47.93,,Escalated,Could you add a way to export my account data? Thanks for considering the suggestion.
TKT-10325,CUS-000715,2026-06-24 05:59:45,2026-06-25 02:21:57,WhatsApp,Billing/Refunds,Refund Pending,Premium,5,20.37,2,Resolved,My refund is still pending and I need an update. I have already tried again several times.
TKT-10326,CUS-001413,2026-07-01 17:30:43,2026-07-01 20:51:43,In-App Chat,Account Access,Profile Update Failed,Premium,13,3.35,4,Closed,I cannot save the changes to my profile. Please let me know what information you need.
TKT-10327,CUS-001263,2026-06-29 16:27:48,2026-06-30 15:30:48,In-App Chat,Delivery Delay,Missing Items,Enterprise,5,23.05,3,Resolved,Some items were missing when my order arrived. This has been very frustrating.
TKT-10328,CUS-000229,2026-06-03 05:33:52,,In-App Chat,App Bug,Page Not Loading,Premium,12,,,Open,The page is stuck loading and I cannot continue. Please resolve this as soon as possible.
TKT-10329,CUS-000993,2026-07-27 04:45:35,,In-App Chat,Delivery Delay,Missing Items,Free,16,,,Open,Some items were missing when my order arrived. This is disrupting what I need to do.
TKT-10330,CUS-000986,2026-07-21 22:15:50,2026-07-22 05:06:14,WhatsApp,Account Access,Password Reset,Free,63,6.84,3,Resolved,I need help resetting my password. I would appreciate an update when possible.
TKT-10331,CUS-001062,2026-08-10 15:23:08,2026-08-11 03:33:56,Email,Feature Request,Notification Controls,Free,96,12.18,5,Resolved,Please add more control over which notifications I receive. I would be happy to use this feature.
TKT-10332,CUS-001588,2026-06-20 09:00:05,2026-06-20 20:28:53,In-App Chat,Feature Request,Dark Mode,Enterprise,7,11.48,5,Closed,"I like the app and would find a dark mode option useful. The service has been useful overall, so this would be a great addition."
TKT-10333,CUS-001004,2026-07-02 20:56:53,2026-07-03 16:32:17,In-App Chat,Billing/Refunds,Incorrect Amount,Enterprise,2,19.59,3,Resolved,The amount on my bill does not match what I expected. This has been very frustrating.
TKT-10334,CUS-001460,2026-06-05 00:01:33,2026-06-08 22:11:09,WhatsApp,App Bug,Login Timeout,Free,14,94.16,3,Closed,I keep getting timed out when I try to sign in. Please resolve this as soon as possible.
TKT-10335,CUS-000609,2026-05-28 18:58:56,2026-05-29 00:16:56,In-App Chat,Account Access,Account Locked,Free,30,5.3,,Closed,My account is locked and I cannot get back in. Thank you for checking this for me.
TKT-10336,CUS-000106,2026-07-13 03:12:26,2026-07-14 05:16:38,Social Media,Billing/Refunds,Incorrect Amount,Free,24,26.07,2,Resolved,The amount on my bill does not match what I expected. This has been very frustrating.
TKT-10337,CUS-000633,2026-06-11 22:27:10,2026-06-12 19:24:46,In-App Chat,App Bug,Page Not Loading,Free,44,20.96,,Resolved,The page is stuck loading and I cannot continue. This has been very frustrating.
TKT-10338,CUS-000881,2026-07-23 02:59:04,,In-App Chat,Feature Request,New Payment Option,Enterprise,1,,4,Open,It would be helpful to have another payment option. I would be happy to use this feature.
TKT-10339,CUS-001406,2026-06-16 23:02:19,2026-06-17 19:35:55,Social Media,Billing/Refunds,Duplicate Charge,Free,32,20.56,,Resolved,I was charged twice for the same transaction. Please resolve this as soon as possible.
TKT-10340,CUS-001062,2026-08-08 07:40:18,2026-08-09 18:32:30,In-App Chat,App Bug,Login Timeout,Free,16,34.87,3,Closed,I keep getting timed out when I try to sign in.
TKT-10341,CUS-000743,2026-05-21 15:21:08,2026-05-23 06:10:56,Social Media,Delivery Delay,Late Delivery,Free,35,38.83,5,Resolved,My order is later than the delivery estimate.
TKT-10342,CUS-000769,2026-05-16 12:55:54,2026-05-19 16:10:54,In-App Chat,App Bug,Login Timeout,Free,27,75.25,2,Resolved,I keep getting timed out when I try to sign in. Please resolve this as soon as possible.
TKT-10343,CUS-001648,2026-07-08 21:23:33,2026-07-12 07:22:57,Social Media,App Bug,Notification Error,Free,55,81.99,2,Resolved,The notifications are delayed or showing the wrong information. I have already tried again several times.
TKT-10344,CUS-000251,2026-07-05 07:44:49,2026-07-05 12:06:25,Social Media,Feature Request,New Payment Option,Premium,29,4.36,5,Resolved,It would be helpful to have another payment option. Everything else is working well for me.
TKT-10345,CUS-000368,2026-08-01 09:03:45,2026-08-03 17:22:57,Social Media,App Bug,Page Not Loading,Free,69,56.32,4,Closed,The page is stuck loading and I cannot continue. I have already tried again several times.
TKT-10346,CUS-001048,2026-06-17 16:17:29,2026-06-19 01:35:29,In-App Chat,Billing/Refunds,Payment Failed,Free,21,33.3,3,Resolved,My payment keeps failing even though my details are correct. This is disrupting what I need to do.
TKT-10347,CUS-001175,2026-06-20 12:40:07,2026-06-21 22:22:07,Social Media,Billing/Refunds,Refund Pending,Free,160,33.7,3,Closed,My refund is still pending and I need an update. I have already tried again several times.
TKT-10348,CUS-000671,2026-07-09 10:44:01,2026-07-10 04:11:37,WhatsApp,Feature Request,New Payment Option,Free,79,17.46,4,Closed,It would be helpful to have another payment option.
TKT-10349,CUS-000064,2026-06-06 07:29:19,2026-06-08 19:30:31,In-App Chat,Billing/Refunds,Incorrect Amount,Free,19,60.02,2,Resolved,The amount on my bill does not match what I expected. I have already tried again several times.
TKT-10350,CUS-000860,2026-05-25 11:02:52,2026-05-28 02:47:16,In-App Chat,App Bug,Page Not Loading,Free,21,63.74,,Resolved,The page is stuck loading and I cannot continue. This is disrupting what I need to do.
TKT-10351,CUS-000258,2026-06-29 22:35:01,2026-07-02 08:59:37,WhatsApp,Billing/Refunds,Payment Failed,Free,27,58.41,1,Closed,My payment keeps failing even though my details are correct. I have already tried again several times.
TKT-10352,CUS-000104,2026-07-05 10:57:02,2026-07-07 10:56:26,In-App Chat,App Bug,App Crash,Free,29,47.99,,Closed,The app closes every time I try to complete this action.
TKT-10353,CUS-000591,2026-05-22 15:38:01,2026-05-24 19:08:01,Email,Feature Request,New Payment Option,Premium,19,51.5,4,Closed,It would be helpful to have another payment option. Thanks for considering the suggestion.
TKT-10354,CUS-000243,2026-08-05 14:06:45,2026-08-06 12:49:57,Social Media,App Bug,Login Timeout,Premium,12,22.72,3,Resolved,I keep getting timed out when I try to sign in.
TKT-10355,CUS-000736,2026-06-18 15:06:07,2026-06-19 00:42:07,In-App Chat,Feature Request,New Payment Option,Enterprise,1,9.6,3,Escalated,"It would be helpful to have another payment option. The service has been useful overall, so this would be a great addition."
TKT-10356,CUS-001285,2026-06-10 15:31:58,2026-06-11 15:56:34,Email,Billing/Refunds,Payment Failed,Free,58,24.41,,Resolved,My payment keeps failing even though my details are correct. Please resolve this as soon as possible.
TKT-10357,CUS-000087,2026-06-10 18:19:51,2026-06-12 06:28:51,Email,App Bug,App Crash,Premium,66,36.15,2,Closed,The app closes every time I try to complete this action. Please resolve this as soon as possible.
TKT-10358,CUS-000829,2026-07-07 16:04:18,2026-07-09 05:01:18,In-App Chat,Delivery Delay,Wrong Delivery Address,Premium,10,36.95,,Resolved,The delivery address shown for my order is incorrect. This has been very frustrating.
TKT-10359,CUS-000829,2026-06-21 06:54:14,2026-06-22 14:32:38,WhatsApp,App Bug,Page Not Loading,Free,32,31.64,2,Closed,The page is stuck loading and I cannot continue. Please resolve this as soon as possible.
TKT-10360,CUS-000002,2026-07-23 18:36:24,2026-07-25 17:00:24,In-App Chat,App Bug,Page Not Loading,Free,27,46.4,,Resolved,The page is stuck loading and I cannot continue. This has been very frustrating.
TKT-10361,CUS-001242,2026-06-16 05:47:06,2026-06-16 16:43:30,In-App Chat,Delivery Delay,Wrong Delivery Address,Free,12,10.94,4,Closed,The delivery address shown for my order is incorrect. Please resolve this as soon as possible.
TKT-10362,CUS-000162,2026-06-28 13:28:30,2026-06-30 19:09:18,WhatsApp,App Bug,App Crash,Premium,16,53.68,,Resolved,The app closes every time I try to complete this action. This is disrupting what I need to do.
TKT-10363,CUS-001567,2026-07-01 09:20:51,2026-07-01 20:59:51,In-App Chat,Account Access,Profile Update Failed,Free,40,11.65,4,Closed,I cannot save the changes to my profile. Thank you for checking this for me.
TKT-10364,CUS-001077,2026-07-10 21:10:27,2026-07-11 08:53:03,WhatsApp,Feature Request,Export Data,Free,41,11.71,,Resolved,Could you add a way to export my account data? Everything else is working well for me.
TKT-10365,CUS-000497,2026-06-27 19:01:30,2026-07-01 04:08:42,In-App Chat,Billing/Refunds,Refund Pending,Enterprise,7,81.12,1,Closed,My refund is still pending and I need an update. This is disrupting what I need to do.
TKT-10366,CUS-001553,2026-05-19 02:21:45,2026-05-21 19:16:21,Email,App Bug,App Crash,Free,163,64.91,,Resolved,The app closes every time I try to complete this action. This has been very frustrating.
TKT-10367,CUS-000680,2026-05-22 04:03:22,2026-05-22 14:37:33,In-App Chat,Billing/Refunds,Incorrect Amount,Enterprise,6,10.57,2,Resolved,The amount on my bill does not match what I expected. I have already tried again several times.
TKT-10368,CUS-000445,2026-05-20 22:19:40,2026-05-22 07:08:16,Social Media,App Bug,App Crash,Premium,13,32.81,,Closed,The app closes every time I try to complete this action.
TKT-10369,CUS-000648,2026-07-07 02:19:03,2026-07-11 20:39:27,WhatsApp,Billing/Refunds,Duplicate Charge,Premium,12,114.34,2,Resolved,I was charged twice for the same transaction. Please resolve this as soon as possible.
TKT-10370,CUS-001024,2026-07-01 03:54:08,2026-07-02 03:40:20,WhatsApp,Account Access,Verification Code Missing,Premium,51,23.77,,Resolved,The verification code has not arrived yet. Thank you for checking this for me.
TKT-10371,CUS-001216,2026-07-31 20:42:38,2026-08-06 04:12:38,WhatsApp,Billing/Refunds,Incorrect Amount,Free,41,127.5,1,Escalated,The amount on my bill does not match what I expected. I have already tried again several times.
TKT-10372,CUS-001121,2026-08-01 18:12:37,2026-08-02 00:59:25,Social Media,Account Access,Password Reset,Premium,22,6.78,3,Escalated,I need help resetting my password. Thank you for checking this for me.
TKT-10373,CUS-001544,2026-07-06 19:44:14,2026-07-12 08:31:02,Social Media,Billing/Refunds,Refund Pending,Premium,12,132.78,2,Escalated,My refund is still pending and I need an update.
TKT-10374,CUS-001610,2026-06-09 03:31:22,2026-06-09 23:21:10,Email,App Bug,Page Not Loading,Premium,32,19.83,,Resolved,The page is stuck loading and I cannot continue. I have already tried again several times.
TKT-10375,CUS-000353,2026-07-24 03:30:40,2026-07-27 06:42:40,WhatsApp,App Bug,App Crash,Free,52,75.2,,Resolved,The app closes every time I try to complete this action. This has been very frustrating.
TKT-10376,CUS-001527,2026-07-14 06:42:50,2026-07-14 23:39:14,Email,Delivery Delay,Tracking Not Updated,Free,75,16.94,3,Closed,The tracking status has not changed for a while.
TKT-10377,CUS-000193,2026-06-23 17:59:45,2026-06-25 16:20:09,WhatsApp,App Bug,Page Not Loading,Free,24,46.34,3,Resolved,The page is stuck loading and I cannot continue. This has been very frustrating.
TKT-10378,CUS-001611,2026-07-11 01:53:48,2026-07-12 07:15:24,In-App Chat,App Bug,Notification Error,Free,19,29.36,2,Closed,The notifications are delayed or showing the wrong information. Please resolve this as soon as possible.
TKT-10379,CUS-000445,2026-07-27 03:39:45,2026-07-27 20:46:21,Email,Delivery Delay,Tracking Not Updated,Free,156,17.11,3,Resolved,The tracking status has not changed for a while. I have already tried again several times.
TKT-10380,CUS-000454,2026-06-07 03:06:52,,Social Media,Account Access,Profile Update Failed,Premium,30,,,Open,I cannot save the changes to my profile. Please let me know what information you need.
TKT-10381,CUS-000703,2026-07-05 15:21:41,2026-07-06 04:37:53,In-App Chat,Billing/Refunds,Refund Pending,Premium,15,13.27,4,Closed,My refund is still pending and I need an update. Please resolve this as soon as possible.
TKT-10382,CUS-000335,2026-06-29 07:10:27,2026-07-01 03:58:27,In-App Chat,Feature Request,Export Data,Premium,14,44.8,4,Resolved,Could you add a way to export my account data? Everything else is working well for me.
TKT-10383,CUS-001392,2026-06-08 07:47:28,2026-06-09 03:01:16,WhatsApp,App Bug,Login Timeout,Free,16,19.23,3,Resolved,I keep getting timed out when I try to sign in. Please resolve this as soon as possible.
TKT-10384,CUS-000228,2026-07-21 20:21:35,2026-07-22 11:32:59,Email,Billing/Refunds,Incorrect Amount,Free,88,15.19,3,Resolved,The amount on my bill does not match what I expected. This has been very frustrating.
TKT-10385,CUS-000737,2026-07-02 10:00:51,2026-07-04 12:09:51,In-App Chat,App Bug,Notification Error,Free,45,50.15,,Resolved,The notifications are delayed or showing the wrong information.
TKT-10386,CUS-001522,2026-07-03 10:49:23,2026-07-06 12:16:23,In-App Chat,Billing/Refunds,Duplicate Charge,Free,20,73.45,2,Closed,I was charged twice for the same transaction. Please resolve this as soon as possible.
TKT-10387,CUS-001067,2026-05-30 09:58:07,2026-05-31 09:34:07,Email,Billing/Refunds,Refund Pending,Free,136,23.6,3,Resolved,My refund is still pending and I need an update. I have already tried again several times.
TKT-10388,CUS-001013,2026-08-01 15:50:39,2026-08-02 03:11:39,Email,Delivery Delay,Wrong Delivery Address,Free,104,11.35,,Resolved,The delivery address shown for my order is incorrect. This is disrupting what I need to do.
TKT-10389,CUS-001646,2026-06-13 07:56:19,2026-06-14 00:36:31,WhatsApp,Billing/Refunds,Payment Failed,Free,56,16.67,2,Resolved,My payment keeps failing even though my details are correct. This has been very frustrating.
TKT-10390,CUS-000047,2026-07-20 02:44:29,2026-07-20 16:54:41,WhatsApp,Delivery Delay,Tracking Not Updated,Free,35,14.17,3,Closed,The tracking status has not changed for a while. I have already tried again several times.
TKT-10391,CUS-000554,2026-05-21 09:29:20,2026-05-22 01:57:32,Email,Feature Request,New Payment Option,Free,129,16.47,4,Resolved,It would be helpful to have another payment option. Everything else is working well for me.
TKT-10392,CUS-000229,2026-07-25 03:04:00,2026-07-25 11:53:12,Social Media,Account Access,Account Locked,Free,17,8.82,4,Resolved,My account is locked and I cannot get back in. Could someone advise me on the next step?
TKT-10393,CUS-000339,2026-06-25 05:28:53,,In-App Chat,Delivery Delay,Wrong Delivery Address,Free,24,,3,Open,The delivery address shown for my order is incorrect. This has been very frustrating.
TKT-10394,CUS-000380,2026-08-06 16:27:48,2026-08-07 13:54:12,WhatsApp,Delivery Delay,Tracking Not Updated,Premium,24,21.44,4,Resolved,The tracking status has not changed for a while.
TKT-10395,CUS-001051,2026-05-24 06:20:15,2026-05-25 04:33:27,In-App Chat,Feature Request,Notification Controls,Free,28,22.22,5,Resolved,Please add more control over which notifications I receive. I would be happy to use this feature.
TKT-10396,CUS-000463,2026-08-04 07:52:46,,In-App Chat,App Bug,Notification Error,Free,45,,2,Open,The notifications are delayed or showing the wrong information. This is disrupting what I need to do.
TKT-10397,CUS-001124,2026-05-27 01:21:01,2026-05-27 19:54:01,WhatsApp,Billing/Refunds,Incorrect Amount,Free,30,18.55,,Resolved,The amount on my bill does not match what I expected. Please resolve this as soon as possible.
TKT-10398,CUS-001242,2026-07-21 15:52:53,,WhatsApp,Account Access,Account Locked,Enterprise,4,,,Open,My account is locked and I cannot get back in. Please let me know what information you need.
TKT-10399,CUS-000684,2026-06-24 20:04:12,2026-06-25 06:55:12,In-App Chat,Account Access,Profile Update Failed,Free,8,10.85,,Closed,I cannot save the changes to my profile. Thank you for checking this for me.
TKT-10400,CUS-000881,2026-07-21 07:43:25,2026-07-22 16:45:13,Social Media,Billing/Refunds,Duplicate Charge,Premium,17,33.03,3,Closed,I was charged twice for the same transaction.
TKT-10401,CUS-000236,2026-08-05 08:49:35,2026-08-05 14:54:23,Email,Account Access,Password Reset,Free,103,6.08,5,Resolved,I need help resetting my password. Please let me know what information you need.
TKT-10402,CUS-001271,2026-07-24 09:16:02,2026-07-25 19:12:26,In-App Chat,Billing/Refunds,Refund Pending,Premium,17,33.94,,Resolved,My refund is still pending and I need an update. Please resolve this as soon as possible.
TKT-10403,CUS-000703,2026-07-06 06:14:38,2026-07-06 11:57:14,In-App Chat,Feature Request,New Payment Option,Premium,4,5.71,5,Resolved,"It would be helpful to have another payment option. The service has been useful overall, so this would be a great addition."
TKT-10404,CUS-001409,2026-08-06 11:44:15,2026-08-07 09:47:15,In-App Chat,Billing/Refunds,Payment Failed,Free,48,22.05,4,Resolved,My payment keeps failing even though my details are correct.
TKT-10405,CUS-000870,2026-06-04 23:16:33,2026-06-06 20:17:45,Email,Billing/Refunds,Duplicate Charge,Premium,19,45.02,2,Resolved,I was charged twice for the same transaction. This has been very frustrating.
TKT-10406,CUS-001164,2026-05-26 02:55:06,2026-05-26 20:55:42,Email,Billing/Refunds,Refund Pending,Free,69,18.01,2,Closed,My refund is still pending and I need an update. This has been very frustrating.
TKT-10407,CUS-000609,2026-05-27 17:20:36,2026-05-29 21:47:00,Email,Billing/Refunds,Duplicate Charge,Premium,24,52.44,2,Closed,I was charged twice for the same transaction.
TKT-10408,CUS-000626,2026-08-08 18:05:42,2026-08-09 09:30:18,In-App Chat,App Bug,Login Timeout,Free,30,15.41,3,Resolved,I keep getting timed out when I try to sign in.
TKT-10409,CUS-000732,2026-07-06 04:27:45,2026-07-06 18:18:09,WhatsApp,Billing/Refunds,Duplicate Charge,Free,36,13.84,2,Closed,I was charged twice for the same transaction. Please resolve this as soon as possible.
TKT-10410,CUS-001068,2026-07-03 04:51:39,,Email,App Bug,App Crash,Enterprise,19,,1,Open,The app closes every time I try to complete this action. Please resolve this as soon as possible.
TKT-10411,CUS-000833,2026-06-25 11:52:12,2026-06-26 18:23:24,WhatsApp,Billing/Refunds,Payment Failed,Premium,48,30.52,2,Closed,My payment keeps failing even though my details are correct. Please resolve this as soon as possible.
TKT-10412,CUS-001358,2026-06-26 07:27:07,2026-06-29 00:25:55,In-App Chat,App Bug,Login Timeout,Free,29,64.98,2,Closed,I keep getting timed out when I try to sign in.
TKT-10413,CUS-000102,2026-08-04 22:03:46,2026-08-07 11:10:58,Email,App Bug,Notification Error,Enterprise,9,61.12,,Closed,The notifications are delayed or showing the wrong information. This is disrupting what I need to do.
TKT-10414,CUS-001514,2026-07-10 17:14:59,2026-07-13 15:46:11,WhatsApp,App Bug,App Crash,Free,45,70.52,1,Resolved,The app closes every time I try to complete this action. I have already tried again several times.
TKT-10415,CUS-001553,2026-07-30 18:10:15,2026-08-02 03:43:51,In-App Chat,App Bug,Notification Error,Free,77,57.56,2,Resolved,The notifications are delayed or showing the wrong information. This has been very frustrating.
TKT-10416,CUS-000420,2026-06-20 13:52:47,,In-App Chat,Billing/Refunds,Incorrect Amount,Premium,16,,,Open,The amount on my bill does not match what I expected. I have already tried again several times.
TKT-10417,CUS-000183,2026-07-29 15:25:39,2026-07-30 12:44:51,In-App Chat,Billing/Refunds,Duplicate Charge,Free,41,21.32,3,Closed,I was charged twice for the same transaction. This has been very frustrating.
TKT-10418,CUS-000953,2026-07-08 22:20:38,2026-07-11 05:10:26,In-App Chat,Billing/Refunds,Incorrect Amount,Free,9,54.83,,Closed,The amount on my bill does not match what I expected. This has been very frustrating.
TKT-10419,CUS-000120,2026-08-05 07:28:26,,Email,Delivery Delay,Wrong Delivery Address,Premium,43,,2,Open,The delivery address shown for my order is incorrect. This has been very frustrating.
TKT-10420,CUS-000405,2026-08-05 09:39:30,2026-08-05 17:14:17,In-App Chat,Feature Request,Notification Controls,Free,20,7.58,5,Resolved,Please add more control over which notifications I receive.
TKT-10421,CUS-000834,2026-05-29 14:53:47,2026-05-30 20:04:35,In-App Chat,Feature Request,Export Data,Free,15,29.18,4,Resolved,Could you add a way to export my account data? Thanks for considering the suggestion.
TKT-10422,CUS-001029,2026-07-20 02:41:27,2026-07-20 16:39:39,Email,App Bug,Login Timeout,Free,73,13.97,2,Closed,I keep getting timed out when I try to sign in. This is disrupting what I need to do.
TKT-10423,CUS-000348,2026-06-21 15:20:29,2026-06-22 00:48:05,In-App Chat,Account Access,Password Reset,Premium,11,9.46,4,Resolved,I need help resetting my password. Could someone advise me on the next step?
TKT-10424,CUS-001569,2026-07-06 21:10:21,2026-07-08 13:14:33,In-App Chat,App Bug,App Crash,Free,16,40.07,2,Closed,The app closes every time I try to complete this action. This has been very frustrating.
TKT-10425,CUS-000335,2026-06-16 03:38:48,2026-06-18 04:50:48,Social Media,Delivery Delay,Wrong Delivery Address,Free,49,49.2,,Escalated,The delivery address shown for my order is incorrect. I have already tried again several times.
TKT-10426,CUS-000280,2026-07-11 20:49:56,2026-07-12 18:22:56,In-App Chat,Delivery Delay,Missing Items,Premium,9,21.55,2,Closed,Some items were missing when my order arrived. This has been very frustrating.
TKT-10427,CUS-000296,2026-07-08 22:17:18,2026-07-09 11:09:30,In-App Chat,Delivery Delay,Missing Items,Free,36,12.87,,Resolved,Some items were missing when my order arrived. This has been very frustrating.
TKT-10428,CUS-001560,2026-05-31 12:36:38,2026-06-01 10:22:14,In-App Chat,Feature Request,Notification Controls,Free,27,21.76,4,Closed,Please add more control over which notifications I receive. I would be happy to use this feature.
TKT-10429,CUS-001476,2026-06-04 10:06:07,2026-06-05 15:47:31,In-App Chat,App Bug,App Crash,Premium,13,29.69,,Resolved,The app closes every time I try to complete this action.
TKT-10430,CUS-000064,2026-06-23 17:15:02,,Email,Delivery Delay,Missing Items,Premium,63,,,Open,Some items were missing when my order arrived.
TKT-10431,CUS-001221,2026-07-20 03:51:38,2026-07-22 08:59:26,In-App Chat,Delivery Delay,Late Delivery,Free,33,53.13,3,Resolved,My order is later than the delivery estimate. This has been very frustrating.
TKT-10432,CUS-000137,2026-06-24 17:21:14,2026-06-28 02:15:50,In-App Chat,App Bug,Notification Error,Premium,11,80.91,3,Escalated,The notifications are delayed or showing the wrong information. Please resolve this as soon as possible.
TKT-10433,CUS-000137,2026-08-01 00:52:23,2026-08-01 07:54:47,WhatsApp,Feature Request,Export Data,Premium,4,7.04,5,Resolved,Could you add a way to export my account data?
TKT-10434,CUS-000137,2026-06-07 08:40:19,2026-06-07 23:23:31,WhatsApp,Billing/Refunds,Incorrect Amount,Free,46,14.72,3,Resolved,The amount on my bill does not match what I expected.
TKT-10435,CUS-001397,2026-05-23 19:34:15,2026-05-25 01:52:15,In-App Chat,Feature Request,New Payment Option,Premium,6,30.3,4,Resolved,It would be helpful to have another payment option. I would be happy to use this feature.
TKT-10436,CUS-000709,2026-07-11 14:09:14,2026-07-13 09:17:38,In-App Chat,Delivery Delay,Wrong Delivery Address,Premium,10,43.14,,Resolved,The delivery address shown for my order is incorrect. This is disrupting what I need to do.
TKT-10437,CUS-000922,2026-05-19 22:10:42,2026-05-21 21:48:30,Email,Billing/Refunds,Incorrect Amount,Free,94,47.63,2,Resolved,The amount on my bill does not match what I expected.
TKT-10438,CUS-000063,2026-07-05 03:43:43,2026-07-06 04:39:31,WhatsApp,Account Access,Profile Update Failed,Free,77,24.93,2,Escalated,I cannot save the changes to my profile.
TKT-10439,CUS-001514,2026-06-23 08:27:00,2026-06-27 10:49:48,WhatsApp,Billing/Refunds,Duplicate Charge,Premium,48,98.38,2,Escalated,I was charged twice for the same transaction. This is disrupting what I need to do.
TKT-10440,CUS-001640,2026-07-18 13:42:23,2026-07-19 20:14:47,In-App Chat,Delivery Delay,Wrong Delivery Address,Enterprise,2,30.54,3,Resolved,The delivery address shown for my order is incorrect. This has been very frustrating.
TKT-10441,CUS-000413,2026-05-17 07:42:11,2026-05-18 01:42:11,In-App Chat,Delivery Delay,Wrong Delivery Address,Free,10,18.0,3,Closed,The delivery address shown for my order is incorrect.
TKT-10442,CUS-001108,2026-08-03 09:14:01,2026-08-04 05:21:13,Email,Account Access,Verification Code Missing,Premium,42,20.12,3,Escalated,The verification code has not arrived yet. Thank you for checking this for me.
TKT-10443,CUS-001150,2026-06-27 09:36:14,2026-06-28 09:33:14,WhatsApp,Delivery Delay,Missing Items,Premium,18,23.95,2,Escalated,Some items were missing when my order arrived. This is disrupting what I need to do.
TKT-10444,CUS-001627,2026-07-21 14:27:03,2026-07-22 12:09:03,WhatsApp,Billing/Refunds,Refund Pending,Premium,7,21.7,2,Resolved,My refund is still pending and I need an update. Please resolve this as soon as possible.
TKT-10445,CUS-000809,2026-06-26 15:33:49,2026-06-29 01:33:49,In-App Chat,App Bug,Notification Error,Enterprise,4,58.0,3,Resolved,The notifications are delayed or showing the wrong information. I have already tried again several times.
TKT-10446,CUS-000419,2026-07-20 17:51:20,,Email,App Bug,Login Timeout,Free,108,,2,Open,I keep getting timed out when I try to sign in. Please resolve this as soon as possible.
TKT-10447,CUS-000610,2026-07-21 05:07:23,2026-07-22 11:54:47,In-App Chat,Billing/Refunds,Refund Pending,Free,11,30.79,2,Resolved,My refund is still pending and I need an update. Please resolve this as soon as possible.
TKT-10448,CUS-001077,2026-07-25 12:41:17,2026-07-25 20:00:29,Social Media,App Bug,Notification Error,Free,23,7.32,3,Resolved,The notifications are delayed or showing the wrong information. I have already tried again several times.
TKT-10449,CUS-000788,2026-07-10 12:44:51,2026-07-11 12:29:15,WhatsApp,Billing/Refunds,Payment Failed,Free,23,23.74,3,Closed,My payment keeps failing even though my details are correct. I have already tried again several times.
TKT-10450,CUS-000144,2026-07-22 06:42:31,2026-07-23 19:44:19,Email,App Bug,Page Not Loading,Free,65,37.03,1,Resolved,The page is stuck loading and I cannot continue. This is disrupting what I need to do.
TKT-10451,CUS-001362,2026-06-04 11:15:22,2026-06-07 05:34:34,In-App Chat,App Bug,Login Timeout,Premium,16,66.32,,Escalated,I keep getting timed out when I try to sign in. Please resolve this as soon as possible.
TKT-10452,CUS-001449,2026-07-03 01:07:58,2026-07-03 15:44:34,Email,Delivery Delay,Tracking Not Updated,Enterprise,10,14.61,3,Resolved,The tracking status has not changed for a while.
TKT-10453,CUS-000800,2026-06-24 18:13:27,2026-06-26 19:12:51,Email,App Bug,Page Not Loading,Free,77,48.99,,Closed,The page is stuck loading and I cannot continue.
TKT-10454,CUS-000865,2026-06-02 22:59:17,,WhatsApp,Feature Request,New Payment Option,Premium,62,,4,Open,"It would be helpful to have another payment option. The service has been useful overall, so this would be a great addition."
TKT-10455,CUS-000823,2026-06-03 13:53:20,,In-App Chat,App Bug,App Crash,Free,13,,2,Open,The app closes every time I try to complete this action. Please resolve this as soon as possible.
TKT-10456,CUS-000875,2026-07-29 11:14:11,,WhatsApp,App Bug,Login Timeout,Free,22,,1,Open,I keep getting timed out when I try to sign in.
TKT-10457,CUS-000185,2026-07-09 04:17:27,2026-07-11 17:09:03,In-App Chat,App Bug,Login Timeout,Free,35,60.86,1,Escalated,I keep getting timed out when I try to sign in. I have already tried again several times.
TKT-10458,CUS-000727,2026-08-01 08:44:13,2026-08-05 14:34:01,In-App Chat,App Bug,Login Timeout,Free,43,101.83,1,Resolved,I keep getting timed out when I try to sign in. This is disrupting what I need to do.
TKT-10459,CUS-000752,2026-07-29 01:27:28,,In-App Chat,Billing/Refunds,Incorrect Amount,Free,30,,,Open,The amount on my bill does not match what I expected. This is disrupting what I need to do.
TKT-10460,CUS-001648,2026-06-19 21:56:34,,In-App Chat,App Bug,Login Timeout,Premium,32,,2,Open,I keep getting timed out when I try to sign in. This is disrupting what I need to do.
TKT-10461,CUS-000092,2026-08-03 11:06:13,2026-08-06 04:53:37,In-App Chat,Billing/Refunds,Duplicate Charge,Premium,13,65.79,2,Resolved,I was charged twice for the same transaction. This has been very frustrating.
TKT-10462,CUS-000542,2026-06-28 04:06:00,2026-06-29 01:27:36,Email,App Bug,App Crash,Free,22,21.36,1,Resolved,The app closes every time I try to complete this action. This has been very frustrating.
TKT-10463,CUS-000829,2026-08-01 11:56:54,2026-08-02 03:25:42,In-App Chat,Account Access,Profile Update Failed,Free,24,15.48,3,Resolved,I cannot save the changes to my profile. I would appreciate an update when possible.
TKT-10464,CUS-001426,2026-06-01 17:22:38,2026-06-02 22:02:50,In-App Chat,App Bug,Notification Error,Free,16,28.67,2,Closed,The notifications are delayed or showing the wrong information. This is disrupting what I need to do.
TKT-10465,CUS-000767,2026-07-15 05:33:18,2026-07-16 05:52:30,In-App Chat,Delivery Delay,Tracking Not Updated,Enterprise,9,24.32,,Closed,The tracking status has not changed for a while. Please resolve this as soon as possible.
TKT-10466,CUS-000499,2026-07-18 03:00:08,2026-07-18 21:47:32,In-App Chat,Billing/Refunds,Incorrect Amount,Enterprise,7,18.79,,Resolved,The amount on my bill does not match what I expected. This is disrupting what I need to do.
TKT-10467,CUS-000881,2026-07-13 17:46:54,2026-07-14 18:23:30,WhatsApp,Feature Request,Notification Controls,Free,13,24.61,4,Resolved,Please add more control over which notifications I receive. Thanks for considering the suggestion.
TKT-10468,CUS-000514,2026-07-13 10:44:15,2026-07-14 09:29:51,WhatsApp,Delivery Delay,Late Delivery,Free,78,22.76,,Closed,My order is later than the delivery estimate. Please resolve this as soon as possible.
TKT-10469,CUS-000906,2026-08-04 04:41:12,2026-08-04 14:06:24,In-App Chat,Feature Request,Export Data,Free,41,9.42,3,Resolved,"Could you add a way to export my account data? The service has been useful overall, so this would be a great addition."
TKT-10470,CUS-001160,2026-07-21 20:21:01,,Social Media,Delivery Delay,Wrong Delivery Address,Premium,16,,,Open,The delivery address shown for my order is incorrect. This is disrupting what I need to do.
TKT-10471,CUS-000877,2026-08-07 23:44:10,2026-08-08 22:32:46,Social Media,Billing/Refunds,Incorrect Amount,Free,41,22.81,3,Resolved,The amount on my bill does not match what I expected.
TKT-10472,CUS-001021,2026-08-01 06:15:32,2026-08-01 09:15:32,WhatsApp,Account Access,Password Reset,Free,80,3.0,4,Resolved,I need help resetting my password. I would appreciate an update when possible.
TKT-10473,CUS-000071,2026-06-30 05:56:52,2026-07-01 02:02:16,In-App Chat,Billing/Refunds,Incorrect Amount,Free,7,20.09,3,Resolved,The amount on my bill does not match what I expected. This is disrupting what I need to do.
TKT-10474,CUS-001112,2026-07-13 20:13:36,2026-07-23 20:13:36,In-App Chat,Delivery Delay,Wrong Delivery Address,Free,30,240.0,1,Escalated,The delivery address shown for my order is incorrect. This is disrupting what I need to do.
TKT-10475,CUS-001629,2026-06-02 09:40:22,2026-06-02 18:02:34,Email,Account Access,Password Reset,Free,147,8.37,3,Escalated,I need help resetting my password. I would appreciate an update when possible.
TKT-10476,CUS-000824,2026-08-03 06:42:40,2026-08-04 15:27:04,WhatsApp,Billing/Refunds,Refund Pending,Free,32,32.74,3,Resolved,My refund is still pending and I need an update.
TKT-10477,CUS-001353,2026-05-27 00:53:27,2026-05-27 10:43:15,Social Media,Feature Request,New Payment Option,Premium,30,9.83,5,Resolved,It would be helpful to have another payment option. Everything else is working well for me.
TKT-10478,CUS-000907,2026-07-07 04:36:12,2026-07-10 15:12:12,Email,Billing/Refunds,Incorrect Amount,Free,79,82.6,2,Resolved,The amount on my bill does not match what I expected. This is disrupting what I need to do.
TKT-10479,CUS-001177,2026-06-05 18:43:23,2026-06-05 23:32:35,In-App Chat,Account Access,Profile Update Failed,Free,14,4.82,4,Resolved,I cannot save the changes to my profile. I would appreciate an update when possible.
TKT-10480,CUS-000538,2026-07-07 10:11:15,2026-07-08 13:30:27,Social Media,Delivery Delay,Missing Items,Free,26,27.32,2,Closed,Some items were missing when my order arrived. Please resolve this as soon as possible.
TKT-10481,CUS-001628,2026-06-01 06:24:12,2026-06-03 00:47:36,WhatsApp,Billing/Refunds,Incorrect Amount,Free,52,42.39,2,Resolved,The amount on my bill does not match what I expected. This has been very frustrating.
TKT-10482,CUS-000379,2026-06-12 17:29:38,2026-06-13 00:17:38,Email,Account Access,Account Locked,Premium,23,6.8,5,Resolved,My account is locked and I cannot get back in. I would appreciate an update when possible.
TKT-10483,CUS-000293,2026-07-13 20:05:33,2026-07-14 05:16:21,Email,Delivery Delay,Tracking Not Updated,Enterprise,5,9.18,,Resolved,The tracking status has not changed for a while.
TKT-10484,CUS-000083,2026-07-26 13:30:15,2026-07-27 17:36:51,Email,Billing/Refunds,Incorrect Amount,Free,80,28.11,2,Resolved,The amount on my bill does not match what I expected. Please resolve this as soon as possible.
TKT-10485,CUS-000889,2026-06-19 06:43:55,2026-06-19 13:01:55,Email,Account Access,Profile Update Failed,Premium,25,6.3,4,Resolved,I cannot save the changes to my profile. Please let me know what information you need.
TKT-10486,CUS-001038,2026-07-19 11:19:40,2026-07-20 06:50:16,Email,Billing/Refunds,Payment Failed,Premium,16,19.51,,Resolved,My payment keeps failing even though my details are correct. I have already tried again several times.
TKT-10487,CUS-001096,2026-06-13 09:29:37,2026-06-13 22:26:01,Social Media,Account Access,Profile Update Failed,Premium,21,12.94,3,Resolved,I cannot save the changes to my profile. Please let me know what information you need.
TKT-10488,CUS-000320,2026-08-08 08:01:17,2026-08-09 19:59:29,WhatsApp,Billing/Refunds,Refund Pending,Free,54,35.97,4,Resolved,My refund is still pending and I need an update. This is disrupting what I need to do.
TKT-10489,CUS-001101,2026-07-22 01:04:02,2026-07-22 20:02:14,Email,Feature Request,Notification Controls,Free,75,18.97,,Resolved,Please add more control over which notifications I receive. Everything else is working well for me.
TKT-10490,CUS-000301,2026-06-09 08:47:09,,In-App Chat,Feature Request,Export Data,Free,12,,,Open,Could you add a way to export my account data?
TKT-10491,CUS-001274,2026-05-27 20:45:42,2026-05-29 06:28:18,In-App Chat,Billing/Refunds,Incorrect Amount,Enterprise,5,33.71,2,Resolved,The amount on my bill does not match what I expected. Please resolve this as soon as possible.
TKT-10492,CUS-000471,2026-06-30 14:23:24,2026-07-03 16:45:00,In-App Chat,App Bug,Login Timeout,Free,44,74.36,2,Resolved,I keep getting timed out when I try to sign in. Please resolve this as soon as possible.
TKT-10493,CUS-000703,2026-07-19 19:55:23,2026-07-20 03:42:11,In-App Chat,Account Access,Password Reset,Free,91,7.78,,Resolved,I need help resetting my password. Please let me know what information you need.
TKT-10494,CUS-000618,2026-07-07 05:48:15,2026-07-08 23:14:03,In-App Chat,Delivery Delay,Wrong Delivery Address,Free,56,41.43,,Closed,The delivery address shown for my order is incorrect. Please resolve this as soon as possible.
TKT-10495,CUS-000618,2026-07-27 00:04:03,,Email,App Bug,App Crash,Free,40,,2,Open,The app closes every time I try to complete this action. Please resolve this as soon as possible.
TKT-10496,CUS-001212,2026-05-20 05:29:10,2026-05-20 14:53:10,In-App Chat,Billing/Refunds,Payment Failed,Free,39,9.4,3,Closed,My payment keeps failing even though my details are correct.
TKT-10497,CUS-001648,2026-07-18 18:05:52,2026-07-22 04:21:28,In-App Chat,Billing/Refunds,Incorrect Amount,Premium,12,82.26,2,Closed,The amount on my bill does not match what I expected. I have already tried again several times.
TKT-10498,CUS-000871,2026-07-02 07:17:17,2026-07-03 13:03:29,WhatsApp,Feature Request,Export Data,Free,16,29.77,4,Escalated,"Could you add a way to export my account data? The service has been useful overall, so this would be a great addition."
TKT-10499,CUS-000681,2026-06-22 23:29:36,2026-06-24 08:41:00,In-App Chat,App Bug,Notification Error,Premium,13,33.19,,Resolved,The notifications are delayed or showing the wrong information. Please resolve this as soon as possible.
TKT-10500,CUS-000506,2026-07-10 17:28:06,2026-07-11 15:49:06,Email,Delivery Delay,Missing Items,Premium,112,22.35,,Escalated,Some items were missing when my order arrived. This is disrupting what I need to do.
TKT-10501,CUS-001047,2026-07-26 16:43:14,2026-07-27 13:04:50,WhatsApp,App Bug,App Crash,Free,71,20.36,,Closed,The app closes every time I try to complete this action. I have already tried again several times.
TKT-10502,CUS-000757,2026-06-23 12:44:05,2026-06-23 20:12:53,Email,Feature Request,New Payment Option,Premium,18,7.48,5,Resolved,It would be helpful to have another payment option. Thanks for considering the suggestion.
TKT-10503,CUS-001299,2026-07-14 16:18:32,2026-07-16 09:38:56,In-App Chat,Billing/Refunds,Incorrect Amount,Free,23,41.34,,Resolved,The amount on my bill does not match what I expected. Please resolve this as soon as possible.
TKT-10504,CUS-001013,2026-05-26 13:36:50,2026-05-27 06:56:38,In-App Chat,Billing/Refunds,Refund Pending,Premium,14,17.33,2,Resolved,My refund is still pending and I need an update. Please resolve this as soon as possible.
TKT-10505,CUS-000698,2026-07-03 23:45:44,2026-07-04 09:04:20,Email,Feature Request,Export Data,Premium,12,9.31,5,Resolved,Could you add a way to export my account data?
TKT-10506,CUS-001605,2026-06-15 04:23:50,2026-06-16 03:50:50,Email,Feature Request,Notification Controls,Free,26,23.45,,Escalated,Please add more control over which notifications I receive.
TKT-10507,CUS-000019,2026-07-07 14:30:29,2026-07-10 11:07:41,In-App Chat,App Bug,Page Not Loading,Free,25,68.62,2,Resolved,The page is stuck loading and I cannot continue. I have already tried again several times.
TKT-10508,CUS-001160,2026-07-16 04:36:14,2026-07-19 03:02:02,Email,App Bug,Page Not Loading,Free,83,70.43,2,Closed,The page is stuck loading and I cannot continue.
TKT-10509,CUS-000694,2026-06-21 22:36:45,,Email,App Bug,Notification Error,Free,24,,1,Open,The notifications are delayed or showing the wrong information. I have already tried again several times.
TKT-10510,CUS-000222,2026-07-25 03:12:51,2026-07-27 07:06:51,In-App Chat,App Bug,Page Not Loading,Free,29,51.9,2,Resolved,The page is stuck loading and I cannot continue.
TKT-10511,CUS-000167,2026-06-16 08:58:00,2026-06-17 09:40:00,Email,Billing/Refunds,Incorrect Amount,Free,146,24.7,2,Resolved,The amount on my bill does not match what I expected. This has been very frustrating.
TKT-10512,CUS-001095,2026-07-09 18:27:07,2026-07-10 05:48:07,In-App Chat,Feature Request,New Payment Option,Premium,9,11.35,4,Closed,It would be helpful to have another payment option. Everything else is working well for me.
TKT-10513,CUS-000265,2026-07-07 05:56:11,2026-07-10 06:27:59,In-App Chat,Billing/Refunds,Payment Failed,Free,24,72.53,1,Escalated,My payment keeps failing even though my details are correct. Please resolve this as soon as possible.
TKT-10514,CUS-001436,2026-07-13 06:02:14,2026-07-14 12:42:26,WhatsApp,Delivery Delay,Wrong Delivery Address,Free,48,30.67,,Resolved,The delivery address shown for my order is incorrect. Please resolve this as soon as possible.
TKT-10515,CUS-000539,2026-06-29 06:33:57,2026-06-29 23:32:09,In-App Chat,Billing/Refunds,Payment Failed,Free,30,16.97,3,Resolved,My payment keeps failing even though my details are correct.
TKT-10516,CUS-000591,2026-06-24 03:06:38,2026-06-26 01:34:50,Email,Billing/Refunds,Payment Failed,Free,26,46.47,2,Closed,My payment keeps failing even though my details are correct. This is disrupting what I need to do.
TKT-10517,CUS-001117,2026-06-10 01:06:20,,Email,Account Access,Verification Code Missing,Enterprise,7,,3,Open,The verification code has not arrived yet.
TKT-10518,CUS-000388,2026-08-01 20:00:16,2026-08-03 10:48:52,In-App Chat,App Bug,Login Timeout,Free,18,38.81,2,Resolved,I keep getting timed out when I try to sign in. I have already tried again several times.
TKT-10519,CUS-000009,2026-08-07 17:13:28,2026-08-08 02:36:16,WhatsApp,Account Access,Password Reset,Free,20,9.38,4,Resolved,I need help resetting my password. Could someone advise me on the next step?
TKT-10520,CUS-000751,2026-06-13 23:02:30,,In-App Chat,Billing/Refunds,Payment Failed,Free,57,,2,Open,My payment keeps failing even though my details are correct. This is disrupting what I need to do.
TKT-10521,CUS-000871,2026-07-27 22:24:05,2026-07-28 16:34:53,In-App Chat,Feature Request,Dark Mode,Free,34,18.18,,Resolved,"I like the app and would find a dark mode option useful. The service has been useful overall, so this would be a great addition."
TKT-10522,CUS-000751,2026-06-02 21:28:05,2026-06-03 05:46:05,WhatsApp,Delivery Delay,Missing Items,Free,17,8.3,4,Resolved,Some items were missing when my order arrived. This has been very frustrating.
TKT-10523,CUS-000762,2026-07-23 07:23:33,2026-07-25 16:08:33,Social Media,Delivery Delay,Missing Items,Premium,17,56.75,,Closed,Some items were missing when my order arrived. This has been very frustrating.
TKT-10524,CUS-001124,2026-07-12 09:27:05,2026-07-14 11:45:05,Social Media,Billing/Refunds,Payment Failed,Free,87,50.3,2,Resolved,My payment keeps failing even though my details are correct.
TKT-10525,CUS-001424,2026-07-04 23:09:55,2026-07-05 18:53:43,In-App Chat,App Bug,Login Timeout,Premium,7,19.73,4,Resolved,I keep getting timed out when I try to sign in. Please resolve this as soon as possible.
TKT-10526,CUS-000617,2026-08-08 13:52:50,2026-08-10 09:13:50,In-App Chat,App Bug,Login Timeout,Free,39,43.35,,Closed,I keep getting timed out when I try to sign in. Please resolve this as soon as possible.
TKT-10527,CUS-001336,2026-07-06 21:20:55,2026-07-07 04:00:31,Email,Account Access,Account Locked,Premium,80,6.66,4,Closed,My account is locked and I cannot get back in. Please let me know what information you need.
TKT-10528,CUS-000117,2026-05-30 19:19:08,2026-06-01 12:49:44,In-App Chat,App Bug,Notification Error,Free,49,41.51,2,Resolved,The notifications are delayed or showing the wrong information. This is disrupting what I need to do.
TKT-10529,CUS-000807,2026-08-07 22:39:59,2026-08-09 04:09:59,In-App Chat,Billing/Refunds,Payment Failed,Free,26,29.5,,Resolved,My payment keeps failing even though my details are correct.
TKT-10530,CUS-000636,2026-07-23 11:19:15,2026-07-25 03:14:27,Social Media,App Bug,Login Timeout,Premium,43,39.92,2,Closed,I keep getting timed out when I try to sign in. This has been very frustrating.
TKT-10531,CUS-000777,2026-07-02 22:02:58,2026-07-03 13:45:34,In-App Chat,Billing/Refunds,Incorrect Amount,Premium,8,15.71,4,Closed,The amount on my bill does not match what I expected. I have already tried again several times.
TKT-10532,CUS-000166,2026-05-29 05:08:51,2026-06-01 02:21:27,In-App Chat,App Bug,Page Not Loading,Free,108,69.21,,Escalated,The page is stuck loading and I cannot continue. Please resolve this as soon as possible.
TKT-10533,CUS-000249,2026-06-20 01:37:47,2026-06-21 23:25:47,In-App Chat,Billing/Refunds,Refund Pending,Enterprise,4,45.8,2,Closed,My refund is still pending and I need an update. Please resolve this as soon as possible.
TKT-10534,CUS-000505,2026-07-11 03:27:38,2026-07-12 00:23:26,Email,Billing/Refunds,Duplicate Charge,Premium,69,20.93,,Closed,I was charged twice for the same transaction. I have already tried again several times.
TKT-10535,CUS-000465,2026-05-29 04:13:59,,Email,Account Access,Password Reset,Free,59,,,Open,I need help resetting my password. Could someone advise me on the next step?
TKT-10536,CUS-000650,2026-07-02 05:57:32,2026-07-05 02:50:20,WhatsApp,App Bug,Login Timeout,Premium,21,68.88,3,Escalated,I keep getting timed out when I try to sign in.
TKT-10537,CUS-000761,2026-07-02 02:08:34,2026-07-07 23:28:22,In-App Chat,App Bug,Page Not Loading,Free,32,141.33,,Resolved,The page is stuck loading and I cannot continue. I have already tried again several times.
TKT-10538,CUS-000389,2026-07-14 02:44:52,,In-App Chat,Account Access,Password Reset,Free,13,,4,Open,I need help resetting my password. Please let me know what information you need.
TKT-10539,CUS-001038,2026-08-07 18:48:39,,Email,Delivery Delay,Late Delivery,Free,41,,2,Open,My order is later than the delivery estimate. This has been very frustrating.
TKT-10540,CUS-000634,2026-07-21 09:29:59,2026-07-22 13:20:23,In-App Chat,App Bug,Page Not Loading,Premium,9,27.84,,Resolved,The page is stuck loading and I cannot continue. Please resolve this as soon as possible.
TKT-10541,CUS-000112,2026-07-24 16:39:19,2026-07-25 06:16:31,Email,Account Access,Profile Update Failed,Free,148,13.62,4,Resolved,I cannot save the changes to my profile. Could someone advise me on the next step?
TKT-10542,CUS-000419,2026-07-17 03:54:37,2026-07-17 09:58:49,WhatsApp,Feature Request,Notification Controls,Free,11,6.07,4,Closed,Please add more control over which notifications I receive.
TKT-10543,CUS-000927,2026-06-30 23:44:58,2026-07-01 05:20:22,Email,Account Access,Account Locked,Free,59,5.59,4,Resolved,My account is locked and I cannot get back in. Please let me know what information you need.
TKT-10544,CUS-001013,2026-06-01 13:59:16,2026-06-02 11:09:28,Email,Feature Request,Dark Mode,Free,168,21.17,,Closed,I like the app and would find a dark mode option useful. Everything else is working well for me.
TKT-10545,CUS-001349,2026-05-31 14:54:10,2026-06-02 03:02:34,WhatsApp,Delivery Delay,Missing Items,Enterprise,3,36.14,3,Resolved,Some items were missing when my order arrived. This has been very frustrating.
TKT-10546,CUS-000423,2026-07-25 03:32:26,2026-07-25 21:40:14,In-App Chat,Billing/Refunds,Payment Failed,Premium,23,18.13,,Resolved,My payment keeps failing even though my details are correct. I have already tried again several times.
TKT-10547,CUS-000931,2026-07-28 16:55:50,2026-08-01 07:31:50,WhatsApp,App Bug,Page Not Loading,Free,17,86.6,,Resolved,The page is stuck loading and I cannot continue. This is disrupting what I need to do.
TKT-10548,CUS-000794,2026-06-07 02:30:02,2026-06-07 15:16:14,Email,Account Access,Password Reset,Premium,19,12.77,4,Escalated,I need help resetting my password. Please let me know what information you need.
TKT-10549,CUS-001429,2026-06-27 12:05:16,2026-06-27 13:40:40,Email,Feature Request,Dark Mode,Premium,31,1.59,,Resolved,I like the app and would find a dark mode option useful. Everything else is working well for me.
TKT-10550,CUS-001225,2026-08-07 07:31:35,2026-08-10 01:02:47,WhatsApp,App Bug,Page Not Loading,Free,107,65.52,2,Closed,The page is stuck loading and I cannot continue. I have already tried again several times.
TKT-10551,CUS-000236,2026-07-18 11:15:48,2026-07-20 02:12:48,Email,Billing/Refunds,Incorrect Amount,Free,50,38.95,3,Resolved,The amount on my bill does not match what I expected. I have already tried again several times.
TKT-10552,CUS-001614,2026-05-18 13:39:18,2026-05-19 03:44:06,Email,Account Access,Verification Code Missing,Free,25,14.08,2,Resolved,The verification code has not arrived yet.
TKT-10553,CUS-000607,2026-07-13 16:42:01,2026-07-15 11:21:37,In-App Chat,Billing/Refunds,Payment Failed,Free,10,42.66,,Resolved,My payment keeps failing even though my details are correct. Please resolve this as soon as possible.
TKT-10554,CUS-001608,2026-06-13 17:14:24,2026-06-14 16:51:00,Email,Delivery Delay,Tracking Not Updated,Free,133,23.61,3,Resolved,The tracking status has not changed for a while. Please resolve this as soon as possible.
TKT-10555,CUS-000492,2026-08-10 08:37:57,2026-08-11 14:43:21,Email,App Bug,App Crash,Premium,15,30.09,,Closed,The app closes every time I try to complete this action. This is disrupting what I need to do.
TKT-10556,CUS-000780,2026-07-10 16:11:45,2026-07-11 07:34:33,In-App Chat,Delivery Delay,Wrong Delivery Address,Enterprise,8,15.38,,Closed,The delivery address shown for my order is incorrect. This is disrupting what I need to do.
TKT-10557,CUS-000908,2026-08-08 03:15:35,2026-08-08 19:25:47,Social Media,Delivery Delay,Wrong Delivery Address,Free,45,16.17,3,Resolved,The delivery address shown for my order is incorrect.
TKT-10558,CUS-000119,2026-06-30 20:49:25,2026-07-01 02:48:13,Email,Account Access,Password Reset,Premium,33,5.98,,Resolved,I need help resetting my password. I would appreciate an update when possible.
TKT-10559,CUS-001205,2026-05-22 18:49:48,2026-05-22 21:29:24,Email,Account Access,Profile Update Failed,Enterprise,15,2.66,4,Closed,I cannot save the changes to my profile. Could someone advise me on the next step?
TKT-10560,CUS-000189,2026-06-10 22:52:06,2026-06-11 11:36:30,In-App Chat,Delivery Delay,Tracking Not Updated,Free,14,12.74,4,Closed,The tracking status has not changed for a while.
TKT-10561,CUS-000299,2026-07-07 03:16:24,2026-07-07 22:29:00,Email,Delivery Delay,Wrong Delivery Address,Free,81,19.21,,Resolved,The delivery address shown for my order is incorrect. I have already tried again several times.
TKT-10562,CUS-000499,2026-07-30 14:03:15,2026-07-30 19:49:27,In-App Chat,Delivery Delay,Missing Items,Premium,5,5.77,,Closed,Some items were missing when my order arrived. Please resolve this as soon as possible.
TKT-10563,CUS-001618,2026-07-28 23:09:27,2026-07-29 06:27:27,In-App Chat,Billing/Refunds,Incorrect Amount,Premium,24,7.3,3,Resolved,The amount on my bill does not match what I expected. Please resolve this as soon as possible.
TKT-10564,CUS-001636,2026-06-14 22:58:34,2026-06-15 06:32:45,Email,Account Access,Account Locked,Free,39,7.57,5,Resolved,My account is locked and I cannot get back in. Thank you for checking this for me.
TKT-10565,CUS-000819,2026-06-03 01:58:00,2026-06-04 04:26:12,In-App Chat,Billing/Refunds,Refund Pending,Premium,14,26.47,3,Closed,My refund is still pending and I need an update. I have already tried again several times.
TKT-10566,CUS-000881,2026-06-02 02:51:58,2026-06-03 00:20:46,In-App Chat,Delivery Delay,Wrong Delivery Address,Free,12,21.48,3,Closed,The delivery address shown for my order is incorrect. I have already tried again several times.
TKT-10567,CUS-000378,2026-07-25 17:21:17,2026-07-25 22:19:29,Email,Account Access,Profile Update Failed,Premium,25,4.97,5,Escalated,I cannot save the changes to my profile. Could someone advise me on the next step?
TKT-10568,CUS-000703,2026-05-27 08:24:04,2026-05-30 06:56:28,In-App Chat,App Bug,Notification Error,Premium,8,70.54,1,Resolved,The notifications are delayed or showing the wrong information. Please resolve this as soon as possible.
TKT-10569,CUS-001643,2026-07-10 17:56:24,2026-07-11 06:19:12,WhatsApp,Billing/Refunds,Refund Pending,Free,213,12.38,,Resolved,My refund is still pending and I need an update.
TKT-10570,CUS-001338,2026-06-28 03:45:08,2026-06-29 06:13:56,WhatsApp,App Bug,Page Not Loading,Free,33,26.48,2,Closed,The page is stuck loading and I cannot continue. This has been very frustrating.
TKT-10571,CUS-001166,2026-07-01 06:49:50,2026-07-01 16:59:26,Email,Delivery Delay,Missing Items,Free,45,10.16,,Resolved,Some items were missing when my order arrived. This is disrupting what I need to do.
TKT-10572,CUS-000477,2026-07-10 13:20:03,2026-07-12 06:22:27,WhatsApp,Billing/Refunds,Payment Failed,Enterprise,4,41.04,3,Resolved,My payment keeps failing even though my details are correct. This has been very frustrating.
TKT-10573,CUS-001288,2026-07-22 01:42:53,2026-07-23 07:47:41,WhatsApp,Billing/Refunds,Refund Pending,Enterprise,2,30.08,,Closed,My refund is still pending and I need an update. Please resolve this as soon as possible.
TKT-10574,CUS-001628,2026-07-11 18:37:31,2026-07-12 03:13:31,In-App Chat,Feature Request,Notification Controls,Premium,10,8.6,4,Resolved,Please add more control over which notifications I receive. Everything else is working well for me.
TKT-10575,CUS-001646,2026-06-03 00:04:34,2026-06-03 15:29:10,Social Media,Delivery Delay,Missing Items,Free,136,15.41,,Resolved,Some items were missing when my order arrived. Please resolve this as soon as possible.
TKT-10576,CUS-000998,2026-08-09 17:02:00,2026-08-11 00:38:00,In-App Chat,Billing/Refunds,Incorrect Amount,Free,28,31.6,,Resolved,The amount on my bill does not match what I expected. This has been very frustrating.
TKT-10577,CUS-000295,2026-06-23 02:40:16,,Social Media,App Bug,Notification Error,Free,76,,,Open,The notifications are delayed or showing the wrong information. This is disrupting what I need to do.
TKT-10578,CUS-001626,2026-06-24 03:29:12,2026-06-24 20:40:00,Email,Feature Request,New Payment Option,Free,42,17.18,4,Resolved,It would be helpful to have another payment option. Thanks for considering the suggestion.
TKT-10579,CUS-000889,2026-05-23 10:29:43,2026-05-24 01:51:55,In-App Chat,Delivery Delay,Late Delivery,Free,20,15.37,3,Resolved,My order is later than the delivery estimate. I have already tried again several times.
TKT-10580,CUS-000070,2026-07-03 21:04:29,2026-07-04 07:16:29,In-App Chat,Account Access,Profile Update Failed,Premium,12,10.2,3,Resolved,I cannot save the changes to my profile. Please let me know what information you need.
TKT-10581,CUS-000151,2026-07-24 05:58:24,2026-07-26 04:14:00,WhatsApp,App Bug,Page Not Loading,Free,21,46.26,3,Resolved,The page is stuck loading and I cannot continue. Please resolve this as soon as possible.
TKT-10582,CUS-000963,2026-08-11 07:14:30,2026-08-12 00:00:00,In-App Chat,App Bug,Login Timeout,Premium,14,16.76,3,Resolved,I keep getting timed out when I try to sign in. I have already tried again several times.
TKT-10583,CUS-001409,2026-06-05 03:14:04,2026-06-05 10:23:40,In-App Chat,Billing/Refunds,Incorrect Amount,Enterprise,6,7.16,,Closed,The amount on my bill does not match what I expected. I have already tried again several times.
TKT-10584,CUS-001588,2026-06-28 18:35:01,2026-06-29 09:37:25,In-App Chat,Delivery Delay,Missing Items,Premium,15,15.04,3,Resolved,Some items were missing when my order arrived. Please resolve this as soon as possible.
TKT-10585,CUS-001590,2026-07-11 18:15:23,2026-07-12 06:32:11,Email,Billing/Refunds,Refund Pending,Free,68,12.28,3,Resolved,My refund is still pending and I need an update. This has been very frustrating.
TKT-10586,CUS-000965,2026-08-02 15:31:27,2026-08-03 11:44:39,WhatsApp,Billing/Refunds,Refund Pending,Enterprise,11,20.22,,Resolved,My refund is still pending and I need an update. I have already tried again several times.
TKT-10587,CUS-001640,2026-05-30 15:08:54,2026-05-31 06:05:54,Social Media,Delivery Delay,Tracking Not Updated,Premium,17,14.95,,Resolved,The tracking status has not changed for a while. This is disrupting what I need to do.
TKT-10588,CUS-000271,2026-07-05 23:55:37,2026-07-06 09:43:37,Email,Feature Request,New Payment Option,Free,60,9.8,5,Resolved,"It would be helpful to have another payment option. The service has been useful overall, so this would be a great addition."
TKT-10589,CUS-000172,2026-08-05 20:18:56,2026-08-06 06:17:44,In-App Chat,Delivery Delay,Tracking Not Updated,Premium,26,9.98,3,Closed,The tracking status has not changed for a while. I have already tried again several times.
TKT-10590,CUS-000063,2026-06-22 12:30:07,2026-06-25 10:04:54,In-App Chat,App Bug,App Crash,Premium,5,69.58,2,Closed,The app closes every time I try to complete this action. Please resolve this as soon as possible.
TKT-10591,CUS-001300,2026-07-29 00:47:31,2026-07-30 09:30:07,Email,App Bug,Login Timeout,Free,26,32.71,,Closed,I keep getting timed out when I try to sign in. Please resolve this as soon as possible.
TKT-10592,CUS-001534,2026-08-03 20:55:11,2026-08-09 13:34:11,WhatsApp,App Bug,App Crash,Free,20,136.65,2,Resolved,The app closes every time I try to complete this action. This has been very frustrating.
TKT-10593,CUS-001414,2026-06-20 18:12:49,2026-06-24 15:35:37,Social Media,App Bug,Login Timeout,Free,55,93.38,1,Escalated,I keep getting timed out when I try to sign in. I have already tried again several times.
TKT-10594,CUS-001583,2026-07-03 03:22:07,2026-07-03 17:05:55,Email,Account Access,Profile Update Failed,Free,165,13.73,4,Closed,I cannot save the changes to my profile. I would appreciate an update when possible.
TKT-10595,CUS-000905,2026-07-05 23:03:32,2026-07-07 04:23:20,Email,App Bug,Notification Error,Premium,23,29.33,,Resolved,The notifications are delayed or showing the wrong information. This has been very frustrating.
TKT-10596,CUS-001288,2026-06-24 21:39:17,2026-06-25 08:51:17,Email,Account Access,Account Locked,Free,229,11.2,4,Resolved,My account is locked and I cannot get back in. Please let me know what information you need.
TKT-10597,CUS-000582,2026-07-16 02:38:35,2026-07-17 10:18:11,Email,Feature Request,Notification Controls,Free,76,31.66,5,Closed,"Please add more control over which notifications I receive. The service has been useful overall, so this would be a great addition."
TKT-10598,CUS-001289,2026-06-18 17:59:29,2026-06-19 20:07:53,Email,Feature Request,Notification Controls,Free,69,26.14,,Resolved,Please add more control over which notifications I receive. I would be happy to use this feature.
TKT-10599,CUS-001271,2026-07-21 16:36:37,2026-07-22 02:49:49,Social Media,Billing/Refunds,Incorrect Amount,Free,26,10.22,3,Resolved,The amount on my bill does not match what I expected.
TKT-10600,CUS-000732,2026-06-20 23:38:42,2026-06-23 21:32:42,Email,App Bug,App Crash,Free,249,69.9,,Closed,The app closes every time I try to complete this action. This is disrupting what I need to do.
TKT-10601,CUS-000079,2026-06-03 14:14:52,2026-06-05 04:14:16,WhatsApp,Billing/Refunds,Payment Failed,Free,31,37.99,3,Resolved,My payment keeps failing even though my details are correct. This is disrupting what I need to do.
TKT-10602,CUS-000455,2026-07-06 00:10:16,,Email,App Bug,Page Not Loading,Free,33,,1,Open,The page is stuck loading and I cannot continue.
TKT-10603,CUS-001487,2026-06-10 00:20:56,2026-06-13 22:34:44,In-App Chat,App Bug,Login Timeout,Free,106,94.23,2,Resolved,I keep getting timed out when I try to sign in. Please resolve this as soon as possible.
TKT-10604,CUS-000977,2026-07-12 08:36:20,2026-07-15 01:14:44,In-App Chat,Billing/Refunds,Incorrect Amount,Premium,13,64.64,1,Resolved,The amount on my bill does not match what I expected. This is disrupting what I need to do.
TKT-10605,CUS-000693,2026-06-16 07:47:48,2026-06-17 08:01:00,Email,Delivery Delay,Missing Items,Enterprise,20,24.22,,Resolved,Some items were missing when my order arrived. This is disrupting what I need to do.
TKT-10606,CUS-001598,2026-06-22 08:33:15,2026-06-23 10:00:51,Email,App Bug,Page Not Loading,Free,211,25.46,2,Resolved,The page is stuck loading and I cannot continue. This is disrupting what I need to do.
TKT-10607,CUS-000617,2026-08-02 07:19:17,2026-08-03 01:24:41,Email,Feature Request,New Payment Option,Free,109,18.09,4,Escalated,It would be helpful to have another payment option.
TKT-10608,CUS-000567,2026-06-11 11:32:51,2026-06-16 07:10:03,Social Media,Billing/Refunds,Incorrect Amount,Free,79,115.62,,Escalated,The amount on my bill does not match what I expected. I have already tried again several times.
TKT-10609,CUS-001294,2026-06-11 19:03:43,,In-App Chat,Billing/Refunds,Refund Pending,Free,24,,2,Open,My refund is still pending and I need an update.
TKT-10610,CUS-000607,2026-08-02 03:10:01,2026-08-02 13:55:37,Email,App Bug,Notification Error,Free,117,10.76,,Resolved,The notifications are delayed or showing the wrong information.
TKT-10611,CUS-000752,2026-07-28 02:53:33,2026-07-29 15:10:21,Social Media,Billing/Refunds,Refund Pending,Enterprise,7,36.28,,Resolved,My refund is still pending and I need an update.
TKT-10612,CUS-001215,2026-07-11 20:32:23,2026-07-12 16:42:35,Email,Billing/Refunds,Refund Pending,Premium,34,20.17,3,Resolved,My refund is still pending and I need an update. This is disrupting what I need to do.
TKT-10613,CUS-000716,2026-07-16 21:43:50,2026-07-17 02:33:02,Email,Feature Request,Notification Controls,Free,80,4.82,,Resolved,"Please add more control over which notifications I receive. The service has been useful overall, so this would be a great addition."
TKT-10614,CUS-000561,2026-06-12 04:58:18,,In-App Chat,Billing/Refunds,Refund Pending,Enterprise,3,,,Open,My refund is still pending and I need an update. This is disrupting what I need to do.
TKT-10615,CUS-000030,2026-07-10 22:51:30,2026-07-12 23:06:30,Email,Billing/Refunds,Refund Pending,Free,102,48.25,,Resolved,My refund is still pending and I need an update. Please resolve this as soon as possible.
TKT-10616,CUS-001443,2026-07-10 04:37:45,2026-07-10 12:07:09,Social Media,Account Access,Verification Code Missing,Free,59,7.49,4,Resolved,The verification code has not arrived yet.
TKT-10617,CUS-000870,2026-07-28 00:26:10,2026-07-28 19:20:10,WhatsApp,App Bug,Login Timeout,Free,56,18.9,,Resolved,I keep getting timed out when I try to sign in. Please resolve this as soon as possible.
TKT-10618,CUS-001432,2026-07-31 23:07:59,2026-08-02 05:21:47,Email,Account Access,Password Reset,Free,111,30.23,4,Closed,I need help resetting my password. Thank you for checking this for me.
TKT-10619,CUS-001036,2026-07-30 04:49:30,2026-07-31 00:16:30,In-App Chat,App Bug,Login Timeout,Premium,36,19.45,,Resolved,I keep getting timed out when I try to sign in.
TKT-10620,CUS-000357,2026-07-20 20:48:57,2026-07-22 23:17:09,Social Media,Delivery Delay,Tracking Not Updated,Free,83,50.47,3,Closed,The tracking status has not changed for a while. This has been very frustrating.
TKT-10621,CUS-000613,2026-07-21 17:02:04,2026-07-22 04:53:40,Social Media,Billing/Refunds,Payment Failed,Premium,17,11.86,,Closed,My payment keeps failing even though my details are correct.
TKT-10622,CUS-000703,2026-07-05 10:52:07,2026-07-10 07:20:19,In-App Chat,App Bug,Login Timeout,Free,31,116.47,1,Escalated,I keep getting timed out when I try to sign in. This has been very frustrating.
TKT-10623,CUS-001246,2026-06-29 07:40:39,2026-06-29 15:28:39,WhatsApp,Account Access,Account Locked,Enterprise,13,7.8,3,Resolved,My account is locked and I cannot get back in. I would appreciate an update when possible.
TKT-10624,CUS-000905,2026-05-31 21:50:08,2026-06-02 02:38:08,In-App Chat,Delivery Delay,Missing Items,Premium,6,28.8,3,Resolved,Some items were missing when my order arrived. This has been very frustrating.
TKT-10625,CUS-001069,2026-08-11 21:22:40,2026-08-11 23:59:52,In-App Chat,App Bug,Notification Error,Free,80,2.62,2,Resolved,The notifications are delayed or showing the wrong information. I have already tried again several times.
TKT-10626,CUS-001271,2026-08-10 17:13:24,2026-08-11 08:14:36,In-App Chat,Account Access,Verification Code Missing,Free,14,15.02,4,Escalated,The verification code has not arrived yet.
TKT-10627,CUS-000467,2026-07-16 07:38:19,,In-App Chat,Billing/Refunds,Refund Pending,Enterprise,7,,,Open,My refund is still pending and I need an update. I have already tried again several times.
TKT-10628,CUS-001483,2026-07-21 14:18:43,2026-07-22 06:01:55,WhatsApp,Billing/Refunds,Payment Failed,Free,34,15.72,2,Closed,My payment keeps failing even though my details are correct. This has been very frustrating.
TKT-10629,CUS-000757,2026-05-25 17:23:13,2026-05-26 06:11:13,Email,Billing/Refunds,Duplicate Charge,Free,72,12.8,3,Resolved,I was charged twice for the same transaction.
TKT-10630,CUS-001119,2026-06-28 20:13:37,2026-06-29 08:38:13,In-App Chat,Delivery Delay,Tracking Not Updated,Premium,5,12.41,4,Resolved,The tracking status has not changed for a while. This has been very frustrating.
TKT-10631,CUS-000385,2026-07-19 00:45:27,2026-07-21 06:43:03,Email,App Bug,Login Timeout,Free,131,53.96,,Closed,I keep getting timed out when I try to sign in. I have already tried again several times.
TKT-10632,CUS-000413,2026-07-05 07:06:02,2026-07-07 14:58:14,Email,Delivery Delay,Tracking Not Updated,Free,33,55.87,2,Resolved,The tracking status has not changed for a while. Please resolve this as soon as possible.
TKT-10633,CUS-001235,2026-06-10 00:20:21,2026-06-14 06:23:21,In-App Chat,Billing/Refunds,Duplicate Charge,Free,9,102.05,,Closed,I was charged twice for the same transaction.
TKT-10634,CUS-000600,2026-07-10 12:07:07,2026-07-12 09:11:55,In-App Chat,Delivery Delay,Tracking Not Updated,Free,47,45.08,2,Escalated,The tracking status has not changed for a while.
TKT-10635,CUS-001470,2026-06-13 04:21:03,2026-06-14 05:34:15,Email,Delivery Delay,Late Delivery,Free,226,25.22,3,Resolved,My order is later than the delivery estimate. This is disrupting what I need to do.
TKT-10636,CUS-001124,2026-07-12 08:38:40,2026-07-14 09:50:40,In-App Chat,Billing/Refunds,Duplicate Charge,Free,15,49.2,,Resolved,I was charged twice for the same transaction. Please resolve this as soon as possible.
TKT-10637,CUS-001124,2026-06-21 11:23:50,2026-06-23 07:46:38,Social Media,Billing/Refunds,Refund Pending,Free,80,44.38,,Resolved,My refund is still pending and I need an update.
TKT-10638,CUS-000641,2026-06-22 12:37:01,2026-06-23 14:25:37,In-App Chat,Billing/Refunds,Payment Failed,Free,38,25.81,,Resolved,My payment keeps failing even though my details are correct.
TKT-10639,CUS-001517,2026-06-17 11:59:49,2026-06-18 14:55:01,Social Media,Delivery Delay,Late Delivery,Free,41,26.92,4,Closed,My order is later than the delivery estimate. This has been very frustrating.
TKT-10640,CUS-001590,2026-08-09 14:06:02,2026-08-10 08:13:14,WhatsApp,Billing/Refunds,Refund Pending,Enterprise,13,18.12,3,Resolved,My refund is still pending and I need an update. This has been very frustrating.
TKT-10641,CUS-000445,2026-06-13 08:38:30,2026-06-13 16:46:54,In-App Chat,Account Access,Account Locked,Free,21,8.14,3,Resolved,My account is locked and I cannot get back in. I would appreciate an update when possible.
TKT-10642,CUS-000849,2026-07-27 12:10:58,2026-07-28 16:48:46,In-App Chat,App Bug,Notification Error,Free,32,28.63,2,Resolved,The notifications are delayed or showing the wrong information. This is disrupting what I need to do.
TKT-10643,CUS-001522,2026-07-25 00:42:11,2026-07-25 20:24:47,WhatsApp,Delivery Delay,Late Delivery,Free,15,19.71,3,Resolved,My order is later than the delivery estimate. This has been very frustrating.
TKT-10644,CUS-000184,2026-07-16 02:24:42,2026-07-17 06:02:30,Email,App Bug,App Crash,Premium,16,27.63,2,Closed,The app closes every time I try to complete this action. This is disrupting what I need to do.
TKT-10645,CUS-000514,2026-07-14 12:51:22,2026-07-15 10:53:10,Email,App Bug,Page Not Loading,Free,154,22.03,,Closed,The page is stuck loading and I cannot continue. Please resolve this as soon as possible.
TKT-10646,CUS-001608,2026-06-19 14:29:43,2026-06-20 13:12:55,In-App Chat,Feature Request,Notification Controls,Free,32,22.72,4,Resolved,Please add more control over which notifications I receive.
TKT-10647,CUS-000812,2026-08-04 05:47:03,2026-08-05 13:20:03,In-App Chat,Billing/Refunds,Incorrect Amount,Premium,10,31.55,3,Resolved,The amount on my bill does not match what I expected. This is disrupting what I need to do.
TKT-10648,CUS-001600,2026-07-18 08:35:09,2026-07-20 23:18:57,Email,Delivery Delay,Wrong Delivery Address,Free,243,62.73,,Resolved,The delivery address shown for my order is incorrect.
TKT-10649,CUS-000641,2026-06-19 18:26:13,2026-06-20 23:25:01,WhatsApp,Billing/Refunds,Refund Pending,Premium,50,28.98,3,Resolved,My refund is still pending and I need an update. Please resolve this as soon as possible.
TKT-10650,CUS-000871,2026-07-05 03:59:06,2026-07-06 02:29:42,In-App Chat,App Bug,Login Timeout,Premium,14,22.51,2,Resolved,I keep getting timed out when I try to sign in.
TKT-10651,CUS-000758,2026-06-17 07:37:33,,Social Media,Feature Request,Dark Mode,Premium,8,,,Open,"I like the app and would find a dark mode option useful. The service has been useful overall, so this would be a great addition."
TKT-10652,CUS-000761,2026-06-09 09:05:39,2026-06-09 18:32:03,Email,Account Access,Verification Code Missing,Free,69,9.44,5,Resolved,The verification code has not arrived yet. Please let me know what information you need.
TKT-10653,CUS-001536,2026-08-02 05:13:50,2026-08-02 17:53:26,In-App Chat,Account Access,Profile Update Failed,Free,14,12.66,,Resolved,I cannot save the changes to my profile. I would appreciate an update when possible.
TKT-10654,CUS-001160,2026-05-25 18:34:29,2026-05-26 19:16:29,In-App Chat,Billing/Refunds,Payment Failed,Free,24,24.7,,Resolved,My payment keeps failing even though my details are correct. Please resolve this as soon as possible.
TKT-10655,CUS-001592,2026-05-20 04:48:04,2026-05-20 19:42:04,In-App Chat,App Bug,App Crash,Premium,6,14.9,,Closed,The app closes every time I try to complete this action. Please resolve this as soon as possible.
TKT-10656,CUS-000570,2026-06-30 21:04:23,2026-07-01 12:30:11,Email,App Bug,Notification Error,Enterprise,6,15.43,3,Resolved,The notifications are delayed or showing the wrong information. This is disrupting what I need to do.
TKT-10657,CUS-001646,2026-08-09 04:57:24,,Email,Account Access,Profile Update Failed,Enterprise,3,,,Open,I cannot save the changes to my profile. I would appreciate an update when possible.
TKT-10658,CUS-001186,2026-07-24 09:49:09,2026-07-26 15:25:45,Email,App Bug,App Crash,Free,83,53.61,,Resolved,The app closes every time I try to complete this action.
TKT-10659,CUS-000236,2026-07-23 10:01:57,2026-07-24 17:46:57,In-App Chat,App Bug,App Crash,Premium,3,31.75,2,Escalated,The app closes every time I try to complete this action. I have already tried again several times.
TKT-10660,CUS-000699,2026-07-13 06:32:34,2026-07-15 08:10:22,Social Media,App Bug,Login Timeout,Free,35,49.63,,Closed,I keep getting timed out when I try to sign in. I have already tried again several times.
TKT-10661,CUS-000426,2026-06-18 16:32:34,2026-06-19 19:07:58,Email,Billing/Refunds,Duplicate Charge,Premium,52,26.59,2,Resolved,I was charged twice for the same transaction. Please resolve this as soon as possible.
TKT-10662,CUS-000413,2026-07-21 05:33:02,2026-07-22 08:24:38,Email,App Bug,Page Not Loading,Free,48,26.86,1,Resolved,The page is stuck loading and I cannot continue. This has been very frustrating.
TKT-10663,CUS-001560,2026-07-13 23:23:09,2026-07-14 19:38:45,Email,Billing/Refunds,Payment Failed,Free,38,20.26,,Resolved,My payment keeps failing even though my details are correct. This has been very frustrating.
TKT-10664,CUS-001616,2026-06-07 07:20:56,2026-06-08 19:28:44,In-App Chat,Delivery Delay,Missing Items,Free,22,36.13,,Escalated,Some items were missing when my order arrived. This is disrupting what I need to do.
TKT-10665,CUS-000025,2026-06-06 04:56:05,2026-06-06 22:39:53,Social Media,Account Access,Password Reset,Enterprise,4,17.73,,Escalated,I need help resetting my password. Thank you for checking this for me.
TKT-10666,CUS-000246,2026-06-22 23:55:02,2026-06-25 06:38:50,Email,Billing/Refunds,Incorrect Amount,Free,83,54.73,1,Resolved,The amount on my bill does not match what I expected. Please resolve this as soon as possible.
TKT-10667,CUS-000475,2026-05-27 07:19:48,2026-05-28 01:43:48,In-App Chat,Account Access,Account Locked,Free,12,18.4,4,Resolved,My account is locked and I cannot get back in. Please let me know what information you need.
TKT-10668,CUS-001427,2026-08-07 05:25:41,2026-08-07 16:26:17,In-App Chat,Delivery Delay,Wrong Delivery Address,Free,22,11.01,,Resolved,The delivery address shown for my order is incorrect. I have already tried again several times.
TKT-10669,CUS-001024,2026-07-07 11:28:04,2026-07-08 13:00:28,Email,Billing/Refunds,Incorrect Amount,Free,60,25.54,,Resolved,The amount on my bill does not match what I expected. This has been very frustrating.
TKT-10670,CUS-000938,2026-06-21 09:29:21,2026-06-21 16:05:21,Email,Billing/Refunds,Incorrect Amount,Enterprise,12,6.6,,Closed,The amount on my bill does not match what I expected. This is disrupting what I need to do.
TKT-10671,CUS-000997,2026-07-05 22:34:30,2026-07-07 04:54:18,In-App Chat,Billing/Refunds,Refund Pending,Free,63,30.33,2,Resolved,My refund is still pending and I need an update.
TKT-10672,CUS-001598,2026-08-01 00:17:02,2026-08-02 16:33:14,WhatsApp,Billing/Refunds,Incorrect Amount,Free,38,40.27,2,Resolved,The amount on my bill does not match what I expected. This has been very frustrating.
TKT-10673,CUS-000472,2026-06-24 00:47:54,2026-06-28 17:56:54,WhatsApp,Delivery Delay,Tracking Not Updated,Premium,21,113.15,1,Escalated,The tracking status has not changed for a while.
TKT-10674,CUS-000226,2026-07-16 05:39:00,2026-07-16 11:36:36,In-App Chat,Feature Request,Dark Mode,Free,16,5.96,4,Closed,I like the app and would find a dark mode option useful. Everything else is working well for me.
TKT-10675,CUS-001015,2026-08-01 23:38:11,2026-08-02 18:06:23,Social Media,Billing/Refunds,Payment Failed,Free,50,18.47,,Closed,My payment keeps failing even though my details are correct.
TKT-10676,CUS-001629,2026-05-28 13:40:31,2026-05-29 12:38:07,Email,Delivery Delay,Missing Items,Free,63,22.96,4,Resolved,Some items were missing when my order arrived. This is disrupting what I need to do.
TKT-10677,CUS-001190,2026-07-26 04:22:10,,WhatsApp,Billing/Refunds,Duplicate Charge,Free,34,,2,Open,I was charged twice for the same transaction. Please resolve this as soon as possible.
TKT-10678,CUS-001500,2026-07-17 07:46:21,2026-07-17 20:09:09,In-App Chat,Account Access,Verification Code Missing,Free,34,12.38,,Closed,The verification code has not arrived yet. Please let me know what information you need.
TKT-10679,CUS-001508,2026-07-04 02:17:18,2026-07-05 08:36:30,In-App Chat,Delivery Delay,Late Delivery,Free,17,30.32,2,Resolved,My order is later than the delivery estimate.
TKT-10680,CUS-000388,2026-07-06 09:13:04,2026-07-07 01:49:04,Email,App Bug,Login Timeout,Free,58,16.6,2,Resolved,I keep getting timed out when I try to sign in. This has been very frustrating.
TKT-10681,CUS-001159,2026-05-25 06:52:09,,In-App Chat,Billing/Refunds,Duplicate Charge,Premium,8,,,Open,I was charged twice for the same transaction. Please resolve this as soon as possible.
TKT-10682,CUS-001446,2026-07-17 15:54:10,2026-07-17 19:37:58,Social Media,Account Access,Account Locked,Premium,14,3.73,3,Resolved,My account is locked and I cannot get back in. Could someone advise me on the next step?
TKT-10683,CUS-000184,2026-07-07 04:29:31,2026-07-09 22:22:19,Email,Feature Request,Dark Mode,Premium,38,65.88,,Escalated,I like the app and would find a dark mode option useful. Everything else is working well for me.
TKT-10684,CUS-001101,2026-07-09 11:11:44,2026-07-11 02:20:08,In-App Chat,Billing/Refunds,Duplicate Charge,Free,18,39.14,,Closed,I was charged twice for the same transaction. This has been very frustrating.
TKT-10685,CUS-000463,2026-06-15 04:47:54,2026-06-16 04:44:54,Email,Billing/Refunds,Payment Failed,Free,188,23.95,3,Closed,My payment keeps failing even though my details are correct. This is disrupting what I need to do.
TKT-10686,CUS-001380,2026-06-25 19:05:42,2026-06-26 06:35:06,WhatsApp,Billing/Refunds,Incorrect Amount,Enterprise,29,11.49,3,Closed,The amount on my bill does not match what I expected. This has been very frustrating.
TKT-10687,CUS-000391,2026-07-22 17:33:45,,WhatsApp,Account Access,Profile Update Failed,Premium,11,,,Open,I cannot save the changes to my profile.
TKT-10688,CUS-000628,2026-06-28 21:53:32,2026-06-29 18:04:56,Email,Account Access,Profile Update Failed,Free,89,20.19,4,Resolved,I cannot save the changes to my profile. I would appreciate an update when possible.
TKT-10689,CUS-001145,2026-06-01 07:47:57,2026-06-01 21:17:57,In-App Chat,Delivery Delay,Tracking Not Updated,Free,44,13.5,,Resolved,The tracking status has not changed for a while. This is disrupting what I need to do.
TKT-10690,CUS-000920,2026-07-02 06:24:27,2026-07-03 02:22:03,In-App Chat,Delivery Delay,Late Delivery,Free,20,19.96,3,Closed,My order is later than the delivery estimate. This is disrupting what I need to do.
TKT-10691,CUS-000219,2026-08-10 17:11:30,2026-08-11 02:06:06,WhatsApp,Feature Request,Export Data,Free,18,8.91,3,Resolved,Could you add a way to export my account data? I would be happy to use this feature.
TKT-10692,CUS-000395,2026-06-29 14:46:52,2026-07-02 06:16:52,Social Media,Delivery Delay,Tracking Not Updated,Free,127,63.5,3,Closed,The tracking status has not changed for a while. I have already tried again several times.
TKT-10693,CUS-001487,2026-06-27 10:20:00,2026-06-27 21:48:48,Email,Billing/Refunds,Refund Pending,Free,114,11.48,3,Closed,My refund is still pending and I need an update. This has been very frustrating.
TKT-10694,CUS-001646,2026-06-15 05:51:47,2026-06-15 19:00:11,WhatsApp,Account Access,Profile Update Failed,Enterprise,7,13.14,4,Resolved,I cannot save the changes to my profile. Thank you for checking this for me.
TKT-10695,CUS-001160,2026-06-10 16:43:46,2026-06-12 02:55:46,In-App Chat,App Bug,App Crash,Free,57,34.2,,Closed,The app closes every time I try to complete this action.
TKT-10696,CUS-000015,2026-06-20 12:16:48,2026-06-21 21:45:36,Social Media,App Bug,Login Timeout,Free,70,33.48,3,Resolved,I keep getting timed out when I try to sign in. Please resolve this as soon as possible.
TKT-10697,CUS-001250,2026-06-28 19:32:53,2026-06-30 01:11:17,In-App Chat,Feature Request,New Payment Option,Free,22,29.64,,Escalated,It would be helpful to have another payment option. Everything else is working well for me.
TKT-10698,CUS-001082,2026-07-30 04:33:55,2026-07-30 13:14:07,In-App Chat,Account Access,Account Locked,Premium,6,8.67,3,Resolved,My account is locked and I cannot get back in.
TKT-10699,CUS-000697,2026-07-28 03:02:18,2026-07-28 12:04:42,Email,Feature Request,Notification Controls,Premium,25,9.04,5,Closed,Please add more control over which notifications I receive.
TKT-10700,CUS-000400,2026-07-07 06:14:58,,Email,App Bug,App Crash,Free,157,,2,Open,The app closes every time I try to complete this action. This is disrupting what I need to do.
TKT-10701,CUS-000303,2026-08-07 04:25:43,2026-08-07 21:47:55,WhatsApp,Account Access,Account Locked,Free,51,17.37,3,Resolved,My account is locked and I cannot get back in. I would appreciate an update when possible.
TKT-10702,CUS-000153,2026-06-10 05:39:40,2026-06-10 21:52:16,In-App Chat,App Bug,Login Timeout,Premium,9,16.21,3,Resolved,I keep getting timed out when I try to sign in. Please resolve this as soon as possible.
TKT-10703,CUS-001077,2026-07-24 03:56:36,2026-07-25 14:23:00,WhatsApp,Billing/Refunds,Refund Pending,Premium,46,34.44,3,Resolved,My refund is still pending and I need an update. This is disrupting what I need to do.
TKT-10704,CUS-000583,2026-08-10 13:41:46,2026-08-11 17:55:34,Social Media,Billing/Refunds,Duplicate Charge,Free,39,28.23,3,Closed,I was charged twice for the same transaction. This has been very frustrating.
TKT-10705,CUS-000855,2026-06-04 19:04:06,2026-06-05 02:50:18,Email,Account Access,Password Reset,Premium,63,7.77,3,Resolved,I need help resetting my password. I would appreciate an update when possible.
TKT-10706,CUS-000870,2026-07-28 00:55:55,2026-07-30 21:52:55,WhatsApp,Billing/Refunds,Payment Failed,Free,39,68.95,,Resolved,My payment keeps failing even though my details are correct. This is disrupting what I need to do.
TKT-10707,CUS-001014,2026-07-17 23:56:36,,Email,Feature Request,Export Data,Free,247,,,Open,Could you add a way to export my account data? I would be happy to use this feature.
TKT-10708,CUS-000989,2026-06-09 14:16:27,2026-06-11 15:00:15,Email,Billing/Refunds,Refund Pending,Free,119,48.73,3,Resolved,My refund is still pending and I need an update. I have already tried again several times.
TKT-10709,CUS-000858,2026-06-03 06:34:11,2026-06-04 19:40:47,In-App Chat,Billing/Refunds,Refund Pending,Free,24,37.11,,Resolved,My refund is still pending and I need an update. Please resolve this as soon as possible.
TKT-10710,CUS-000285,2026-06-21 04:57:53,2026-06-22 03:59:05,In-App Chat,Delivery Delay,Wrong Delivery Address,Free,21,23.02,4,Closed,The delivery address shown for my order is incorrect. I have already tried again several times.
TKT-10711,CUS-000055,2026-06-30 07:32:49,2026-07-01 18:46:37,WhatsApp,Billing/Refunds,Payment Failed,Free,33,35.23,2,Resolved,My payment keeps failing even though my details are correct. This has been very frustrating.
TKT-10712,CUS-000961,2026-07-31 12:15:00,2026-08-01 01:19:12,Email,Feature Request,Notification Controls,Premium,22,13.07,5,Resolved,Please add more control over which notifications I receive. Thanks for considering the suggestion.
TKT-10713,CUS-000703,2026-05-31 01:51:41,,In-App Chat,Delivery Delay,Tracking Not Updated,Free,10,,3,Open,The tracking status has not changed for a while.
TKT-10714,CUS-000694,2026-07-19 18:21:29,2026-07-20 10:55:40,In-App Chat,Billing/Refunds,Incorrect Amount,Enterprise,5,16.57,3,Closed,The amount on my bill does not match what I expected. This has been very frustrating.
TKT-10715,CUS-000716,2026-06-20 20:35:25,2026-06-21 01:36:01,Email,Account Access,Verification Code Missing,Free,53,5.01,4,Resolved,The verification code has not arrived yet.
TKT-10716,CUS-000206,2026-06-25 08:54:22,2026-06-25 18:26:46,Social Media,Account Access,Profile Update Failed,Free,31,9.54,,Closed,I cannot save the changes to my profile.
TKT-10717,CUS-000331,2026-06-29 16:18:31,2026-06-30 23:34:43,In-App Chat,Delivery Delay,Wrong Delivery Address,Enterprise,4,31.27,3,Resolved,The delivery address shown for my order is incorrect. This has been very frustrating.
TKT-10718,CUS-001121,2026-07-11 12:44:29,2026-07-12 13:02:29,Social Media,Delivery Delay,Late Delivery,Premium,20,24.3,4,Resolved,My order is later than the delivery estimate.
TKT-10719,CUS-000847,2026-08-06 13:02:04,2026-08-06 22:15:16,Email,Delivery Delay,Late Delivery,Premium,34,9.22,2,Closed,My order is later than the delivery estimate. I have already tried again several times.
TKT-10720,CUS-001021,2026-08-08 17:39:45,2026-08-09 00:06:09,Social Media,Account Access,Profile Update Failed,Premium,58,6.44,4,Resolved,I cannot save the changes to my profile. Thank you for checking this for me.
TKT-10721,CUS-000236,2026-06-04 00:02:14,2026-06-05 15:59:50,In-App Chat,App Bug,Page Not Loading,Free,35,39.96,2,Resolved,The page is stuck loading and I cannot continue. Please resolve this as soon as possible.
TKT-10722,CUS-001370,2026-08-01 14:49:10,2026-08-03 03:53:58,Email,Account Access,Verification Code Missing,Free,275,37.08,2,Escalated,The verification code has not arrived yet. Please let me know what information you need.
TKT-10723,CUS-000626,2026-06-16 07:54:37,2026-06-16 17:21:01,In-App Chat,Feature Request,Dark Mode,Free,18,9.44,5,Resolved,I like the app and would find a dark mode option useful. I would be happy to use this feature.
TKT-10724,CUS-001028,2026-06-24 20:09:42,2026-06-25 00:38:30,In-App Chat,Account Access,Password Reset,Free,37,4.48,3,Resolved,I need help resetting my password.
TKT-10725,CUS-000777,2026-06-01 00:12:50,2026-06-01 09:06:14,Social Media,Account Access,Account Locked,Free,34,8.89,,Resolved,My account is locked and I cannot get back in. Thank you for checking this for me.
TKT-10726,CUS-000780,2026-07-04 00:18:40,2026-07-06 11:30:40,Email,App Bug,App Crash,Free,53,59.2,,Closed,The app closes every time I try to complete this action.
TKT-10727,CUS-001311,2026-07-12 22:20:29,2026-07-13 18:22:17,In-App Chat,Delivery Delay,Tracking Not Updated,Enterprise,15,20.03,3,Closed,The tracking status has not changed for a while.
TKT-10728,CUS-000200,2026-07-19 08:33:49,,WhatsApp,Feature Request,Dark Mode,Premium,10,,3,Open,I like the app and would find a dark mode option useful.
TKT-10729,CUS-000137,2026-07-23 09:43:46,2026-07-26 02:25:46,In-App Chat,Billing/Refunds,Duplicate Charge,Premium,3,64.7,,Resolved,I was charged twice for the same transaction. This is disrupting what I need to do.
TKT-10730,CUS-000184,2026-07-19 19:50:06,2026-07-20 22:45:54,Email,Billing/Refunds,Incorrect Amount,Premium,22,26.93,3,Closed,The amount on my bill does not match what I expected. Please resolve this as soon as possible.
TKT-10731,CUS-001646,2026-06-26 05:32:01,2026-06-26 18:03:49,WhatsApp,Account Access,Profile Update Failed,Free,10,12.53,,Closed,I cannot save the changes to my profile. Thank you for checking this for me.
TKT-10732,CUS-001555,2026-06-19 05:39:00,2026-06-20 05:25:12,Email,App Bug,Page Not Loading,Free,41,23.77,3,Resolved,The page is stuck loading and I cannot continue. I have already tried again several times.
TKT-10733,CUS-001173,2026-07-25 03:44:28,2026-07-25 18:04:16,WhatsApp,Account Access,Account Locked,Premium,9,14.33,3,Resolved,My account is locked and I cannot get back in. Please let me know what information you need.
TKT-10734,CUS-000752,2026-06-19 09:33:18,2026-06-22 22:59:06,Email,Billing/Refunds,Incorrect Amount,Premium,35,85.43,2,Escalated,The amount on my bill does not match what I expected. This is disrupting what I need to do.
TKT-10735,CUS-000154,2026-07-07 07:01:37,2026-07-09 00:55:01,Social Media,App Bug,Notification Error,Free,12,41.89,2,Resolved,The notifications are delayed or showing the wrong information.
TKT-10736,CUS-001379,2026-08-09 06:39:32,2026-08-09 12:23:56,Email,Account Access,Password Reset,Free,156,5.74,4,Closed,I need help resetting my password. Please let me know what information you need.
TKT-10737,CUS-000346,2026-05-28 05:34:56,2026-05-28 22:54:08,Social Media,Account Access,Profile Update Failed,Free,14,17.32,4,Resolved,I cannot save the changes to my profile. Could someone advise me on the next step?
TKT-10738,CUS-000463,2026-06-01 09:58:21,2026-06-02 00:13:21,In-App Chat,Account Access,Verification Code Missing,Free,21,14.25,3,Resolved,The verification code has not arrived yet. Please let me know what information you need.
TKT-10739,CUS-001415,2026-07-06 06:07:41,,Social Media,Delivery Delay,Wrong Delivery Address,Free,35,,3,Open,The delivery address shown for my order is incorrect. This is disrupting what I need to do.
TKT-10740,CUS-000444,2026-05-22 22:32:56,2026-05-23 23:08:56,In-App Chat,Account Access,Verification Code Missing,Free,38,24.6,3,Escalated,The verification code has not arrived yet.
TKT-10741,CUS-001422,2026-07-06 09:10:33,2026-07-07 05:24:21,WhatsApp,Delivery Delay,Tracking Not Updated,Free,42,20.23,2,Resolved,The tracking status has not changed for a while. Please resolve this as soon as possible.
TKT-10742,CUS-001327,2026-06-20 19:07:21,2026-06-21 01:57:45,In-App Chat,Account Access,Password Reset,Enterprise,8,6.84,,Closed,I need help resetting my password. Could someone advise me on the next step?
TKT-10743,CUS-001413,2026-07-03 14:13:54,2026-07-05 00:40:18,In-App Chat,Account Access,Account Locked,Free,18,34.44,3,Resolved,My account is locked and I cannot get back in. Could someone advise me on the next step?
TKT-10744,CUS-001138,2026-06-14 05:33:01,2026-06-14 12:16:13,WhatsApp,Account Access,Verification Code Missing,Premium,12,6.72,,Closed,The verification code has not arrived yet.
TKT-10745,CUS-000600,2026-06-09 21:16:08,2026-06-10 09:01:08,In-App Chat,Billing/Refunds,Incorrect Amount,Premium,14,11.75,2,Resolved,The amount on my bill does not match what I expected. Please resolve this as soon as possible.
TKT-10746,CUS-001105,2026-06-02 05:53:45,2026-06-03 10:00:21,In-App Chat,App Bug,Notification Error,Free,44,28.11,2,Resolved,The notifications are delayed or showing the wrong information. Please resolve this as soon as possible.
TKT-10747,CUS-001396,2026-07-07 17:46:16,2026-07-07 23:18:40,Social Media,Account Access,Verification Code Missing,Premium,33,5.54,,Resolved,The verification code has not arrived yet. Please let me know what information you need.
TKT-10748,CUS-001262,2026-07-17 05:54:26,2026-07-19 01:46:02,In-App Chat,Delivery Delay,Wrong Delivery Address,Free,28,43.86,3,Resolved,The delivery address shown for my order is incorrect. This is disrupting what I need to do.
TKT-10749,CUS-001445,2026-05-15 05:36:02,2026-05-15 09:46:50,In-App Chat,Account Access,Password Reset,Free,27,4.18,3,Resolved,I need help resetting my password.
TKT-10750,CUS-001643,2026-05-28 23:38:06,2026-05-29 20:11:42,Email,Billing/Refunds,Incorrect Amount,Free,73,20.56,4,Resolved,The amount on my bill does not match what I expected. This has been very frustrating.
TKT-10751,CUS-001160,2026-05-18 18:23:24,,In-App Chat,Account Access,Password Reset,Enterprise,5,,,Open,I need help resetting my password. Thank you for checking this for me.
TKT-10752,CUS-001557,2026-08-09 04:40:35,2026-08-10 20:59:11,In-App Chat,Billing/Refunds,Refund Pending,Enterprise,14,40.31,,Resolved,My refund is still pending and I need an update.
TKT-10753,CUS-000463,2026-07-04 15:47:21,2026-07-05 23:43:45,In-App Chat,Delivery Delay,Tracking Not Updated,Free,20,31.94,3,Resolved,The tracking status has not changed for a while. Please resolve this as soon as possible.
TKT-10754,CUS-001636,2026-07-11 13:27:40,2026-07-13 19:28:52,In-App Chat,Delivery Delay,Tracking Not Updated,Free,18,54.02,2,Resolved,The tracking status has not changed for a while. Please resolve this as soon as possible.
TKT-10755,CUS-001523,2026-05-28 23:37:28,2026-05-29 13:18:52,In-App Chat,Account Access,Password Reset,Free,18,13.69,3,Closed,I need help resetting my password. I would appreciate an update when possible.
TKT-10756,CUS-000076,2026-06-13 07:21:08,2026-06-13 14:03:08,In-App Chat,Account Access,Profile Update Failed,Premium,13,6.7,5,Resolved,I cannot save the changes to my profile.
TKT-10757,CUS-000984,2026-06-22 21:45:38,2026-06-25 07:04:50,Email,App Bug,App Crash,Free,20,57.32,2,Resolved,The app closes every time I try to complete this action.
TKT-10758,CUS-000829,2026-07-05 17:28:13,2026-07-06 12:43:49,Email,App Bug,Notification Error,Free,68,19.26,,Closed,The notifications are delayed or showing the wrong information. I have already tried again several times.
TKT-10759,CUS-001372,2026-07-10 12:33:20,2026-07-10 18:59:44,In-App Chat,Delivery Delay,Wrong Delivery Address,Premium,18,6.44,3,Resolved,The delivery address shown for my order is incorrect. This has been very frustrating.
TKT-10760,CUS-000231,2026-07-28 05:31:53,,In-App Chat,Delivery Delay,Late Delivery,Free,17,,,Open,My order is later than the delivery estimate. This has been very frustrating.
TKT-10761,CUS-000871,2026-07-23 12:02:29,2026-07-23 22:25:17,WhatsApp,Account Access,Account Locked,Free,38,10.38,4,Resolved,My account is locked and I cannot get back in. Thank you for checking this for me.
TKT-10762,CUS-000829,2026-07-02 00:25:31,2026-07-05 02:51:55,Email,App Bug,Page Not Loading,Free,275,74.44,1,Closed,The page is stuck loading and I cannot continue. This is disrupting what I need to do.
TKT-10763,CUS-000672,2026-06-21 11:27:56,2026-06-22 04:50:08,Email,Billing/Refunds,Incorrect Amount,Free,91,17.37,4,Resolved,The amount on my bill does not match what I expected.
TKT-10764,CUS-001646,2026-07-15 17:54:55,2026-07-18 19:03:55,Email,Billing/Refunds,Incorrect Amount,Free,19,73.15,1,Closed,The amount on my bill does not match what I expected. I have already tried again several times.
TKT-10765,CUS-000886,2026-05-24 19:25:10,2026-05-29 09:32:22,In-App Chat,Billing/Refunds,Payment Failed,Free,10,110.12,,Escalated,My payment keeps failing even though my details are correct. I have already tried again several times.
TKT-10766,CUS-000699,2026-06-24 05:10:46,2026-06-25 15:26:58,WhatsApp,App Bug,Login Timeout,Free,29,34.27,2,Resolved,I keep getting timed out when I try to sign in. This is disrupting what I need to do.
TKT-10767,CUS-001437,2026-08-08 12:58:13,2026-08-08 23:30:37,WhatsApp,Feature Request,New Payment Option,Enterprise,3,10.54,4,Resolved,"It would be helpful to have another payment option. The service has been useful overall, so this would be a great addition."
TKT-10768,CUS-000249,2026-06-02 09:28:53,2026-06-04 04:09:41,WhatsApp,App Bug,Login Timeout,Free,36,42.68,2,Resolved,I keep getting timed out when I try to sign in. This is disrupting what I need to do.
TKT-10769,CUS-000496,2026-06-16 15:06:57,2026-06-17 02:51:57,In-App Chat,Billing/Refunds,Refund Pending,Enterprise,3,11.75,3,Resolved,My refund is still pending and I need an update. This has been very frustrating.
TKT-10770,CUS-000478,2026-06-19 17:26:45,,In-App Chat,Billing/Refunds,Incorrect Amount,Free,47,,,Open,The amount on my bill does not match what I expected. This is disrupting what I need to do.
TKT-10771,CUS-001571,2026-06-30 09:36:12,2026-07-02 03:57:48,In-App Chat,App Bug,Notification Error,Premium,5,42.36,,Closed,The notifications are delayed or showing the wrong information.
TKT-10772,CUS-001481,2026-07-05 16:56:08,2026-07-06 13:03:56,In-App Chat,Delivery Delay,Late Delivery,Free,20,20.13,,Closed,My order is later than the delivery estimate. Please resolve this as soon as possible.
TKT-10773,CUS-001013,2026-07-12 00:00:10,,In-App Chat,App Bug,App Crash,Premium,12,,2,Open,The app closes every time I try to complete this action. Please resolve this as soon as possible.
TKT-10774,CUS-000554,2026-06-04 06:26:27,2026-06-07 00:09:03,Email,Delivery Delay,Missing Items,Free,92,65.71,2,Escalated,Some items were missing when my order arrived. This has been very frustrating.
TKT-10775,CUS-000779,2026-07-23 04:19:48,2026-07-26 22:16:12,In-App Chat,Delivery Delay,Missing Items,Free,25,89.94,2,Escalated,Some items were missing when my order arrived. This has been very frustrating.
TKT-10776,CUS-000952,2026-06-25 17:10:33,2026-06-27 22:05:09,WhatsApp,Billing/Refunds,Refund Pending,Free,8,52.91,,Resolved,My refund is still pending and I need an update.
TKT-10777,CUS-000887,2026-06-27 23:17:50,2026-06-28 11:48:26,In-App Chat,Account Access,Password Reset,Free,24,12.51,5,Resolved,I need help resetting my password. Please let me know what information you need.
TKT-10778,CUS-000440,2026-07-05 22:51:11,2026-07-06 13:52:59,In-App Chat,Feature Request,Notification Controls,Enterprise,3,15.03,3,Resolved,Please add more control over which notifications I receive. Everything else is working well for me.
TKT-10779,CUS-000236,2026-06-14 03:23:06,2026-06-15 21:22:30,WhatsApp,App Bug,App Crash,Enterprise,10,41.99,3,Resolved,The app closes every time I try to complete this action. I have already tried again several times.
TKT-10780,CUS-001523,2026-05-24 03:01:30,2026-05-25 03:30:54,Social Media,Billing/Refunds,Duplicate Charge,Premium,31,24.49,2,Resolved,I was charged twice for the same transaction.
TKT-10781,CUS-001078,2026-07-26 07:41:31,2026-07-26 11:43:19,In-App Chat,Feature Request,Dark Mode,Free,27,4.03,,Resolved,I like the app and would find a dark mode option useful.
TKT-10782,CUS-000261,2026-07-22 09:51:55,2026-07-23 08:02:07,Email,Feature Request,Notification Controls,Premium,41,22.17,,Resolved,Please add more control over which notifications I receive. I would be happy to use this feature.
TKT-10783,CUS-001646,2026-07-16 18:58:46,2026-07-16 23:28:10,In-App Chat,Account Access,Password Reset,Premium,24,4.49,4,Resolved,I need help resetting my password. I would appreciate an update when possible.
TKT-10784,CUS-000696,2026-08-08 05:47:48,2026-08-08 10:34:00,In-App Chat,Account Access,Account Locked,Free,47,4.77,3,Resolved,My account is locked and I cannot get back in.
TKT-10785,CUS-001229,2026-06-30 11:36:34,2026-07-01 02:37:10,Email,Billing/Refunds,Incorrect Amount,Free,88,15.01,2,Resolved,The amount on my bill does not match what I expected.
TKT-10786,CUS-000327,2026-07-06 09:31:22,2026-07-09 10:49:58,In-App Chat,Delivery Delay,Tracking Not Updated,Premium,40,73.31,3,Resolved,The tracking status has not changed for a while.
TKT-10787,CUS-001569,2026-06-14 23:25:31,2026-06-16 20:29:07,Email,App Bug,Page Not Loading,Free,50,45.06,3,Resolved,The page is stuck loading and I cannot continue. This is disrupting what I need to do.
TKT-10788,CUS-000144,2026-06-09 11:36:19,2026-06-10 06:35:07,In-App Chat,Billing/Refunds,Incorrect Amount,Free,11,18.98,3,Closed,The amount on my bill does not match what I expected. This is disrupting what I need to do.
TKT-10789,CUS-001609,2026-07-18 07:21:06,2026-07-18 13:32:30,Email,Account Access,Profile Update Failed,Premium,34,6.19,4,Closed,I cannot save the changes to my profile. Thank you for checking this for me.
TKT-10790,CUS-001222,2026-07-08 05:31:14,2026-07-08 19:17:26,Social Media,Feature Request,Notification Controls,Free,34,13.77,,Resolved,Please add more control over which notifications I receive.
TKT-10791,CUS-000398,2026-07-01 20:30:33,2026-07-03 01:26:21,In-App Chat,Delivery Delay,Missing Items,Free,5,28.93,3,Resolved,Some items were missing when my order arrived.
TKT-10792,CUS-000335,2026-06-06 23:13:42,2026-06-08 16:16:06,In-App Chat,App Bug,Notification Error,Free,15,41.04,3,Resolved,The notifications are delayed or showing the wrong information. This has been very frustrating.
TKT-10793,CUS-001412,2026-07-26 03:27:56,2026-07-26 17:06:56,Email,Billing/Refunds,Duplicate Charge,Premium,42,13.65,2,Resolved,I was charged twice for the same transaction. Please resolve this as soon as possible.
TKT-10794,CUS-000073,2026-06-30 16:30:54,2026-07-01 03:45:18,Social Media,Feature Request,Notification Controls,Enterprise,7,11.24,,Resolved,Please add more control over which notifications I receive. Everything else is working well for me.
TKT-10795,CUS-000209,2026-08-06 12:39:06,,Email,Feature Request,Export Data,Premium,21,,3,Open,Could you add a way to export my account data? I would be happy to use this feature.
TKT-10796,CUS-001136,2026-08-07 08:56:27,2026-08-07 22:47:27,Social Media,Account Access,Account Locked,Premium,20,13.85,,Resolved,My account is locked and I cannot get back in. Could someone advise me on the next step?
TKT-10797,CUS-000139,2026-08-04 12:12:23,2026-08-04 21:41:47,Email,Account Access,Password Reset,Free,80,9.49,4,Resolved,I need help resetting my password. Thank you for checking this for me.
TKT-10798,CUS-000889,2026-06-30 01:20:41,2026-07-01 04:44:41,In-App Chat,App Bug,Page Not Loading,Free,36,27.4,2,Closed,The page is stuck loading and I cannot continue. This has been very frustrating.
TKT-10799,CUS-000957,2026-07-27 03:47:05,2026-07-29 07:49:29,Email,App Bug,Notification Error,Free,50,52.04,2,Resolved,The notifications are delayed or showing the wrong information. This is disrupting what I need to do.
TKT-10800,CUS-000036,2026-07-30 14:33:09,2026-08-01 02:06:45,In-App Chat,Billing/Refunds,Refund Pending,Free,40,35.56,,Resolved,My refund is still pending and I need an update. I have already tried again several times.
TKT-10801,CUS-000636,2026-07-23 19:24:55,2026-07-24 13:10:31,Social Media,Billing/Refunds,Refund Pending,Premium,10,17.76,3,Resolved,My refund is still pending and I need an update. Please resolve this as soon as possible.
TKT-10802,CUS-000059,2026-06-28 00:35:35,,In-App Chat,Billing/Refunds,Payment Failed,Premium,8,,1,Open,My payment keeps failing even though my details are correct.
TKT-10803,CUS-001628,2026-05-28 07:00:07,2026-05-29 13:25:19,In-App Chat,Delivery Delay,Tracking Not Updated,Free,66,30.42,3,Resolved,The tracking status has not changed for a while. This has been very frustrating.
TKT-10804,CUS-000379,2026-06-22 05:52:24,2026-06-24 15:08:00,Email,Billing/Refunds,Refund Pending,Premium,18,57.26,2,Closed,My refund is still pending and I need an update. This is disrupting what I need to do.
TKT-10805,CUS-001160,2026-07-28 12:51:51,2026-07-30 07:55:27,Email,Billing/Refunds,Incorrect Amount,Premium,23,43.06,,Closed,The amount on my bill does not match what I expected. I have already tried again several times.
TKT-10806,CUS-001136,2026-08-08 12:21:45,2026-08-08 20:28:21,Email,Account Access,Account Locked,Free,34,8.11,,Resolved,My account is locked and I cannot get back in. I would appreciate an update when possible.
TKT-10807,CUS-001298,2026-07-07 19:38:13,2026-07-08 08:39:25,Email,Billing/Refunds,Incorrect Amount,Free,45,13.02,3,Closed,The amount on my bill does not match what I expected. This has been very frustrating.
TKT-10808,CUS-000577,2026-06-20 13:42:01,2026-06-21 21:25:49,WhatsApp,Billing/Refunds,Incorrect Amount,Free,37,31.73,3,Resolved,The amount on my bill does not match what I expected. I have already tried again several times.
TKT-10809,CUS-000339,2026-07-02 10:58:42,2026-07-02 22:10:42,WhatsApp,Account Access,Verification Code Missing,Free,52,11.2,,Resolved,The verification code has not arrived yet.
TKT-10810,CUS-000876,2026-07-20 20:53:37,2026-07-22 08:50:37,WhatsApp,App Bug,Page Not Loading,Free,33,35.95,,Resolved,The page is stuck loading and I cannot continue. I have already tried again several times.
TKT-10811,CUS-001160,2026-07-21 08:45:01,,Email,Account Access,Profile Update Failed,Free,61,,,Open,I cannot save the changes to my profile. I would appreciate an update when possible.
TKT-10812,CUS-001275,2026-08-08 09:14:08,2026-08-09 05:39:20,Email,Feature Request,Notification Controls,Free,34,20.42,4,Resolved,Please add more control over which notifications I receive.
TKT-10813,CUS-000092,2026-08-03 03:49:06,2026-08-03 20:35:18,Email,Billing/Refunds,Refund Pending,Free,47,16.77,2,Resolved,My refund is still pending and I need an update.
TKT-10814,CUS-001271,2026-07-18 22:44:37,,Email,Feature Request,Export Data,Premium,13,,4,Open,Could you add a way to export my account data? Everything else is working well for me.
TKT-10815,CUS-000205,2026-06-15 18:35:02,2026-06-17 00:55:26,In-App Chat,Feature Request,Export Data,Premium,17,30.34,,Resolved,Could you add a way to export my account data?
TKT-10816,CUS-000869,2026-07-07 13:42:08,2026-07-09 13:31:56,Email,Delivery Delay,Wrong Delivery Address,Free,123,47.83,2,Escalated,The delivery address shown for my order is incorrect. This is disrupting what I need to do.
TKT-10817,CUS-000920,2026-08-07 02:52:56,2026-08-07 17:19:20,In-App Chat,Account Access,Account Locked,Free,22,14.44,3,Closed,My account is locked and I cannot get back in.
TKT-10818,CUS-000233,2026-07-15 18:17:42,2026-07-16 05:42:18,In-App Chat,Account Access,Profile Update Failed,Free,30,11.41,4,Closed,I cannot save the changes to my profile. Please let me know what information you need.
TKT-10819,CUS-001626,2026-06-12 00:40:07,2026-06-12 15:51:31,WhatsApp,Account Access,Password Reset,Free,58,15.19,,Closed,I need help resetting my password. Could someone advise me on the next step?
TKT-10820,CUS-001073,2026-07-29 01:02:57,2026-07-29 12:56:21,In-App Chat,Account Access,Verification Code Missing,Free,25,11.89,,Closed,The verification code has not arrived yet.
TKT-10821,CUS-000394,2026-06-29 21:43:24,2026-06-30 18:48:48,Email,Billing/Refunds,Incorrect Amount,Free,177,21.09,,Resolved,The amount on my bill does not match what I expected.
TKT-10822,CUS-000097,2026-06-28 15:16:54,,Email,Feature Request,Notification Controls,Free,39,,4,Open,Please add more control over which notifications I receive. Thanks for considering the suggestion.
TKT-10823,CUS-001303,2026-07-31 17:47:15,,In-App Chat,Account Access,Profile Update Failed,Enterprise,3,,2,Open,I cannot save the changes to my profile. I would appreciate an update when possible.
TKT-10824,CUS-001417,2026-08-04 12:15:29,,WhatsApp,Delivery Delay,Missing Items,Free,25,,1,Open,Some items were missing when my order arrived.
TKT-10825,CUS-000163,2026-06-22 01:48:57,2026-06-24 10:24:21,In-App Chat,App Bug,Notification Error,Premium,16,56.59,1,Closed,The notifications are delayed or showing the wrong information. This is disrupting what I need to do.
TKT-10826,CUS-000444,2026-07-20 14:59:18,2026-07-22 02:52:42,WhatsApp,Billing/Refunds,Payment Failed,Free,14,35.89,3,Resolved,My payment keeps failing even though my details are correct. I have already tried again several times.
TKT-10827,CUS-001081,2026-06-27 08:05:21,2026-06-29 21:32:57,Social Media,App Bug,Login Timeout,Free,106,61.46,,Resolved,I keep getting timed out when I try to sign in. I have already tried again several times.
TKT-10828,CUS-000703,2026-06-22 20:42:26,2026-06-23 10:47:14,In-App Chat,App Bug,Page Not Loading,Enterprise,5,14.08,,Resolved,The page is stuck loading and I cannot continue.
TKT-10829,CUS-000591,2026-06-23 10:18:52,2026-06-24 22:56:04,In-App Chat,App Bug,App Crash,Free,68,36.62,,Resolved,The app closes every time I try to complete this action. This is disrupting what I need to do.
TKT-10830,CUS-000703,2026-07-30 15:32:17,2026-08-01 14:24:29,In-App Chat,App Bug,Notification Error,Premium,10,46.87,,Closed,The notifications are delayed or showing the wrong information. This has been very frustrating.
TKT-10831,CUS-000832,2026-07-30 01:58:22,2026-08-01 03:49:58,Email,Billing/Refunds,Payment Failed,Enterprise,9,49.86,4,Closed,My payment keeps failing even though my details are correct. Please resolve this as soon as possible.
TKT-10832,CUS-000339,2026-06-15 05:18:15,2026-06-17 00:35:38,In-App Chat,Account Access,Profile Update Failed,Free,35,43.29,3,Resolved,I cannot save the changes to my profile. Thank you for checking this for me.
TKT-10833,CUS-000656,2026-05-29 18:50:13,2026-05-31 15:02:13,WhatsApp,App Bug,App Crash,Free,64,44.2,2,Resolved,The app closes every time I try to complete this action. Please resolve this as soon as possible.
TKT-10834,CUS-000133,2026-06-15 09:05:29,2026-06-15 20:32:29,In-App Chat,Feature Request,Export Data,Free,15,11.45,4,Closed,Could you add a way to export my account data? I would be happy to use this feature.
TKT-10835,CUS-000008,2026-06-09 15:47:23,2026-06-10 06:01:11,WhatsApp,Billing/Refunds,Incorrect Amount,Free,10,14.23,3,Resolved,The amount on my bill does not match what I expected. This is disrupting what I need to do.
TKT-10836,CUS-001637,2026-06-02 13:30:08,,In-App Chat,App Bug,Login Timeout,Free,7,,2,Open,I keep getting timed out when I try to sign in.
TKT-10837,CUS-000102,2026-07-25 12:53:51,2026-07-26 16:03:27,WhatsApp,App Bug,App Crash,Free,40,27.16,2,Closed,The app closes every time I try to complete this action. I have already tried again several times.
TKT-10838,CUS-000079,2026-05-31 04:18:23,2026-05-31 05:42:23,In-App Chat,Account Access,Profile Update Failed,Premium,27,1.4,,Resolved,I cannot save the changes to my profile. Please let me know what information you need.
TKT-10839,CUS-001495,2026-07-10 17:02:09,2026-07-11 12:24:21,Email,App Bug,Page Not Loading,Premium,15,19.37,2,Resolved,The page is stuck loading and I cannot continue. Please resolve this as soon as possible.
TKT-10840,CUS-001637,2026-06-30 23:54:02,2026-07-01 16:52:14,Email,Account Access,Verification Code Missing,Free,63,16.97,3,Closed,The verification code has not arrived yet.
TKT-10841,CUS-001422,2026-07-15 19:22:14,2026-07-16 09:45:38,In-App Chat,Feature Request,Notification Controls,Free,19,14.39,,Resolved,"Please add more control over which notifications I receive. The service has been useful overall, so this would be a great addition."
TKT-10842,CUS-000250,2026-06-29 04:09:42,2026-07-01 20:51:06,WhatsApp,App Bug,App Crash,Premium,51,64.69,3,Escalated,The app closes every time I try to complete this action. I have already tried again several times.
TKT-10843,CUS-001077,2026-06-21 16:52:47,2026-06-21 19:18:35,In-App Chat,Account Access,Verification Code Missing,Enterprise,16,2.43,4,Resolved,The verification code has not arrived yet. Thank you for checking this for me.
TKT-10844,CUS-001165,2026-06-05 22:34:17,2026-06-08 02:55:53,Email,Billing/Refunds,Incorrect Amount,Free,97,52.36,2,Resolved,The amount on my bill does not match what I expected. Please resolve this as soon as possible.
TKT-10845,CUS-001297,2026-06-10 14:23:28,2026-06-12 04:42:04,Email,Billing/Refunds,Refund Pending,Free,130,38.31,2,Resolved,My refund is still pending and I need an update. This has been very frustrating.
TKT-10846,CUS-000206,2026-06-18 03:06:49,2026-06-19 13:48:49,Email,App Bug,Notification Error,Premium,58,34.7,2,Closed,The notifications are delayed or showing the wrong information. Please resolve this as soon as possible.
TKT-10847,CUS-000660,2026-05-18 03:02:35,,In-App Chat,Billing/Refunds,Payment Failed,Premium,5,,2,Open,My payment keeps failing even though my details are correct.
TKT-10848,CUS-000472,2026-06-27 01:15:30,2026-06-27 13:32:53,In-App Chat,Account Access,Password Reset,Enterprise,6,12.29,3,Escalated,I need help resetting my password. Could someone advise me on the next step?
TKT-10849,CUS-001106,2026-05-24 07:35:15,2026-05-24 19:23:51,In-App Chat,Account Access,Account Locked,Free,12,11.81,,Resolved,My account is locked and I cannot get back in.
TKT-10850,CUS-000591,2026-08-06 04:20:24,2026-08-08 10:48:36,In-App Chat,Delivery Delay,Tracking Not Updated,Free,21,54.47,,Escalated,The tracking status has not changed for a while.
TKT-10851,CUS-000837,2026-08-04 05:26:54,2026-08-04 15:43:06,In-App Chat,Account Access,Account Locked,Free,47,10.27,4,Resolved,My account is locked and I cannot get back in. Could someone advise me on the next step?
TKT-10852,CUS-001050,2026-05-28 23:31:48,2026-05-29 16:12:00,WhatsApp,Account Access,Password Reset,Free,35,16.67,3,Closed,I need help resetting my password. Please let me know what information you need.
TKT-10853,CUS-001452,2026-07-24 13:58:05,,Email,App Bug,Notification Error,Premium,68,,2,Open,The notifications are delayed or showing the wrong information. Please resolve this as soon as possible.
TKT-10854,CUS-001542,2026-06-21 11:22:16,2026-06-23 04:52:16,Email,Billing/Refunds,Payment Failed,Free,167,41.5,2,Resolved,My payment keeps failing even though my details are correct. This has been very frustrating.
TKT-10855,CUS-001160,2026-06-12 12:52:05,,In-App Chat,Billing/Refunds,Payment Failed,Premium,4,,1,Open,My payment keeps failing even though my details are correct. This is disrupting what I need to do.
TKT-10856,CUS-000288,2026-06-10 04:06:33,2026-06-10 07:10:45,In-App Chat,Account Access,Profile Update Failed,Enterprise,1,3.07,5,Resolved,I cannot save the changes to my profile. Please let me know what information you need.
TKT-10857,CUS-001492,2026-06-09 00:25:44,2026-06-09 12:45:32,Email,Feature Request,Export Data,Enterprise,25,12.33,4,Resolved,Could you add a way to export my account data? Everything else is working well for me.
TKT-10858,CUS-000365,2026-05-24 10:55:11,2026-05-25 21:39:35,In-App Chat,Billing/Refunds,Refund Pending,Premium,22,34.74,3,Resolved,My refund is still pending and I need an update.
TKT-10859,CUS-000101,2026-07-18 21:41:20,,In-App Chat,Account Access,Password Reset,Enterprise,5,,1,Open,I need help resetting my password.
TKT-10860,CUS-000734,2026-06-14 15:21:42,2026-06-15 14:09:42,Email,Delivery Delay,Late Delivery,Free,95,22.8,,Resolved,My order is later than the delivery estimate. Please resolve this as soon as possible.
TKT-10861,CUS-001157,2026-07-26 19:15:17,2026-07-28 17:08:41,Email,Delivery Delay,Tracking Not Updated,Free,129,45.89,,Escalated,The tracking status has not changed for a while.
TKT-10862,CUS-000271,2026-07-12 12:42:12,2026-07-12 23:05:00,WhatsApp,Account Access,Password Reset,Free,58,10.38,4,Resolved,I need help resetting my password. I would appreciate an update when possible.
TKT-10863,CUS-000515,2026-06-26 18:22:51,2026-06-27 03:51:03,In-App Chat,Account Access,Verification Code Missing,Enterprise,3,9.47,,Closed,The verification code has not arrived yet.
TKT-10864,CUS-000146,2026-07-14 22:03:49,2026-07-15 07:52:25,Email,Account Access,Verification Code Missing,Enterprise,22,9.81,3,Closed,The verification code has not arrived yet. I would appreciate an update when possible.
TKT-10865,CUS-001037,2026-07-22 19:52:57,2026-07-26 19:42:09,In-App Chat,Delivery Delay,Tracking Not Updated,Free,19,95.82,,Resolved,The tracking status has not changed for a while. This is disrupting what I need to do.
TKT-10866,CUS-001186,2026-06-16 12:05:19,2026-06-17 08:26:19,In-App Chat,Billing/Refunds,Incorrect Amount,Free,27,20.35,3,Closed,The amount on my bill does not match what I expected. This is disrupting what I need to do.
TKT-10867,CUS-000859,2026-07-23 20:36:17,2026-07-28 09:43:29,Social Media,Feature Request,Export Data,Free,49,109.12,4,Closed,Could you add a way to export my account data?
TKT-10868,CUS-000750,2026-06-01 23:19:55,2026-06-02 13:03:43,In-App Chat,Billing/Refunds,Duplicate Charge,Free,14,13.73,4,Resolved,I was charged twice for the same transaction.
TKT-10869,CUS-001427,2026-06-16 17:16:15,2026-06-17 14:58:15,Email,Delivery Delay,Wrong Delivery Address,Premium,22,21.7,4,Resolved,The delivery address shown for my order is incorrect.
TKT-10870,CUS-000703,2026-06-14 08:32:29,2026-06-14 22:46:53,Email,Billing/Refunds,Duplicate Charge,Free,297,14.24,,Resolved,I was charged twice for the same transaction.
TKT-10871,CUS-000743,2026-07-15 08:51:43,,In-App Chat,Billing/Refunds,Duplicate Charge,Premium,6,,2,Open,I was charged twice for the same transaction. This has been very frustrating.
TKT-10872,CUS-000963,2026-08-04 14:37:45,2026-08-07 03:59:57,WhatsApp,Billing/Refunds,Duplicate Charge,Free,42,61.37,2,Closed,I was charged twice for the same transaction. This has been very frustrating.
TKT-10873,CUS-001176,2026-07-05 08:04:48,2026-07-09 05:19:48,Email,App Bug,App Crash,Free,107,93.25,1,Escalated,The app closes every time I try to complete this action. Please resolve this as soon as possible.
TKT-10874,CUS-001306,2026-06-26 19:24:28,2026-06-29 22:14:52,Social Media,App Bug,Notification Error,Free,42,74.84,1,Closed,The notifications are delayed or showing the wrong information. I have already tried again several times.
TKT-10875,CUS-000075,2026-07-23 06:39:33,2026-07-24 22:16:45,Email,Billing/Refunds,Duplicate Charge,Enterprise,19,39.62,1,Escalated,I was charged twice for the same transaction. This is disrupting what I need to do.
TKT-10876,CUS-001432,2026-06-23 23:34:59,2026-06-24 10:12:47,WhatsApp,App Bug,Notification Error,Free,41,10.63,,Resolved,The notifications are delayed or showing the wrong information. This is disrupting what I need to do.
TKT-10877,CUS-000757,2026-06-07 20:45:25,2026-06-09 22:57:25,In-App Chat,App Bug,Login Timeout,Free,13,50.2,2,Resolved,I keep getting timed out when I try to sign in. Please resolve this as soon as possible.
TKT-10878,CUS-001519,2026-06-07 01:52:09,2026-06-08 04:05:21,Email,Delivery Delay,Missing Items,Free,104,26.22,2,Closed,Some items were missing when my order arrived.
TKT-10879,CUS-000881,2026-05-15 12:46:20,2026-05-15 19:51:08,Social Media,Feature Request,Notification Controls,Enterprise,5,7.08,4,Resolved,Please add more control over which notifications I receive. I would be happy to use this feature.
TKT-10880,CUS-000793,2026-07-11 10:38:55,2026-07-11 16:35:55,In-App Chat,Account Access,Verification Code Missing,Premium,31,5.95,,Resolved,The verification code has not arrived yet. I would appreciate an update when possible.
TKT-10881,CUS-000349,2026-06-27 14:27:48,2026-06-29 02:33:48,In-App Chat,Billing/Refunds,Incorrect Amount,Premium,14,36.1,2,Closed,The amount on my bill does not match what I expected. I have already tried again several times.
TKT-10882,CUS-000780,2026-07-08 08:28:24,2026-07-10 17:31:24,WhatsApp,App Bug,Page Not Loading,Free,22,57.05,2,Escalated,The page is stuck loading and I cannot continue. Please resolve this as soon as possible.
TKT-10883,CUS-000827,2026-07-31 06:02:51,2026-07-31 23:12:27,Email,Feature Request,Dark Mode,Premium,42,17.16,,Closed,I like the app and would find a dark mode option useful. Everything else is working well for me.
TKT-10884,CUS-001506,2026-07-11 05:17:44,2026-07-13 14:01:32,Social Media,Billing/Refunds,Incorrect Amount,Free,24,56.73,3,Resolved,The amount on my bill does not match what I expected. This has been very frustrating.
TKT-10885,CUS-001488,2026-08-09 18:01:16,,Email,App Bug,Page Not Loading,Premium,40,,,Open,The page is stuck loading and I cannot continue. I have already tried again several times.
TKT-10886,CUS-000814,2026-05-31 08:57:43,2026-06-01 16:04:19,WhatsApp,Feature Request,Export Data,Free,29,31.11,4,Resolved,"Could you add a way to export my account data? The service has been useful overall, so this would be a great addition."
TKT-10887,CUS-001455,2026-07-20 05:10:29,2026-07-20 20:18:17,WhatsApp,Feature Request,Dark Mode,Free,20,15.13,,Resolved,I like the app and would find a dark mode option useful. I would be happy to use this feature.
TKT-10888,CUS-001436,2026-06-27 14:05:08,,Email,App Bug,Notification Error,Enterprise,7,,1,Open,The notifications are delayed or showing the wrong information.
TKT-10889,CUS-001598,2026-07-26 14:49:54,2026-07-26 20:51:42,In-App Chat,Account Access,Verification Code Missing,Enterprise,17,6.03,5,Closed,The verification code has not arrived yet.
TKT-10890,CUS-000610,2026-07-02 08:56:17,,In-App Chat,App Bug,Page Not Loading,Free,24,,1,Open,The page is stuck loading and I cannot continue. This has been very frustrating.
TKT-10891,CUS-000378,2026-07-03 10:13:44,2026-07-07 06:04:08,Email,Delivery Delay,Wrong Delivery Address,Free,57,91.84,1,Escalated,The delivery address shown for my order is incorrect. Please resolve this as soon as possible.
TKT-10892,CUS-001590,2026-06-29 17:56:23,2026-06-30 17:47:59,WhatsApp,Billing/Refunds,Refund Pending,Premium,11,23.86,3,Closed,My refund is still pending and I need an update. Please resolve this as soon as possible.
TKT-10893,CUS-000974,2026-07-30 01:00:42,2026-07-31 00:54:06,Email,Billing/Refunds,Incorrect Amount,Enterprise,17,23.89,2,Resolved,The amount on my bill does not match what I expected. Please resolve this as soon as possible.
TKT-10894,CUS-000777,2026-08-03 10:31:40,2026-08-03 14:50:52,In-App Chat,Account Access,Verification Code Missing,Premium,7,4.32,4,Resolved,The verification code has not arrived yet. Could someone advise me on the next step?
TKT-10895,CUS-000696,2026-06-08 10:27:11,,In-App Chat,Billing/Refunds,Duplicate Charge,Free,12,,1,Open,I was charged twice for the same transaction. Please resolve this as soon as possible.
TKT-10896,CUS-000154,2026-07-28 19:03:58,2026-07-29 15:02:10,Email,Account Access,Profile Update Failed,Free,73,19.97,3,Escalated,I cannot save the changes to my profile.
TKT-10897,CUS-000365,2026-07-02 07:47:29,2026-07-04 13:40:17,WhatsApp,App Bug,Notification Error,Premium,15,53.88,,Resolved,The notifications are delayed or showing the wrong information. I have already tried again several times.
TKT-10898,CUS-000501,2026-06-05 01:58:55,2026-06-05 09:30:07,In-App Chat,Feature Request,Dark Mode,Premium,8,7.52,,Resolved,I like the app and would find a dark mode option useful. I would be happy to use this feature.
TKT-10899,CUS-000910,2026-06-02 06:34:25,2026-06-02 17:45:49,Email,Delivery Delay,Missing Items,Premium,20,11.19,3,Resolved,Some items were missing when my order arrived. This has been very frustrating.
TKT-10900,CUS-000853,2026-06-28 11:46:14,2026-07-01 01:42:02,Social Media,App Bug,Notification Error,Premium,16,61.93,1,Resolved,The notifications are delayed or showing the wrong information. This has been very frustrating.
TKT-10901,CUS-000895,2026-07-22 08:43:20,2026-07-23 23:14:32,WhatsApp,Delivery Delay,Tracking Not Updated,Free,25,38.52,3,Escalated,The tracking status has not changed for a while.
TKT-10902,CUS-000138,2026-06-02 18:23:17,2026-06-03 08:26:53,In-App Chat,App Bug,Page Not Loading,Free,16,14.06,3,Resolved,The page is stuck loading and I cannot continue. This is disrupting what I need to do.
TKT-10903,CUS-000015,2026-07-16 22:32:49,2026-07-17 14:13:37,WhatsApp,App Bug,Page Not Loading,Premium,18,15.68,3,Resolved,The page is stuck loading and I cannot continue. Please resolve this as soon as possible.
TKT-10904,CUS-000773,2026-07-09 08:38:56,,Email,Billing/Refunds,Payment Failed,Free,296,,1,Open,My payment keeps failing even though my details are correct. Please resolve this as soon as possible.
TKT-10905,CUS-000348,2026-07-04 19:38:14,2026-07-05 22:36:26,Social Media,Delivery Delay,Wrong Delivery Address,Premium,45,26.97,,Resolved,The delivery address shown for my order is incorrect. This has been very frustrating.
TKT-10906,CUS-001499,2026-07-18 21:49:57,2026-07-19 08:58:57,In-App Chat,Delivery Delay,Tracking Not Updated,Premium,35,11.15,4,Resolved,The tracking status has not changed for a while. Please resolve this as soon as possible.
TKT-10907,CUS-000719,2026-07-19 05:24:12,2026-07-19 13:14:36,Email,Feature Request,Dark Mode,Premium,24,7.84,,Resolved,I like the app and would find a dark mode option useful. Everything else is working well for me.
TKT-10908,CUS-000600,2026-07-07 13:35:01,2026-07-08 20:47:37,Email,Delivery Delay,Late Delivery,Free,210,31.21,,Resolved,My order is later than the delivery estimate. I have already tried again several times.
TKT-10909,CUS-000897,2026-07-08 03:31:14,2026-07-09 03:48:02,In-App Chat,Feature Request,Notification Controls,Premium,12,24.28,4,Resolved,Please add more control over which notifications I receive. Everything else is working well for me.
TKT-10910,CUS-001056,2026-06-27 03:13:01,2026-06-28 06:34:37,Email,Billing/Refunds,Refund Pending,Free,137,27.36,,Resolved,My refund is still pending and I need an update. This is disrupting what I need to do.
TKT-10911,CUS-000151,2026-06-07 21:02:59,2026-06-08 16:02:59,Email,Feature Request,Export Data,Free,99,19.0,,Resolved,Could you add a way to export my account data? I would be happy to use this feature.
TKT-10912,CUS-001248,2026-07-18 05:34:18,2026-07-18 20:48:42,Email,Account Access,Verification Code Missing,Free,60,15.24,4,Resolved,The verification code has not arrived yet. I would appreciate an update when possible.
TKT-10913,CUS-000245,2026-07-12 15:57:49,2026-07-17 17:37:25,In-App Chat,App Bug,Login Timeout,Free,36,121.66,,Resolved,I keep getting timed out when I try to sign in. This is disrupting what I need to do.
TKT-10914,CUS-000654,2026-07-27 07:07:03,2026-07-27 10:18:27,Email,Account Access,Account Locked,Enterprise,17,3.19,5,Resolved,My account is locked and I cannot get back in. I would appreciate an update when possible.
TKT-10915,CUS-000607,2026-07-16 22:56:33,,In-App Chat,App Bug,Page Not Loading,Enterprise,1,,1,Open,The page is stuck loading and I cannot continue. Please resolve this as soon as possible.
TKT-10916,CUS-000947,2026-06-01 12:42:20,2026-06-02 14:43:32,WhatsApp,App Bug,Login Timeout,Free,31,26.02,3,Resolved,I keep getting timed out when I try to sign in.
TKT-10917,CUS-001160,2026-08-02 08:54:50,2026-08-03 22:42:14,WhatsApp,Billing/Refunds,Payment Failed,Premium,26,37.79,2,Resolved,My payment keeps failing even though my details are correct.
TKT-10918,CUS-001351,2026-08-09 13:16:30,2026-08-11 23:59:42,In-App Chat,Billing/Refunds,Payment Failed,Free,27,58.72,2,Escalated,My payment keeps failing even though my details are correct.
TKT-10919,CUS-000870,2026-06-06 10:45:33,2026-06-07 21:07:09,In-App Chat,App Bug,Page Not Loading,Premium,14,34.36,3,Resolved,The page is stuck loading and I cannot continue. This is disrupting what I need to do.
TKT-10920,CUS-000286,2026-08-11 23:43:43,2026-08-11 23:59:55,In-App Chat,Feature Request,Notification Controls,Premium,7,0.27,,Resolved,Please add more control over which notifications I receive. Everything else is working well for me.
TKT-10921,CUS-001161,2026-06-30 23:49:24,2026-07-01 23:55:24,Email,Account Access,Password Reset,Free,87,24.1,3,Escalated,I need help resetting my password. Thank you for checking this for me.
TKT-10922,CUS-000801,2026-05-21 09:35:57,2026-05-21 21:31:09,WhatsApp,Account Access,Verification Code Missing,Free,32,11.92,3,Closed,The verification code has not arrived yet.
TKT-10923,CUS-000982,2026-07-08 14:00:59,2026-07-11 05:26:11,Email,App Bug,Login Timeout,Free,66,63.42,2,Resolved,I keep getting timed out when I try to sign in.
TKT-10924,CUS-000749,2026-07-13 10:09:07,2026-07-14 10:23:31,In-App Chat,App Bug,App Crash,Free,15,24.24,,Closed,The app closes every time I try to complete this action. This has been very frustrating.
TKT-10925,CUS-000703,2026-06-19 15:22:12,2026-06-20 12:59:24,In-App Chat,Billing/Refunds,Refund Pending,Enterprise,7,21.62,2,Closed,My refund is still pending and I need an update. This has been very frustrating.
TKT-10926,CUS-001175,2026-08-10 23:52:24,2026-08-11 10:18:48,In-App Chat,Delivery Delay,Tracking Not Updated,Free,29,10.44,3,Resolved,The tracking status has not changed for a while. I have already tried again several times.
TKT-10927,CUS-000867,2026-08-02 07:11:42,2026-08-03 15:39:54,WhatsApp,Billing/Refunds,Incorrect Amount,Free,39,32.47,1,Resolved,The amount on my bill does not match what I expected. I have already tried again several times.
TKT-10928,CUS-001455,2026-07-07 20:42:40,2026-07-08 15:34:16,Email,Delivery Delay,Missing Items,Free,265,18.86,,Resolved,Some items were missing when my order arrived. I have already tried again several times.
TKT-10929,CUS-001250,2026-06-28 05:09:41,2026-07-01 03:01:53,Email,Delivery Delay,Missing Items,Enterprise,17,69.87,,Escalated,Some items were missing when my order arrived. This has been very frustrating.
TKT-10930,CUS-000794,2026-08-05 23:42:06,2026-08-06 08:51:42,In-App Chat,Account Access,Account Locked,Free,48,9.16,3,Resolved,My account is locked and I cannot get back in. Thank you for checking this for me.
TKT-10931,CUS-000379,2026-07-06 01:42:26,2026-07-06 15:07:02,WhatsApp,Delivery Delay,Tracking Not Updated,Premium,18,13.41,3,Resolved,The tracking status has not changed for a while.
TKT-10932,CUS-000036,2026-05-18 17:55:26,2026-05-19 18:46:26,In-App Chat,App Bug,Page Not Loading,Premium,8,24.85,3,Resolved,The page is stuck loading and I cannot continue.
TKT-10933,CUS-000367,2026-07-13 02:34:35,,WhatsApp,Feature Request,Export Data,Free,17,,3,Open,Could you add a way to export my account data?
TKT-10934,CUS-000485,2026-05-21 23:54:28,2026-05-22 08:24:28,WhatsApp,Delivery Delay,Tracking Not Updated,Free,39,8.5,,Resolved,The tracking status has not changed for a while. This has been very frustrating.
TKT-10935,CUS-000214,2026-06-06 13:11:48,2026-06-07 03:52:36,Email,Delivery Delay,Wrong Delivery Address,Free,14,14.68,3,Resolved,The delivery address shown for my order is incorrect. I have already tried again several times.
TKT-10936,CUS-001129,2026-07-18 13:59:00,2026-07-18 23:21:48,WhatsApp,Account Access,Verification Code Missing,Free,40,9.38,4,Resolved,The verification code has not arrived yet. I would appreciate an update when possible.
TKT-10937,CUS-000565,2026-05-30 20:03:24,2026-05-31 10:41:12,In-App Chat,Delivery Delay,Tracking Not Updated,Premium,13,14.63,3,Closed,The tracking status has not changed for a while. I have already tried again several times.
TKT-10938,CUS-000063,2026-06-30 12:34:00,2026-07-01 03:36:24,Email,Feature Request,Dark Mode,Premium,30,15.04,5,Resolved,I like the app and would find a dark mode option useful.
TKT-10939,CUS-000733,2026-07-16 18:50:08,,In-App Chat,App Bug,Notification Error,Free,22,,1,Open,The notifications are delayed or showing the wrong information. I have already tried again several times.
TKT-10940,CUS-001324,2026-07-14 13:30:37,2026-07-15 14:00:37,Email,Delivery Delay,Late Delivery,Free,34,24.5,,Resolved,My order is later than the delivery estimate. I have already tried again several times.
TKT-10941,CUS-000587,2026-08-08 15:00:35,2026-08-09 13:37:47,In-App Chat,Delivery Delay,Missing Items,Free,54,22.62,,Resolved,Some items were missing when my order arrived. I have already tried again several times.
TKT-10942,CUS-001517,2026-07-24 19:12:53,2026-07-26 04:05:05,In-App Chat,App Bug,Login Timeout,Free,19,32.87,,Resolved,I keep getting timed out when I try to sign in. Please resolve this as soon as possible.
TKT-10943,CUS-001434,2026-08-08 05:04:21,2026-08-08 10:25:21,In-App Chat,Feature Request,Notification Controls,Premium,6,5.35,5,Resolved,Please add more control over which notifications I receive. Thanks for considering the suggestion.
TKT-10944,CUS-001494,2026-07-01 11:26:05,2026-07-02 19:11:05,In-App Chat,App Bug,Page Not Loading,Premium,15,31.75,,Resolved,The page is stuck loading and I cannot continue. Please resolve this as soon as possible.
TKT-10945,CUS-001126,2026-07-13 03:52:42,2026-07-13 07:11:18,Email,Account Access,Password Reset,Premium,37,3.31,4,Closed,I need help resetting my password. Please let me know what information you need.
TKT-10946,CUS-001361,2026-07-29 04:27:43,2026-07-29 23:44:31,Email,Billing/Refunds,Incorrect Amount,Free,60,19.28,,Resolved,The amount on my bill does not match what I expected. This is disrupting what I need to do.
TKT-10947,CUS-000656,2026-08-07 17:42:02,2026-08-09 15:48:38,In-App Chat,Billing/Refunds,Payment Failed,Free,17,46.11,2,Closed,My payment keeps failing even though my details are correct. I have already tried again several times.
TKT-10948,CUS-001160,2026-06-25 17:00:40,2026-06-27 11:07:16,WhatsApp,Delivery Delay,Tracking Not Updated,Free,33,42.11,2,Resolved,The tracking status has not changed for a while. Please resolve this as soon as possible.
TKT-10949,CUS-000394,2026-07-24 01:09:48,2026-07-28 17:59:00,WhatsApp,App Bug,App Crash,Enterprise,13,112.82,,Closed,The app closes every time I try to complete this action.
TKT-10950,CUS-000365,2026-06-23 16:29:54,2026-06-24 14:51:30,In-App Chat,App Bug,Notification Error,Premium,14,22.36,3,Resolved,The notifications are delayed or showing the wrong information. This has been very frustrating.
TKT-10951,CUS-001590,2026-07-25 21:43:34,2026-07-26 09:25:34,Email,Billing/Refunds,Refund Pending,Enterprise,12,11.7,3,Resolved,My refund is still pending and I need an update. This is disrupting what I need to do.
TKT-10952,CUS-000907,2026-05-28 10:58:20,2026-05-30 10:13:20,Email,App Bug,Page Not Loading,Free,126,47.25,2,Resolved,The page is stuck loading and I cannot continue. I have already tried again several times.
TKT-10953,CUS-000136,2026-07-06 00:47:57,,Social Media,Delivery Delay,Wrong Delivery Address,Free,44,,,Open,The delivery address shown for my order is incorrect. I have already tried again several times.
TKT-10954,CUS-000353,2026-07-31 18:23:24,,In-App Chat,Feature Request,New Payment Option,Premium,14,,3,Open,It would be helpful to have another payment option. I would be happy to use this feature.
TKT-10955,CUS-000767,2026-07-12 08:41:55,2026-07-14 01:38:55,Social Media,Billing/Refunds,Payment Failed,Free,47,40.95,,Escalated,My payment keeps failing even though my details are correct. This is disrupting what I need to do.
TKT-10956,CUS-001424,2026-05-23 15:53:36,,In-App Chat,Account Access,Account Locked,Premium,15,,3,Open,My account is locked and I cannot get back in.
TKT-10957,CUS-001508,2026-06-20 14:45:37,2026-06-22 23:54:37,In-App Chat,App Bug,Notification Error,Free,17,57.15,1,Resolved,The notifications are delayed or showing the wrong information. This is disrupting what I need to do.
TKT-10958,CUS-000206,2026-07-08 13:08:30,2026-07-08 23:45:42,Social Media,Account Access,Password Reset,Enterprise,4,10.62,3,Resolved,I need help resetting my password. Please let me know what information you need.
TKT-10959,CUS-000117,2026-07-25 20:33:42,2026-07-27 21:45:06,Email,App Bug,Page Not Loading,Free,131,49.19,2,Resolved,The page is stuck loading and I cannot continue.
TKT-10960,CUS-000222,2026-07-30 14:43:44,2026-08-01 14:35:20,WhatsApp,App Bug,Login Timeout,Enterprise,14,47.86,,Escalated,I keep getting timed out when I try to sign in. Please resolve this as soon as possible.
TKT-10961,CUS-001134,2026-06-24 17:26:53,2026-06-26 18:23:17,In-App Chat,App Bug,App Crash,Free,12,48.94,1,Resolved,The app closes every time I try to complete this action. I have already tried again several times.
TKT-10962,CUS-000881,2026-08-11 04:21:45,2026-08-11 20:06:09,In-App Chat,Account Access,Profile Update Failed,Free,26,15.74,5,Resolved,I cannot save the changes to my profile. Could someone advise me on the next step?
TKT-10963,CUS-001241,2026-06-19 18:31:48,2026-06-20 19:19:12,In-App Chat,App Bug,Page Not Loading,Free,17,24.79,,Closed,The page is stuck loading and I cannot continue. This is disrupting what I need to do.
TKT-10964,CUS-000988,2026-07-13 03:37:27,2026-07-16 07:06:51,In-App Chat,App Bug,Notification Error,Free,40,75.49,2,Resolved,The notifications are delayed or showing the wrong information. I have already tried again several times.
TKT-10965,CUS-000174,2026-08-01 23:35:49,2026-08-03 06:40:01,In-App Chat,Delivery Delay,Late Delivery,Enterprise,4,31.07,4,Closed,My order is later than the delivery estimate.
TKT-10966,CUS-000445,2026-07-23 14:19:52,2026-07-23 23:39:04,Email,Delivery Delay,Missing Items,Enterprise,98,9.32,4,Resolved,Some items were missing when my order arrived. I have already tried again several times.
TKT-10967,CUS-000573,2026-07-21 17:33:38,2026-07-23 18:56:26,Email,App Bug,App Crash,Enterprise,10,49.38,,Closed,The app closes every time I try to complete this action. Please resolve this as soon as possible.
TKT-10968,CUS-001186,2026-06-30 13:15:12,2026-07-03 01:29:00,Email,Delivery Delay,Late Delivery,Enterprise,32,60.23,,Escalated,My order is later than the delivery estimate.
TKT-10969,CUS-000994,2026-07-03 05:29:47,2026-07-04 16:09:59,Email,Delivery Delay,Tracking Not Updated,Premium,94,34.67,,Closed,The tracking status has not changed for a while. Please resolve this as soon as possible.
TKT-10970,CUS-001595,2026-07-07 01:02:05,2026-07-10 00:03:17,In-App Chat,Billing/Refunds,Incorrect Amount,Free,32,71.02,2,Resolved,The amount on my bill does not match what I expected. I have already tried again several times.
TKT-10971,CUS-000263,2026-06-10 06:31:50,2026-06-10 14:01:50,Social Media,Account Access,Password Reset,Premium,20,7.5,,Resolved,I need help resetting my password.
TKT-10972,CUS-001581,2026-05-22 11:55:34,2026-05-24 06:13:34,In-App Chat,App Bug,App Crash,Free,24,42.3,3,Resolved,The app closes every time I try to complete this action. This has been very frustrating.
TKT-10973,CUS-000388,2026-06-26 11:42:08,2026-06-26 15:27:44,WhatsApp,Delivery Delay,Missing Items,Premium,15,3.76,3,Resolved,Some items were missing when my order arrived. This is disrupting what I need to do.
TKT-10974,CUS-000591,2026-07-25 00:10:03,2026-07-27 18:29:15,In-App Chat,Billing/Refunds,Duplicate Charge,Free,47,66.32,2,Closed,I was charged twice for the same transaction. Please resolve this as soon as possible.
TKT-10975,CUS-000064,2026-07-27 00:12:13,2026-07-27 13:50:01,Email,Account Access,Profile Update Failed,Premium,20,13.63,3,Resolved,I cannot save the changes to my profile. I would appreciate an update when possible.
TKT-10976,CUS-000513,2026-08-01 05:41:34,2026-08-03 20:12:10,WhatsApp,Billing/Refunds,Incorrect Amount,Free,30,62.51,2,Resolved,The amount on my bill does not match what I expected.
TKT-10977,CUS-000356,2026-08-05 20:03:26,2026-08-06 01:23:14,Email,Account Access,Verification Code Missing,Free,62,5.33,3,Resolved,The verification code has not arrived yet. Could someone advise me on the next step?
TKT-10978,CUS-000383,2026-07-31 17:39:31,,Email,Feature Request,Notification Controls,Free,26,,4,Open,Please add more control over which notifications I receive.
TKT-10979,CUS-000954,2026-08-04 17:27:45,2026-08-07 08:28:21,Social Media,App Bug,Login Timeout,Free,74,63.01,2,Resolved,I keep getting timed out when I try to sign in.
TKT-10980,CUS-001316,2026-06-13 18:30:07,2026-06-14 08:58:55,In-App Chat,Delivery Delay,Wrong Delivery Address,Free,45,14.48,,Resolved,The delivery address shown for my order is incorrect. I have already tried again several times.
TKT-10981,CUS-001254,2026-07-10 00:46:35,2026-07-11 02:11:47,Social Media,Feature Request,Dark Mode,Free,29,25.42,,Resolved,I like the app and would find a dark mode option useful.
TKT-10982,CUS-001396,2026-07-08 20:10:57,2026-07-09 23:48:45,WhatsApp,Delivery Delay,Wrong Delivery Address,Free,64,27.63,2,Resolved,The delivery address shown for my order is incorrect.
TKT-10983,CUS-001226,2026-07-27 03:31:53,,WhatsApp,Billing/Refunds,Incorrect Amount,Free,13,,,Open,The amount on my bill does not match what I expected.
TKT-10984,CUS-001637,2026-08-03 04:39:10,2026-08-04 10:18:10,Email,Delivery Delay,Tracking Not Updated,Free,76,29.65,3,Resolved,The tracking status has not changed for a while. This has been very frustrating.
TKT-10985,CUS-000038,2026-08-08 11:18:55,2026-08-09 05:35:43,In-App Chat,Billing/Refunds,Payment Failed,Premium,10,18.28,,Closed,My payment keeps failing even though my details are correct. Please resolve this as soon as possible.
TKT-10986,CUS-001646,2026-07-19 16:38:08,2026-07-20 08:44:08,Social Media,App Bug,Page Not Loading,Free,46,16.1,3,Closed,The page is stuck loading and I cannot continue. I have already tried again several times.
TKT-10987,CUS-000694,2026-06-14 17:37:14,2026-06-17 14:07:14,Email,Delivery Delay,Missing Items,Free,78,68.5,3,Escalated,Some items were missing when my order arrived. Please resolve this as soon as possible.
TKT-10988,CUS-000798,2026-06-15 07:46:52,2026-06-15 18:33:40,In-App Chat,Account Access,Profile Update Failed,Free,22,10.78,,Closed,I cannot save the changes to my profile.
TKT-10989,CUS-000963,2026-07-29 07:53:32,2026-07-30 09:10:20,In-App Chat,Account Access,Profile Update Failed,Free,18,25.28,3,Closed,I cannot save the changes to my profile.
TKT-10990,CUS-000013,2026-07-16 11:02:13,2026-07-18 01:49:01,In-App Chat,App Bug,Login Timeout,Free,22,38.78,,Resolved,I keep getting timed out when I try to sign in. I have already tried again several times.
TKT-10991,CUS-000335,2026-07-02 10:21:27,2026-07-03 13:36:27,Email,Delivery Delay,Tracking Not Updated,Premium,79,27.25,3,Resolved,The tracking status has not changed for a while. This is disrupting what I need to do.
TKT-10992,CUS-000751,2026-06-10 04:10:34,2026-06-11 14:46:34,In-App Chat,Delivery Delay,Late Delivery,Free,16,34.6,,Closed,My order is later than the delivery estimate.
TKT-10993,CUS-001292,2026-06-20 05:53:34,2026-06-23 10:49:58,In-App Chat,App Bug,Page Not Loading,Free,93,76.94,2,Closed,The page is stuck loading and I cannot continue. I have already tried again several times.
TKT-10994,CUS-001460,2026-05-17 05:58:50,2026-05-17 14:13:14,In-App Chat,Feature Request,New Payment Option,Free,16,8.24,4,Resolved,It would be helpful to have another payment option. Everything else is working well for me.
TKT-10995,CUS-000265,2026-07-10 17:16:18,2026-07-12 01:13:18,WhatsApp,Billing/Refunds,Payment Failed,Free,39,31.95,,Resolved,My payment keeps failing even though my details are correct. I have already tried again several times.
TKT-10996,CUS-000451,2026-08-02 22:28:13,2026-08-04 00:42:37,In-App Chat,Billing/Refunds,Incorrect Amount,Free,33,26.24,2,Resolved,The amount on my bill does not match what I expected. I have already tried again several times.
TKT-10997,CUS-001014,2026-07-08 12:59:37,2026-07-09 00:00:49,In-App Chat,Account Access,Verification Code Missing,Premium,9,11.02,4,Resolved,The verification code has not arrived yet.
TKT-10998,CUS-000610,2026-07-01 15:52:40,2026-07-02 07:51:28,Email,Feature Request,Export Data,Free,175,15.98,4,Resolved,Could you add a way to export my account data? I would be happy to use this feature.
TKT-10999,CUS-000514,2026-05-27 15:57:42,2026-05-28 08:20:30,In-App Chat,Billing/Refunds,Payment Failed,Premium,15,16.38,3,Resolved,My payment keeps failing even though my details are correct. This has been very frustrating.
TKT-11000,CUS-000646,2026-07-18 11:31:04,2026-07-19 10:55:04,WhatsApp,Billing/Refunds,Incorrect Amount,Free,30,23.4,2,Resolved,The amount on my bill does not match what I expected.
TKT-11001,CUS-001175,2026-05-19 01:47:30,2026-05-22 20:07:18,WhatsApp,Billing/Refunds,Payment Failed,Free,79,90.33,,Closed,My payment keeps failing even though my details are correct.
TKT-11002,CUS-000355,2026-07-12 04:42:46,2026-07-12 14:21:10,Email,Delivery Delay,Missing Items,Free,40,9.64,,Closed,Some items were missing when my order arrived.
TKT-11003,CUS-000117,2026-06-22 07:47:58,2026-06-24 12:11:22,Email,Billing/Refunds,Payment Failed,Free,52,52.39,,Closed,My payment keeps failing even though my details are correct.
TKT-11004,CUS-000003,2026-06-17 06:51:49,2026-06-20 22:18:13,In-App Chat,App Bug,App Crash,Free,33,87.44,2,Closed,The app closes every time I try to complete this action. This is disrupting what I need to do.
TKT-11005,CUS-000870,2026-07-15 14:04:10,2026-07-16 05:53:58,In-App Chat,Feature Request,New Payment Option,Premium,17,15.83,4,Resolved,It would be helpful to have another payment option.
TKT-11006,CUS-000429,2026-08-10 10:48:52,2026-08-12 00:00:00,In-App Chat,Billing/Refunds,Duplicate Charge,Premium,13,37.19,,Resolved,I was charged twice for the same transaction. This has been very frustrating.
TKT-11007,CUS-000929,2026-08-02 13:35:27,2026-08-03 08:53:27,In-App Chat,Account Access,Account Locked,Free,21,19.3,3,Closed,My account is locked and I cannot get back in. Please let me know what information you need.
TKT-11008,CUS-001482,2026-08-09 04:35:57,2026-08-10 10:41:21,In-App Chat,Account Access,Account Locked,Free,20,30.09,3,Escalated,My account is locked and I cannot get back in. Thank you for checking this for me.
TKT-11009,CUS-000506,2026-08-04 00:13:56,2026-08-04 16:22:20,Email,Delivery Delay,Late Delivery,Premium,69,16.14,,Closed,My order is later than the delivery estimate. Please resolve this as soon as possible.
TKT-11010,CUS-000339,2026-08-05 13:33:43,2026-08-07 19:19:19,In-App Chat,App Bug,Login Timeout,Free,27,53.76,,Closed,I keep getting timed out when I try to sign in. This has been very frustrating.
TKT-11011,CUS-000002,2026-06-26 06:41:55,2026-06-28 21:53:55,In-App Chat,App Bug,Login Timeout,Free,13,63.2,,Closed,I keep getting timed out when I try to sign in.
TKT-11012,CUS-001639,2026-05-30 22:39:52,2026-06-01 03:14:39,Email,Billing/Refunds,Duplicate Charge,Premium,19,28.58,,Closed,I was charged twice for the same transaction. This is disrupting what I need to do.
TKT-11013,CUS-000853,2026-08-04 14:21:27,2026-08-05 07:05:51,Email,Delivery Delay,Tracking Not Updated,Free,190,16.74,3,Closed,The tracking status has not changed for a while. I have already tried again several times.
TKT-11014,CUS-001353,2026-06-07 03:06:26,2026-06-07 15:55:02,In-App Chat,Delivery Delay,Missing Items,Free,15,12.81,2,Closed,Some items were missing when my order arrived.
TKT-11015,CUS-001441,2026-07-28 07:31:35,2026-07-29 15:13:35,In-App Chat,Billing/Refunds,Payment Failed,Free,27,31.7,3,Resolved,My payment keeps failing even though my details are correct.
TKT-11016,CUS-001646,2026-08-02 11:21:43,2026-08-03 02:09:07,In-App Chat,App Bug,Page Not Loading,Free,53,14.79,,Resolved,The page is stuck loading and I cannot continue. This is disrupting what I need to do.
TKT-11017,CUS-001441,2026-06-23 18:52:12,2026-06-24 05:21:00,In-App Chat,Feature Request,Export Data,Free,32,10.48,5,Resolved,"Could you add a way to export my account data? The service has been useful overall, so this would be a great addition."
TKT-11018,CUS-000508,2026-05-28 04:35:54,2026-05-28 10:18:30,WhatsApp,Billing/Refunds,Duplicate Charge,Premium,10,5.71,,Resolved,I was charged twice for the same transaction. Please resolve this as soon as possible.
TKT-11019,CUS-000936,2026-07-30 00:42:27,2026-08-01 21:42:27,WhatsApp,App Bug,Page Not Loading,Free,18,69.0,2,Closed,The page is stuck loading and I cannot continue. Please resolve this as soon as possible.
TKT-11020,CUS-001622,2026-07-05 14:35:25,2026-07-06 08:31:49,Email,Account Access,Account Locked,Free,237,17.94,,Resolved,My account is locked and I cannot get back in.
TKT-11021,CUS-001063,2026-08-06 04:34:16,2026-08-07 17:06:04,Email,App Bug,App Crash,Free,39,36.53,3,Resolved,The app closes every time I try to complete this action.
TKT-11022,CUS-001292,2026-06-16 09:52:30,2026-06-20 15:00:18,Social Media,App Bug,App Crash,Premium,14,101.13,2,Closed,The app closes every time I try to complete this action. Please resolve this as soon as possible.
TKT-11023,CUS-001522,2026-07-31 14:27:43,2026-08-03 18:42:07,Email,App Bug,Login Timeout,Free,94,76.24,,Resolved,I keep getting timed out when I try to sign in. I have already tried again several times.
TKT-11024,CUS-001028,2026-06-13 16:03:14,2026-06-17 01:02:38,In-App Chat,Billing/Refunds,Payment Failed,Premium,9,80.99,1,Escalated,My payment keeps failing even though my details are correct. This is disrupting what I need to do.
TKT-11025,CUS-001160,2026-07-01 11:55:44,2026-07-01 20:31:44,In-App Chat,Account Access,Verification Code Missing,Free,33,8.6,3,Resolved,The verification code has not arrived yet. Thank you for checking this for me.
TKT-11026,CUS-000980,2026-08-05 14:10:13,2026-08-06 07:25:13,Email,Delivery Delay,Missing Items,Free,30,17.25,4,Resolved,Some items were missing when my order arrived. Please resolve this as soon as possible.
TKT-11027,CUS-000585,2026-06-22 09:11:25,2026-06-22 21:55:13,Email,Account Access,Verification Code Missing,Free,65,12.73,3,Resolved,The verification code has not arrived yet. I would appreciate an update when possible.
TKT-11028,CUS-000427,2026-05-27 20:27:45,2026-05-28 22:41:33,In-App Chat,Billing/Refunds,Payment Failed,Free,35,26.23,,Resolved,My payment keeps failing even though my details are correct. Please resolve this as soon as possible.
TKT-11029,CUS-001064,2026-07-29 12:32:58,2026-07-30 17:34:46,In-App Chat,Delivery Delay,Missing Items,Free,35,29.03,3,Resolved,Some items were missing when my order arrived. This has been very frustrating.
TKT-11030,CUS-001639,2026-07-17 06:12:06,2026-07-18 15:45:06,In-App Chat,Billing/Refunds,Refund Pending,Premium,7,33.55,,Resolved,My refund is still pending and I need an update. This is disrupting what I need to do.
TKT-11031,CUS-001533,2026-08-08 03:43:09,2026-08-08 16:16:09,In-App Chat,Delivery Delay,Late Delivery,Enterprise,2,12.55,4,Resolved,My order is later than the delivery estimate. I have already tried again several times.
TKT-11032,CUS-000374,2026-07-15 17:16:24,2026-07-17 23:24:12,Email,App Bug,Login Timeout,Premium,39,54.13,,Resolved,I keep getting timed out when I try to sign in. Please resolve this as soon as possible.
TKT-11033,CUS-001419,2026-06-13 09:35:39,2026-06-14 08:09:15,Email,Delivery Delay,Wrong Delivery Address,Free,33,22.56,2,Closed,The delivery address shown for my order is incorrect. I have already tried again several times.
TKT-11034,CUS-000044,2026-07-17 16:45:31,2026-07-18 21:34:43,Email,Billing/Refunds,Payment Failed,Free,165,28.82,3,Resolved,My payment keeps failing even though my details are correct. This has been very frustrating.
TKT-11035,CUS-000982,2026-06-19 05:02:26,2026-06-19 18:18:38,In-App Chat,Billing/Refunds,Payment Failed,Premium,12,13.27,2,Resolved,My payment keeps failing even though my details are correct. This has been very frustrating.
TKT-11036,CUS-001562,2026-07-02 15:29:59,2026-07-03 21:19:47,In-App Chat,App Bug,Notification Error,Free,15,29.83,3,Resolved,The notifications are delayed or showing the wrong information.
TKT-11037,CUS-001615,2026-07-16 07:50:13,,WhatsApp,Billing/Refunds,Incorrect Amount,Premium,8,,,Open,The amount on my bill does not match what I expected. This is disrupting what I need to do.
TKT-11038,CUS-001006,2026-06-27 13:37:45,2026-06-28 06:32:57,Email,Billing/Refunds,Refund Pending,Premium,23,16.92,3,Closed,My refund is still pending and I need an update.
TKT-11039,CUS-001060,2026-07-08 17:35:16,,In-App Chat,Delivery Delay,Late Delivery,Free,9,,3,Open,My order is later than the delivery estimate. I have already tried again several times.
TKT-11040,CUS-000658,2026-06-25 10:10:20,,In-App Chat,Delivery Delay,Wrong Delivery Address,Enterprise,5,,2,Open,The delivery address shown for my order is incorrect. Please resolve this as soon as possible.
TKT-11041,CUS-001216,2026-07-15 09:01:32,2026-07-15 15:30:20,WhatsApp,Billing/Refunds,Duplicate Charge,Premium,9,6.48,,Resolved,I was charged twice for the same transaction. Please resolve this as soon as possible.
TKT-11042,CUS-000424,2026-06-14 07:36:46,2026-06-15 06:50:34,Social Media,Feature Request,Dark Mode,Free,55,23.23,5,Closed,I like the app and would find a dark mode option useful. Thanks for considering the suggestion.
TKT-11043,CUS-000064,2026-05-30 05:00:36,2026-05-30 15:23:24,WhatsApp,Delivery Delay,Tracking Not Updated,Enterprise,8,10.38,4,Resolved,The tracking status has not changed for a while. This is disrupting what I need to do.
TKT-11044,CUS-001409,2026-07-19 07:47:01,2026-07-22 02:25:25,Email,Delivery Delay,Wrong Delivery Address,Free,135,66.64,,Escalated,The delivery address shown for my order is incorrect. This has been very frustrating.
TKT-11045,CUS-000113,2026-08-09 03:34:04,2026-08-09 19:52:40,Email,Account Access,Password Reset,Free,87,16.31,4,Resolved,I need help resetting my password. Could someone advise me on the next step?
TKT-11046,CUS-001124,2026-07-22 13:49:54,2026-07-23 00:21:06,Email,Account Access,Password Reset,Free,149,10.52,4,Resolved,I need help resetting my password.
TKT-11047,CUS-000733,2026-07-14 11:47:30,,In-App Chat,Account Access,Profile Update Failed,Free,54,,3,Open,I cannot save the changes to my profile. Thank you for checking this for me.
TKT-11048,CUS-000079,2026-06-27 12:26:05,2026-06-28 02:59:41,Email,Account Access,Profile Update Failed,Free,87,14.56,,Escalated,I cannot save the changes to my profile. Thank you for checking this for me.
TKT-11049,CUS-000294,2026-07-20 10:07:26,,Email,Feature Request,Notification Controls,Enterprise,15,,4,Open,Please add more control over which notifications I receive. I would be happy to use this feature.
TKT-11050,CUS-000183,2026-05-31 20:37:57,2026-06-01 22:07:57,In-App Chat,Billing/Refunds,Payment Failed,Free,16,25.5,,Resolved,My payment keeps failing even though my details are correct. This is disrupting what I need to do.
TKT-11051,CUS-000379,2026-06-04 03:30:00,2026-06-04 14:27:00,WhatsApp,App Bug,Notification Error,Free,18,10.95,,Resolved,The notifications are delayed or showing the wrong information. This is disrupting what I need to do.
TKT-11052,CUS-001067,2026-06-23 11:29:02,2026-06-25 01:16:26,In-App Chat,Billing/Refunds,Incorrect Amount,Premium,23,37.79,,Resolved,The amount on my bill does not match what I expected. This is disrupting what I need to do.
TKT-11053,CUS-000951,2026-06-04 10:43:05,2026-06-05 13:17:52,In-App Chat,Feature Request,Dark Mode,Free,34,26.58,,Resolved,"I like the app and would find a dark mode option useful. The service has been useful overall, so this would be a great addition."
TKT-11054,CUS-000726,2026-07-11 02:57:03,2026-07-13 22:37:51,In-App Chat,App Bug,App Crash,Premium,16,67.68,1,Resolved,The app closes every time I try to complete this action. This has been very frustrating.
TKT-11055,CUS-001419,2026-06-17 12:50:40,2026-06-18 21:11:40,WhatsApp,Account Access,Verification Code Missing,Free,23,32.35,,Resolved,The verification code has not arrived yet. Could someone advise me on the next step?
TKT-11056,CUS-001271,2026-06-08 12:56:58,2026-06-09 16:19:46,WhatsApp,Delivery Delay,Missing Items,Enterprise,15,27.38,,Closed,Some items were missing when my order arrived.
TKT-11057,CUS-001155,2026-07-11 10:26:11,2026-07-12 01:41:11,Email,Feature Request,Dark Mode,Premium,30,15.25,5,Resolved,I like the app and would find a dark mode option useful. Everything else is working well for me.
TKT-11058,CUS-000997,2026-07-15 01:29:16,2026-07-17 18:52:40,WhatsApp,Billing/Refunds,Duplicate Charge,Free,20,65.39,3,Closed,I was charged twice for the same transaction. This has been very frustrating.
TKT-11059,CUS-001161,2026-06-10 17:55:02,2026-06-12 03:01:38,WhatsApp,Delivery Delay,Tracking Not Updated,Free,24,33.11,3,Escalated,The tracking status has not changed for a while. I have already tried again several times.
TKT-11060,CUS-000396,2026-05-22 20:15:41,2026-05-23 02:37:53,WhatsApp,Feature Request,New Payment Option,Free,89,6.37,4,Closed,It would be helpful to have another payment option. Thanks for considering the suggestion.
TKT-11061,CUS-000445,2026-07-19 21:24:41,2026-07-20 12:03:41,WhatsApp,Billing/Refunds,Incorrect Amount,Enterprise,3,14.65,,Resolved,The amount on my bill does not match what I expected. This has been very frustrating.
TKT-11062,CUS-000514,2026-07-01 06:18:52,2026-07-02 18:42:52,Email,Delivery Delay,Tracking Not Updated,Premium,21,36.4,2,Resolved,The tracking status has not changed for a while. This has been very frustrating.
TKT-11063,CUS-001247,2026-05-21 23:44:37,2026-05-22 23:31:25,Social Media,App Bug,Notification Error,Free,261,23.78,1,Resolved,The notifications are delayed or showing the wrong information. Please resolve this as soon as possible.
TKT-11064,CUS-000724,2026-05-28 07:00:30,2026-05-28 21:40:42,Email,Account Access,Profile Update Failed,Free,133,14.67,,Closed,I cannot save the changes to my profile. Could someone advise me on the next step?
TKT-11065,CUS-001615,2026-07-31 02:46:28,2026-07-31 13:17:40,Social Media,Account Access,Password Reset,Premium,13,10.52,,Resolved,I need help resetting my password.
TKT-11066,CUS-000073,2026-07-08 07:38:36,2026-07-09 16:26:36,In-App Chat,Billing/Refunds,Payment Failed,Free,12,32.8,3,Resolved,My payment keeps failing even though my details are correct. I have already tried again several times.
TKT-11067,CUS-000645,2026-08-02 19:54:21,,Social Media,Billing/Refunds,Duplicate Charge,Premium,7,,,Open,I was charged twice for the same transaction. I have already tried again several times.
TKT-11068,CUS-000283,2026-05-27 08:05:30,2026-05-28 18:52:54,WhatsApp,Billing/Refunds,Incorrect Amount,Premium,16,34.79,,Closed,The amount on my bill does not match what I expected. Please resolve this as soon as possible.
TKT-11069,CUS-001374,2026-05-31 13:22:17,2026-06-02 23:49:53,In-App Chat,Billing/Refunds,Incorrect Amount,Free,36,58.46,,Escalated,The amount on my bill does not match what I expected. This has been very frustrating.
TKT-11070,CUS-000804,2026-07-30 23:27:53,2026-08-01 00:07:29,WhatsApp,Account Access,Account Locked,Free,86,24.66,3,Resolved,My account is locked and I cannot get back in.
TKT-11071,CUS-001038,2026-06-08 19:15:23,,In-App Chat,App Bug,Notification Error,Free,7,,2,Open,The notifications are delayed or showing the wrong information. This is disrupting what I need to do.
TKT-11072,CUS-000996,2026-06-10 06:11:21,2026-06-11 04:56:57,In-App Chat,Billing/Refunds,Refund Pending,Free,10,22.76,2,Resolved,My refund is still pending and I need an update. I have already tried again several times.
TKT-11073,CUS-000143,2026-06-05 10:32:12,2026-06-06 03:53:12,In-App Chat,Account Access,Profile Update Failed,Enterprise,4,17.35,4,Resolved,I cannot save the changes to my profile. Could someone advise me on the next step?
TKT-11074,CUS-001324,2026-06-14 12:00:28,,Social Media,Account Access,Profile Update Failed,Premium,112,,3,Open,I cannot save the changes to my profile. Please let me know what information you need.
TKT-11075,CUS-001380,2026-07-31 05:22:07,,Email,Account Access,Profile Update Failed,Premium,59,,,Open,I cannot save the changes to my profile. Please let me know what information you need.
TKT-11076,CUS-001014,2026-06-14 11:25:11,2026-06-15 00:34:47,In-App Chat,Feature Request,Dark Mode,Free,29,13.16,4,Resolved,I like the app and would find a dark mode option useful. Everything else is working well for me.
TKT-11077,CUS-000485,2026-07-04 00:45:42,2026-07-07 18:51:42,Email,App Bug,Page Not Loading,Free,35,90.1,2,Resolved,The page is stuck loading and I cannot continue. I have already tried again several times.
TKT-11078,CUS-001217,2026-07-12 22:46:45,2026-07-13 09:33:33,In-App Chat,Delivery Delay,Wrong Delivery Address,Premium,3,10.78,4,Resolved,The delivery address shown for my order is incorrect. This is disrupting what I need to do.
TKT-11079,CUS-001173,2026-07-24 17:07:45,2026-07-26 02:29:57,Email,Billing/Refunds,Refund Pending,Free,76,33.37,1,Closed,My refund is still pending and I need an update. I have already tried again several times.
TKT-11080,CUS-001527,2026-06-04 19:28:44,2026-06-05 20:38:56,WhatsApp,Delivery Delay,Tracking Not Updated,Free,32,25.17,3,Escalated,The tracking status has not changed for a while. This is disrupting what I need to do.
TKT-11081,CUS-000213,2026-06-21 14:04:02,2026-06-21 20:55:38,Email,Feature Request,New Payment Option,Free,63,6.86,4,Resolved,It would be helpful to have another payment option.
TKT-11082,CUS-001523,2026-05-29 02:08:10,2026-05-29 12:50:10,Social Media,Delivery Delay,Missing Items,Premium,16,10.7,4,Resolved,Some items were missing when my order arrived. Please resolve this as soon as possible.
TKT-11083,CUS-001488,2026-07-20 14:10:31,2026-07-20 18:41:07,Email,Account Access,Profile Update Failed,Premium,21,4.51,5,Closed,I cannot save the changes to my profile. I would appreciate an update when possible.
TKT-11084,CUS-000514,2026-08-06 16:25:39,2026-08-07 00:14:51,WhatsApp,Account Access,Password Reset,Free,18,7.82,5,Closed,I need help resetting my password. Thank you for checking this for me.
TKT-11085,CUS-001206,2026-06-30 21:58:17,2026-07-04 04:32:28,In-App Chat,App Bug,App Crash,Premium,25,78.57,,Resolved,The app closes every time I try to complete this action. I have already tried again several times.
TKT-11086,CUS-000453,2026-06-30 14:32:49,2026-07-01 01:31:01,In-App Chat,Account Access,Password Reset,Free,13,10.97,4,Closed,I need help resetting my password. Could someone advise me on the next step?
TKT-11087,CUS-000413,2026-05-23 18:30:29,,In-App Chat,Delivery Delay,Late Delivery,Free,19,,,Open,My order is later than the delivery estimate.
TKT-11088,CUS-001080,2026-06-16 19:27:33,2026-06-17 21:24:33,Email,Feature Request,Notification Controls,Free,73,25.95,,Resolved,Please add more control over which notifications I receive.
TKT-11089,CUS-000094,2026-08-04 20:47:23,2026-08-05 15:10:11,Email,App Bug,App Crash,Premium,53,18.38,2,Closed,The app closes every time I try to complete this action. Please resolve this as soon as possible.
TKT-11090,CUS-000176,2026-06-20 08:49:39,2026-06-21 06:16:03,Social Media,Billing/Refunds,Refund Pending,Free,25,21.44,2,Closed,My refund is still pending and I need an update.
TKT-11091,CUS-001117,2026-06-25 06:59:13,2026-06-25 21:18:25,In-App Chat,Account Access,Account Locked,Free,42,14.32,4,Resolved,My account is locked and I cannot get back in. Thank you for checking this for me.
TKT-11092,CUS-001602,2026-06-02 06:13:24,2026-06-04 09:53:36,In-App Chat,Billing/Refunds,Payment Failed,Free,16,51.67,1,Escalated,My payment keeps failing even though my details are correct. This has been very frustrating.
TKT-11093,CUS-000064,2026-06-09 22:42:54,2026-06-11 17:30:18,Email,Billing/Refunds,Refund Pending,Premium,31,42.79,3,Closed,My refund is still pending and I need an update.
TKT-11094,CUS-000047,2026-06-19 01:53:23,2026-06-22 05:43:47,WhatsApp,App Bug,App Crash,Premium,43,75.84,2,Resolved,The app closes every time I try to complete this action.
TKT-11095,CUS-000137,2026-07-08 11:49:48,2026-07-08 20:54:36,In-App Chat,Delivery Delay,Wrong Delivery Address,Free,13,9.08,3,Resolved,The delivery address shown for my order is incorrect. Please resolve this as soon as possible.
TKT-11096,CUS-000002,2026-07-08 10:30:38,2026-07-09 05:39:38,In-App Chat,Billing/Refunds,Refund Pending,Enterprise,6,19.15,3,Closed,My refund is still pending and I need an update.
TKT-11097,CUS-001557,2026-06-19 02:56:33,2026-06-20 04:19:21,In-App Chat,Billing/Refunds,Incorrect Amount,Free,43,25.38,,Resolved,The amount on my bill does not match what I expected. Please resolve this as soon as possible.
TKT-11098,CUS-000792,2026-06-10 17:23:06,2026-06-11 14:21:54,Email,Billing/Refunds,Payment Failed,Free,90,20.98,3,Resolved,My payment keeps failing even though my details are correct. Please resolve this as soon as possible.
TKT-11099,CUS-001160,2026-07-24 11:55:10,2026-07-25 02:46:10,In-App Chat,Delivery Delay,Tracking Not Updated,Free,21,14.85,4,Resolved,The tracking status has not changed for a while.
TKT-11100,CUS-000703,2026-06-18 22:17:49,2026-06-19 05:13:01,In-App Chat,Account Access,Verification Code Missing,Premium,39,6.92,,Closed,The verification code has not arrived yet.
TKT-11101,CUS-001648,2026-06-26 12:11:00,,Email,Billing/Refunds,Refund Pending,Free,74,,1,Open,My refund is still pending and I need an update. Please resolve this as soon as possible.
TKT-11102,CUS-000805,2026-08-09 17:36:49,2026-08-11 07:48:49,In-App Chat,Billing/Refunds,Payment Failed,Free,26,38.2,,Closed,My payment keeps failing even though my details are correct. This has been very frustrating.
TKT-11103,CUS-001582,2026-07-18 19:37:23,2026-07-20 13:28:59,Email,Account Access,Account Locked,Free,60,41.86,3,Escalated,My account is locked and I cannot get back in.
TKT-11104,CUS-001096,2026-05-19 09:09:34,2026-05-20 19:32:58,In-App Chat,App Bug,Login Timeout,Free,25,34.39,2,Resolved,I keep getting timed out when I try to sign in. Please resolve this as soon as possible.
TKT-11105,CUS-001598,2026-07-26 20:52:41,2026-07-27 11:18:29,WhatsApp,Account Access,Profile Update Failed,Premium,28,14.43,4,Resolved,I cannot save the changes to my profile.
TKT-11106,CUS-000829,2026-07-14 00:37:18,,Email,App Bug,Login Timeout,Enterprise,10,,1,Open,I keep getting timed out when I try to sign in. This has been very frustrating.
TKT-11107,CUS-001476,2026-07-25 18:25:13,2026-07-26 01:16:49,In-App Chat,Feature Request,Dark Mode,Free,6,6.86,4,Resolved,I like the app and would find a dark mode option useful. Everything else is working well for me.
TKT-11108,CUS-000577,2026-06-28 22:05:58,2026-07-01 13:05:22,In-App Chat,App Bug,Page Not Loading,Premium,15,62.99,,Escalated,The page is stuck loading and I cannot continue. This has been very frustrating.
TKT-11109,CUS-001120,2026-07-24 13:16:51,2026-07-25 01:17:27,Email,Account Access,Verification Code Missing,Free,38,12.01,3,Resolved,The verification code has not arrived yet. Thank you for checking this for me.
TKT-11110,CUS-001035,2026-06-20 14:40:46,2026-06-22 13:34:46,WhatsApp,Billing/Refunds,Payment Failed,Free,53,46.9,4,Resolved,My payment keeps failing even though my details are correct. I have already tried again several times.
TKT-11111,CUS-000815,2026-06-02 08:12:43,2026-06-03 23:24:07,In-App Chat,Feature Request,New Payment Option,Free,23,39.19,,Closed,"It would be helpful to have another payment option. The service has been useful overall, so this would be a great addition."
TKT-11112,CUS-000829,2026-06-15 07:59:11,2026-06-15 19:02:47,In-App Chat,Feature Request,Export Data,Enterprise,7,11.06,,Resolved,Could you add a way to export my account data?
TKT-11113,CUS-000315,2026-07-31 09:47:14,2026-08-01 18:28:38,In-App Chat,Delivery Delay,Wrong Delivery Address,Free,13,32.69,3,Resolved,The delivery address shown for my order is incorrect. This has been very frustrating.
TKT-11114,CUS-001520,2026-06-23 10:12:38,2026-06-26 01:37:14,Email,App Bug,App Crash,Premium,24,63.41,,Resolved,The app closes every time I try to complete this action. This has been very frustrating.
TKT-11115,CUS-000758,2026-07-17 05:20:56,2026-07-17 23:28:08,WhatsApp,Billing/Refunds,Refund Pending,Free,27,18.12,2,Resolved,My refund is still pending and I need an update. This has been very frustrating.
TKT-11116,CUS-000276,2026-06-29 08:21:34,2026-06-29 23:43:10,Email,Delivery Delay,Late Delivery,Premium,14,15.36,,Resolved,My order is later than the delivery estimate. This has been very frustrating.
TKT-11117,CUS-001179,2026-08-10 20:39:11,2026-08-12 00:00:00,In-App Chat,Delivery Delay,Missing Items,Free,46,27.35,3,Escalated,Some items were missing when my order arrived. This has been very frustrating.
TKT-11118,CUS-001222,2026-06-02 12:52:59,2026-06-03 20:37:59,Social Media,Billing/Refunds,Refund Pending,Enterprise,3,31.75,3,Resolved,My refund is still pending and I need an update.
TKT-11119,CUS-000081,2026-07-30 07:29:41,2026-08-03 12:34:29,Social Media,App Bug,Page Not Loading,Premium,39,101.08,2,Escalated,The page is stuck loading and I cannot continue. This is disrupting what I need to do.
TKT-11120,CUS-000577,2026-07-31 17:35:29,2026-08-03 17:03:41,In-App Chat,App Bug,Page Not Loading,Free,30,71.47,2,Closed,The page is stuck loading and I cannot continue. This is disrupting what I need to do.
TKT-11121,CUS-000973,2026-07-02 03:16:20,2026-07-02 11:16:20,In-App Chat,Delivery Delay,Tracking Not Updated,Premium,9,8.0,4,Resolved,The tracking status has not changed for a while. This is disrupting what I need to do.
TKT-11122,CUS-001379,2026-07-20 12:24:51,2026-07-20 18:43:27,In-App Chat,Account Access,Password Reset,Free,29,6.31,4,Resolved,I need help resetting my password. Please let me know what information you need.
TKT-11123,CUS-000539,2026-06-17 16:17:20,,Social Media,Account Access,Account Locked,Free,53,,2,Open,My account is locked and I cannot get back in. I would appreciate an update when possible.
TKT-11124,CUS-000515,2026-06-04 14:50:36,2026-06-05 05:07:24,Social Media,Account Access,Account Locked,Free,34,14.28,3,Closed,My account is locked and I cannot get back in. Thank you for checking this for me.
TKT-11125,CUS-001239,2026-06-14 09:08:25,,Email,App Bug,Notification Error,Premium,41,,1,Open,The notifications are delayed or showing the wrong information. Please resolve this as soon as possible.
TKT-11126,CUS-000388,2026-06-07 06:58:37,2026-06-08 13:16:37,WhatsApp,App Bug,App Crash,Premium,24,30.3,2,Resolved,The app closes every time I try to complete this action.
TKT-11127,CUS-001508,2026-07-28 17:51:43,2026-07-29 22:51:07,In-App Chat,Billing/Refunds,Duplicate Charge,Free,13,28.99,2,Closed,I was charged twice for the same transaction. Please resolve this as soon as possible.
TKT-11128,CUS-001337,2026-07-18 19:52:52,2026-07-19 04:07:16,In-App Chat,Delivery Delay,Late Delivery,Premium,13,8.24,,Closed,My order is later than the delivery estimate. This has been very frustrating.
TKT-11129,CUS-001503,2026-06-24 21:48:02,,In-App Chat,App Bug,App Crash,Free,5,,,Open,The app closes every time I try to complete this action. I have already tried again several times.
TKT-11130,CUS-000603,2026-06-08 12:05:33,2026-06-09 00:39:09,WhatsApp,App Bug,Login Timeout,Free,10,12.56,4,Resolved,I keep getting timed out when I try to sign in. This is disrupting what I need to do.
TKT-11131,CUS-000303,2026-07-02 01:44:53,,Email,Billing/Refunds,Incorrect Amount,Free,106,,2,Open,The amount on my bill does not match what I expected.
TKT-11132,CUS-000975,2026-06-26 00:58:57,2026-06-26 14:15:45,In-App Chat,Billing/Refunds,Incorrect Amount,Free,18,13.28,,Resolved,The amount on my bill does not match what I expected. This has been very frustrating.
TKT-11133,CUS-000346,2026-06-01 10:33:56,2026-06-02 01:01:32,In-App Chat,Account Access,Profile Update Failed,Free,14,14.46,,Escalated,I cannot save the changes to my profile. I would appreciate an update when possible.
TKT-11134,CUS-000454,2026-07-30 11:14:14,2026-07-31 19:14:50,Social Media,Billing/Refunds,Refund Pending,Free,42,32.01,2,Resolved,My refund is still pending and I need an update. Please resolve this as soon as possible.
TKT-11135,CUS-000680,2026-07-02 11:55:14,2026-07-05 10:59:26,Social Media,Billing/Refunds,Duplicate Charge,Free,34,71.07,3,Closed,I was charged twice for the same transaction. This is disrupting what I need to do.
TKT-11136,CUS-000772,2026-06-22 18:18:26,2026-06-23 02:50:50,Email,Delivery Delay,Tracking Not Updated,Free,40,8.54,3,Resolved,The tracking status has not changed for a while. This has been very frustrating.
TKT-11137,CUS-000561,2026-06-10 14:01:06,2026-06-12 20:25:42,In-App Chat,App Bug,Page Not Loading,Premium,4,54.41,2,Escalated,The page is stuck loading and I cannot continue. This has been very frustrating.
TKT-11138,CUS-000491,2026-07-26 01:32:23,2026-07-26 14:11:23,WhatsApp,App Bug,Page Not Loading,Free,10,12.65,4,Resolved,The page is stuck loading and I cannot continue. I have already tried again several times.
TKT-11139,CUS-000425,2026-07-11 09:12:49,2026-07-12 05:23:37,Social Media,App Bug,App Crash,Premium,31,20.18,2,Resolved,The app closes every time I try to complete this action.
TKT-11140,CUS-001160,2026-06-08 18:08:25,2026-06-09 21:00:01,Email,Delivery Delay,Late Delivery,Free,57,26.86,2,Closed,My order is later than the delivery estimate. This has been very frustrating.
TKT-11141,CUS-000525,2026-05-20 21:53:48,2026-05-23 16:18:24,Email,App Bug,Login Timeout,Free,136,66.41,2,Closed,I keep getting timed out when I try to sign in. This has been very frustrating.
TKT-11142,CUS-001160,2026-06-21 05:58:19,2026-06-21 12:09:07,WhatsApp,Delivery Delay,Missing Items,Free,26,6.18,4,Resolved,Some items were missing when my order arrived. This is disrupting what I need to do.
TKT-11143,CUS-001249,2026-05-28 02:19:44,2026-05-28 21:19:08,WhatsApp,Feature Request,Dark Mode,Premium,19,18.99,,Closed,I like the app and would find a dark mode option useful. Thanks for considering the suggestion.
TKT-11144,CUS-001200,2026-06-04 21:22:17,2026-06-05 02:35:29,Email,Account Access,Password Reset,Free,69,5.22,,Resolved,I need help resetting my password. Could someone advise me on the next step?
TKT-11145,CUS-001530,2026-06-17 14:59:34,2026-06-18 12:00:46,Email,App Bug,Page Not Loading,Free,76,21.02,2,Closed,The page is stuck loading and I cannot continue. I have already tried again several times.
TKT-11146,CUS-001608,2026-06-26 03:33:00,2026-06-27 01:33:00,In-App Chat,Delivery Delay,Wrong Delivery Address,Premium,11,22.0,3,Closed,The delivery address shown for my order is incorrect.
TKT-11147,CUS-000263,2026-06-06 17:55:23,2026-06-08 20:13:23,WhatsApp,App Bug,Notification Error,Premium,12,50.3,2,Closed,The notifications are delayed or showing the wrong information. Please resolve this as soon as possible.
TKT-11148,CUS-000557,2026-06-25 19:39:59,2026-06-29 09:59:11,Email,App Bug,Notification Error,Free,35,86.32,,Escalated,The notifications are delayed or showing the wrong information. I have already tried again several times.
TKT-11149,CUS-001331,2026-05-21 14:32:23,2026-05-21 19:24:35,In-App Chat,Account Access,Profile Update Failed,Free,37,4.87,4,Resolved,I cannot save the changes to my profile. Thank you for checking this for me.
TKT-11150,CUS-001320,2026-06-08 14:32:23,2026-06-09 23:26:59,In-App Chat,App Bug,Notification Error,Free,62,32.91,,Resolved,The notifications are delayed or showing the wrong information. I have already tried again several times.
TKT-11151,CUS-000135,2026-07-30 12:26:46,2026-07-31 11:14:46,WhatsApp,Billing/Refunds,Refund Pending,Free,94,22.8,4,Closed,My refund is still pending and I need an update. Please resolve this as soon as possible.
TKT-11152,CUS-001621,2026-06-30 00:49:31,2026-07-01 17:30:55,WhatsApp,App Bug,Login Timeout,Premium,11,40.69,2,Resolved,I keep getting timed out when I try to sign in. This has been very frustrating.
TKT-11153,CUS-001436,2026-05-18 00:39:41,2026-05-20 05:46:53,WhatsApp,Billing/Refunds,Payment Failed,Free,21,53.12,2,Resolved,My payment keeps failing even though my details are correct.
TKT-11154,CUS-001512,2026-07-29 10:05:41,2026-08-01 14:36:53,Email,App Bug,Page Not Loading,Free,53,76.52,3,Closed,The page is stuck loading and I cannot continue. This is disrupting what I need to do.
TKT-11155,CUS-000365,2026-08-04 22:11:36,2026-08-05 07:16:24,Social Media,Account Access,Profile Update Failed,Free,39,9.08,3,Resolved,I cannot save the changes to my profile.
TKT-11156,CUS-000829,2026-06-10 17:39:51,2026-06-11 20:05:03,WhatsApp,Feature Request,Dark Mode,Free,33,26.42,4,Resolved,I like the app and would find a dark mode option useful.
TKT-11157,CUS-000739,2026-08-08 19:39:46,,In-App Chat,Billing/Refunds,Refund Pending,Premium,6,,,Open,My refund is still pending and I need an update. Please resolve this as soon as possible.
TKT-11158,CUS-000610,2026-07-01 23:59:06,2026-07-03 01:48:54,In-App Chat,Account Access,Profile Update Failed,Free,9,25.83,,Resolved,I cannot save the changes to my profile. Thank you for checking this for me.
TKT-11159,CUS-000398,2026-05-29 14:48:51,2026-05-30 10:03:15,WhatsApp,App Bug,Page Not Loading,Free,35,19.24,1,Resolved,The page is stuck loading and I cannot continue.
TKT-11160,CUS-000250,2026-07-12 23:50:14,2026-07-13 08:36:26,In-App Chat,Billing/Refunds,Payment Failed,Free,3,8.77,,Resolved,My payment keeps failing even though my details are correct. I have already tried again several times.
TKT-11161,CUS-001461,2026-07-05 10:12:58,2026-07-08 01:03:58,Email,Billing/Refunds,Duplicate Charge,Free,70,62.85,,Resolved,I was charged twice for the same transaction. Please resolve this as soon as possible.
TKT-11162,CUS-000876,2026-06-10 17:24:36,2026-06-11 16:24:36,Email,Billing/Refunds,Incorrect Amount,Free,41,23.0,,Closed,The amount on my bill does not match what I expected. This has been very frustrating.
TKT-11163,CUS-001000,2026-08-06 06:36:23,2026-08-07 19:45:23,Social Media,Billing/Refunds,Payment Failed,Free,70,37.15,,Closed,My payment keeps failing even though my details are correct. This has been very frustrating.
TKT-11164,CUS-000450,2026-05-26 11:21:20,2026-05-27 06:35:08,In-App Chat,App Bug,App Crash,Premium,20,19.23,3,Closed,The app closes every time I try to complete this action.
TKT-11165,CUS-001574,2026-07-21 01:10:54,2026-07-25 18:06:06,Social Media,App Bug,Login Timeout,Premium,38,112.92,1,Resolved,I keep getting timed out when I try to sign in.
TKT-11166,CUS-001577,2026-07-18 12:21:46,2026-07-19 06:17:34,In-App Chat,Account Access,Verification Code Missing,Enterprise,3,17.93,4,Resolved,The verification code has not arrived yet.
TKT-11167,CUS-001134,2026-07-25 20:14:34,2026-07-27 19:37:22,WhatsApp,Billing/Refunds,Duplicate Charge,Enterprise,3,47.38,3,Resolved,I was charged twice for the same transaction. This has been very frustrating.
TKT-11168,CUS-000557,2026-07-26 01:52:30,2026-07-27 14:25:30,In-App Chat,Billing/Refunds,Duplicate Charge,Free,14,36.55,,Closed,I was charged twice for the same transaction.
TKT-11169,CUS-000411,2026-07-18 16:35:11,2026-07-21 05:54:23,Social Media,Billing/Refunds,Refund Pending,Free,52,61.32,3,Closed,My refund is still pending and I need an update. This has been very frustrating.
TKT-11170,CUS-000990,2026-07-31 05:39:43,2026-07-31 14:34:19,Social Media,Account Access,Verification Code Missing,Free,16,8.91,3,Resolved,The verification code has not arrived yet. Thank you for checking this for me.
TKT-11171,CUS-001405,2026-05-24 05:12:51,2026-05-30 05:19:27,In-App Chat,App Bug,Page Not Loading,Premium,25,144.11,1,Escalated,The page is stuck loading and I cannot continue.
TKT-11172,CUS-001628,2026-06-05 01:48:23,2026-06-05 10:38:11,In-App Chat,Account Access,Password Reset,Free,19,8.83,4,Closed,I need help resetting my password.
TKT-11173,CUS-000130,2026-06-13 08:38:11,2026-06-16 08:00:59,Social Media,Billing/Refunds,Payment Failed,Free,59,71.38,2,Resolved,My payment keeps failing even though my details are correct. Please resolve this as soon as possible.
TKT-11174,CUS-000577,2026-06-26 11:43:03,2026-06-27 14:17:50,In-App Chat,Billing/Refunds,Incorrect Amount,Free,8,26.58,,Closed,The amount on my bill does not match what I expected. This has been very frustrating.
TKT-11175,CUS-000661,2026-05-25 14:45:48,2026-05-26 04:30:12,In-App Chat,Feature Request,Notification Controls,Free,13,13.74,5,Closed,"Please add more control over which notifications I receive. The service has been useful overall, so this would be a great addition."
TKT-11176,CUS-000621,2026-07-24 13:16:49,2026-07-25 07:07:13,Email,Billing/Refunds,Duplicate Charge,Premium,10,17.84,2,Resolved,I was charged twice for the same transaction. This has been very frustrating.
TKT-11177,CUS-001126,2026-06-17 05:16:19,2026-06-18 07:25:19,WhatsApp,Billing/Refunds,Duplicate Charge,Premium,29,26.15,3,Resolved,I was charged twice for the same transaction. I have already tried again several times.
TKT-11178,CUS-000903,2026-07-18 10:24:50,2026-07-19 14:08:02,Email,Billing/Refunds,Incorrect Amount,Free,67,27.72,2,Closed,The amount on my bill does not match what I expected. Please resolve this as soon as possible.
TKT-11179,CUS-001499,2026-06-13 22:49:17,,Email,Feature Request,Export Data,Enterprise,18,,,Open,Could you add a way to export my account data?
TKT-11180,CUS-000391,2026-07-13 15:04:07,2026-07-13 23:32:19,WhatsApp,Account Access,Verification Code Missing,Free,35,8.47,,Closed,The verification code has not arrived yet. Thank you for checking this for me.
TKT-11181,CUS-000677,2026-06-15 02:03:41,2026-06-15 19:46:53,Email,Account Access,Password Reset,Free,99,17.72,3,Closed,I need help resetting my password. I would appreciate an update when possible.
TKT-11182,CUS-000889,2026-06-16 18:56:26,2026-06-18 11:28:14,Email,Feature Request,Notification Controls,Free,60,40.53,4,Closed,Please add more control over which notifications I receive. Everything else is working well for me.
TKT-11183,CUS-001375,2026-06-15 12:40:01,2026-06-16 13:07:37,Email,Billing/Refunds,Payment Failed,Premium,30,24.46,,Resolved,My payment keeps failing even though my details are correct. This is disrupting what I need to do.
TKT-11184,CUS-001384,2026-08-10 03:55:13,2026-08-12 00:00:00,In-App Chat,Feature Request,Notification Controls,Free,22,44.08,,Resolved,"Please add more control over which notifications I receive. The service has been useful overall, so this would be a great addition."
TKT-11185,CUS-001441,2026-08-05 17:01:52,2026-08-07 23:46:52,In-App Chat,Billing/Refunds,Payment Failed,Free,30,54.75,,Resolved,My payment keeps failing even though my details are correct. This has been very frustrating.
TKT-11186,CUS-000858,2026-05-25 07:40:03,,Social Media,Account Access,Profile Update Failed,Enterprise,9,,,Open,I cannot save the changes to my profile. Could someone advise me on the next step?
TKT-11187,CUS-000419,2026-06-30 05:09:28,2026-07-03 21:28:04,In-App Chat,App Bug,App Crash,Free,132,88.31,2,Escalated,The app closes every time I try to complete this action. This has been very frustrating.
TKT-11188,CUS-001220,2026-08-06 16:11:04,,Social Media,App Bug,Page Not Loading,Free,123,,,Open,The page is stuck loading and I cannot continue. I have already tried again several times.
TKT-11189,CUS-001608,2026-06-15 02:30:11,2026-06-15 10:00:47,In-App Chat,Feature Request,Notification Controls,Premium,4,7.51,4,Resolved,Please add more control over which notifications I receive.
TKT-11190,CUS-000492,2026-07-20 13:17:22,2026-07-21 02:53:58,Email,Billing/Refunds,Incorrect Amount,Enterprise,11,13.61,2,Resolved,The amount on my bill does not match what I expected. I have already tried again several times.
TKT-11191,CUS-000354,2026-07-07 16:53:43,2026-07-08 00:50:07,In-App Chat,Feature Request,Notification Controls,Premium,8,7.94,4,Closed,Please add more control over which notifications I receive. Everything else is working well for me.
TKT-11192,CUS-000047,2026-05-30 18:35:22,2026-05-31 01:13:10,Email,App Bug,Page Not Loading,Enterprise,27,6.63,2,Resolved,The page is stuck loading and I cannot continue. This is disrupting what I need to do.
TKT-11193,CUS-001124,2026-08-05 17:36:01,2026-08-06 10:14:25,Social Media,Account Access,Password Reset,Free,36,16.64,,Resolved,I need help resetting my password. Please let me know what information you need.
TKT-11194,CUS-000899,2026-06-16 10:29:31,2026-06-16 16:12:07,In-App Chat,Feature Request,Notification Controls,Free,31,5.71,,Closed,"Please add more control over which notifications I receive. The service has been useful overall, so this would be a great addition."
TKT-11195,CUS-000242,2026-08-07 18:35:32,2026-08-09 19:28:20,In-App Chat,Billing/Refunds,Payment Failed,Premium,2,48.88,,Closed,My payment keeps failing even though my details are correct.
TKT-11196,CUS-000356,2026-07-12 15:23:58,2026-07-15 03:04:46,In-App Chat,Feature Request,New Payment Option,Free,9,59.68,5,Closed,"It would be helpful to have another payment option. The service has been useful overall, so this would be a great addition."
TKT-11197,CUS-001121,2026-06-13 06:56:25,2026-06-13 12:47:25,WhatsApp,Account Access,Account Locked,Free,123,5.85,4,Resolved,My account is locked and I cannot get back in. Please let me know what information you need.
TKT-11198,CUS-000732,2026-06-05 02:59:11,2026-06-05 20:56:11,In-App Chat,Delivery Delay,Wrong Delivery Address,Enterprise,4,17.95,,Resolved,The delivery address shown for my order is incorrect. Please resolve this as soon as possible.
TKT-11199,CUS-000413,2026-07-26 07:42:23,2026-07-27 06:17:47,Social Media,Billing/Refunds,Refund Pending,Free,23,22.59,2,Resolved,My refund is still pending and I need an update.
TKT-11200,CUS-001012,2026-06-30 11:19:10,2026-07-01 02:09:34,In-App Chat,Account Access,Password Reset,Free,27,14.84,4,Resolved,I need help resetting my password. Could someone advise me on the next step?
TKT-11201,CUS-000100,2026-06-09 07:17:32,2026-06-09 11:03:44,In-App Chat,Account Access,Profile Update Failed,Premium,5,3.77,,Resolved,I cannot save the changes to my profile. I would appreciate an update when possible.
TKT-11202,CUS-000032,2026-06-10 14:07:07,2026-06-11 12:03:31,Social Media,App Bug,App Crash,Enterprise,6,21.94,,Resolved,The app closes every time I try to complete this action. I have already tried again several times.
TKT-11203,CUS-000447,2026-06-17 17:29:58,,Email,Billing/Refunds,Duplicate Charge,Enterprise,5,,2,Open,I was charged twice for the same transaction.
TKT-11204,CUS-000499,2026-06-02 06:00:33,2026-06-03 04:44:21,In-App Chat,Billing/Refunds,Incorrect Amount,Premium,6,22.73,3,Resolved,The amount on my bill does not match what I expected. This is disrupting what I need to do.
TKT-11205,CUS-000189,2026-06-01 20:45:33,2026-06-02 04:58:09,WhatsApp,Delivery Delay,Wrong Delivery Address,Free,26,8.21,,Resolved,The delivery address shown for my order is incorrect.
TKT-11206,CUS-000210,2026-07-09 02:16:40,2026-07-10 17:58:40,In-App Chat,Billing/Refunds,Payment Failed,Enterprise,8,39.7,2,Resolved,My payment keeps failing even though my details are correct.
TKT-11207,CUS-000309,2026-07-14 13:42:51,2026-07-15 01:51:51,In-App Chat,Delivery Delay,Wrong Delivery Address,Free,31,12.15,,Closed,The delivery address shown for my order is incorrect. I have already tried again several times.
TKT-11208,CUS-001218,2026-07-17 04:22:55,2026-07-17 16:13:19,Email,Feature Request,New Payment Option,Premium,51,11.84,4,Resolved,"It would be helpful to have another payment option. The service has been useful overall, so this would be a great addition."
TKT-11209,CUS-001361,2026-07-16 21:37:42,2026-07-18 13:32:54,Email,Billing/Refunds,Refund Pending,Free,73,39.92,3,Resolved,My refund is still pending and I need an update.
TKT-11210,CUS-000335,2026-07-05 12:07:20,2026-07-06 13:11:32,Social Media,Billing/Refunds,Duplicate Charge,Premium,33,25.07,,Resolved,I was charged twice for the same transaction. I have already tried again several times.
TKT-11211,CUS-001109,2026-07-18 13:52:24,2026-07-20 05:53:00,In-App Chat,Account Access,Verification Code Missing,Free,13,40.01,,Resolved,The verification code has not arrived yet. I would appreciate an update when possible.
TKT-11212,CUS-000413,2026-06-08 15:26:44,2026-06-10 11:05:44,WhatsApp,Billing/Refunds,Duplicate Charge,Premium,10,43.65,2,Closed,I was charged twice for the same transaction. Please resolve this as soon as possible.
TKT-11213,CUS-001480,2026-05-24 11:42:48,2026-05-24 19:53:00,Email,Account Access,Password Reset,Free,96,8.17,5,Resolved,I need help resetting my password. Please let me know what information you need.
TKT-11214,CUS-000458,2026-06-24 08:06:33,2026-06-24 21:08:21,WhatsApp,Account Access,Password Reset,Free,28,13.03,3,Resolved,I need help resetting my password. Thank you for checking this for me.
TKT-11215,CUS-000236,2026-06-15 01:23:34,2026-06-15 14:02:34,WhatsApp,Account Access,Account Locked,Free,33,12.65,4,Closed,My account is locked and I cannot get back in. Thank you for checking this for me.
TKT-11216,CUS-000736,2026-08-10 04:23:43,2026-08-11 16:12:19,WhatsApp,App Bug,Page Not Loading,Free,30,35.81,2,Resolved,The page is stuck loading and I cannot continue. This is disrupting what I need to do.
TKT-11217,CUS-000282,2026-06-13 18:26:35,2026-06-14 05:02:35,Email,Account Access,Verification Code Missing,Premium,74,10.6,4,Closed,The verification code has not arrived yet. I would appreciate an update when possible.
TKT-11218,CUS-000354,2026-07-24 00:30:46,2026-07-24 07:39:10,In-App Chat,Account Access,Account Locked,Free,52,7.14,4,Resolved,My account is locked and I cannot get back in. Thank you for checking this for me.
TKT-11219,CUS-000586,2026-07-12 12:02:23,2026-07-14 03:19:11,Email,Billing/Refunds,Duplicate Charge,Free,50,39.28,,Closed,I was charged twice for the same transaction. This is disrupting what I need to do.
TKT-11220,CUS-001118,2026-06-14 13:01:34,2026-06-14 19:52:34,Email,Account Access,Password Reset,Free,25,6.85,,Resolved,I need help resetting my password. Thank you for checking this for me.
TKT-11221,CUS-000212,2026-06-13 23:44:06,2026-06-14 04:19:30,Email,Feature Request,Export Data,Free,48,4.59,5,Resolved,Could you add a way to export my account data? Thanks for considering the suggestion.
TKT-11222,CUS-000490,2026-06-26 07:57:45,2026-06-26 22:34:57,Social Media,Account Access,Verification Code Missing,Premium,11,14.62,,Resolved,The verification code has not arrived yet.
TKT-11223,CUS-001441,2026-06-09 02:42:58,,In-App Chat,App Bug,Login Timeout,Free,39,,,Open,I keep getting timed out when I try to sign in.
TKT-11224,CUS-000466,2026-07-29 16:57:56,2026-07-31 06:50:44,WhatsApp,App Bug,Login Timeout,Free,59,37.88,,Resolved,I keep getting timed out when I try to sign in. This has been very frustrating.
TKT-11225,CUS-000311,2026-06-06 03:11:03,,In-App Chat,Billing/Refunds,Duplicate Charge,Free,12,,2,Open,I was charged twice for the same transaction. Please resolve this as soon as possible.
TKT-11226,CUS-000881,2026-06-05 21:54:04,,WhatsApp,Billing/Refunds,Payment Failed,Free,21,,2,Open,My payment keeps failing even though my details are correct. This has been very frustrating.
TKT-11227,CUS-000064,2026-07-13 00:47:45,2026-07-13 13:35:45,In-App Chat,Billing/Refunds,Duplicate Charge,Premium,4,12.8,3,Resolved,I was charged twice for the same transaction. Please resolve this as soon as possible.
TKT-11228,CUS-001357,2026-07-12 17:55:36,2026-07-13 17:48:24,In-App Chat,Feature Request,Notification Controls,Free,25,23.88,4,Resolved,Please add more control over which notifications I receive.
TKT-11229,CUS-000391,2026-06-20 12:26:58,2026-06-22 21:12:34,WhatsApp,Billing/Refunds,Incorrect Amount,Free,33,56.76,3,Resolved,The amount on my bill does not match what I expected.
TKT-11230,CUS-000239,2026-07-03 23:39:09,,WhatsApp,Delivery Delay,Wrong Delivery Address,Premium,25,,2,Open,The delivery address shown for my order is incorrect.
TKT-11231,CUS-001363,2026-07-29 02:26:28,2026-07-30 03:52:16,Social Media,Billing/Refunds,Refund Pending,Free,59,25.43,2,Closed,My refund is still pending and I need an update. This has been very frustrating.
TKT-11232,CUS-001419,2026-06-09 11:46:26,2026-06-10 00:50:38,WhatsApp,App Bug,Page Not Loading,Free,49,13.07,2,Resolved,The page is stuck loading and I cannot continue. This is disrupting what I need to do.
TKT-11233,CUS-001235,2026-07-28 00:42:12,2026-07-30 08:03:48,In-App Chat,App Bug,Login Timeout,Free,9,55.36,2,Resolved,I keep getting timed out when I try to sign in. This is disrupting what I need to do.
TKT-11234,CUS-000413,2026-07-07 15:02:40,2026-07-09 08:59:04,WhatsApp,App Bug,Notification Error,Enterprise,4,41.94,1,Escalated,The notifications are delayed or showing the wrong information. This is disrupting what I need to do.
TKT-11235,CUS-000870,2026-08-06 22:33:51,2026-08-07 09:36:51,In-App Chat,Delivery Delay,Late Delivery,Free,41,11.05,4,Resolved,My order is later than the delivery estimate. Please resolve this as soon as possible.
TKT-11236,CUS-001629,2026-06-18 07:43:18,2026-06-18 21:43:54,Email,Feature Request,Notification Controls,Free,53,14.01,4,Resolved,Please add more control over which notifications I receive.
TKT-11237,CUS-000798,2026-07-05 20:05:09,2026-07-06 07:53:45,Email,Delivery Delay,Wrong Delivery Address,Enterprise,5,11.81,3,Resolved,The delivery address shown for my order is incorrect.
TKT-11238,CUS-001598,2026-06-21 09:13:57,2026-06-21 18:55:57,In-App Chat,Billing/Refunds,Refund Pending,Premium,17,9.7,3,Resolved,My refund is still pending and I need an update.
TKT-11239,CUS-001145,2026-05-29 23:09:45,,Email,Delivery Delay,Tracking Not Updated,Free,52,,,Open,The tracking status has not changed for a while. This is disrupting what I need to do.
TKT-11240,CUS-001422,2026-07-18 19:58:17,2026-07-20 06:38:29,Social Media,Billing/Refunds,Payment Failed,Premium,38,34.67,,Closed,My payment keeps failing even though my details are correct. I have already tried again several times.
TKT-11241,CUS-000348,2026-05-29 08:41:30,2026-05-29 18:06:42,In-App Chat,Feature Request,New Payment Option,Free,23,9.42,,Resolved,"It would be helpful to have another payment option. The service has been useful overall, so this would be a great addition."
TKT-11242,CUS-001553,2026-06-06 07:49:42,2026-06-06 17:58:06,WhatsApp,Account Access,Password Reset,Premium,13,10.14,4,Resolved,I need help resetting my password. Could someone advise me on the next step?
TKT-11243,CUS-001435,2026-08-08 20:20:35,2026-08-10 10:24:11,Email,App Bug,Page Not Loading,Premium,79,38.06,,Closed,The page is stuck loading and I cannot continue. This is disrupting what I need to do.
TKT-11244,CUS-001327,2026-06-22 19:30:09,2026-06-24 23:46:21,In-App Chat,Billing/Refunds,Incorrect Amount,Free,10,52.27,3,Resolved,The amount on my bill does not match what I expected. This is disrupting what I need to do.
TKT-11245,CUS-001588,2026-06-03 03:23:43,2026-06-03 20:57:54,Email,Billing/Refunds,Incorrect Amount,Free,181,17.57,,Resolved,The amount on my bill does not match what I expected. This has been very frustrating.
TKT-11246,CUS-001335,2026-07-30 23:51:26,2026-08-01 08:26:13,In-App Chat,Billing/Refunds,Payment Failed,Free,15,32.58,,Resolved,My payment keeps failing even though my details are correct. This is disrupting what I need to do.
TKT-11247,CUS-000962,2026-07-17 18:28:44,2026-07-18 10:59:20,In-App Chat,Feature Request,Dark Mode,Enterprise,4,16.51,5,Closed,I like the app and would find a dark mode option useful.
TKT-11248,CUS-001093,2026-06-04 00:42:56,,Social Media,Delivery Delay,Tracking Not Updated,Free,48,,,Open,The tracking status has not changed for a while. This is disrupting what I need to do.
TKT-11249,CUS-001379,2026-07-30 10:51:33,2026-07-31 19:09:33,In-App Chat,Feature Request,New Payment Option,Free,18,32.3,,Closed,"It would be helpful to have another payment option. The service has been useful overall, so this would be a great addition."
TKT-11250,CUS-001261,2026-07-19 23:21:09,2026-07-20 08:15:09,In-App Chat,Billing/Refunds,Payment Failed,Premium,7,8.9,,Resolved,My payment keeps failing even though my details are correct. This has been very frustrating.
TKT-11251,CUS-000985,2026-06-11 02:34:44,2026-06-11 08:15:32,Social Media,Account Access,Password Reset,Premium,16,5.68,5,Closed,I need help resetting my password. I would appreciate an update when possible.
TKT-11252,CUS-000996,2026-06-03 15:47:53,2026-06-04 02:23:53,In-App Chat,Billing/Refunds,Incorrect Amount,Free,12,10.6,,Resolved,The amount on my bill does not match what I expected. I have already tried again several times.
TKT-11253,CUS-001480,2026-07-03 06:50:03,2026-07-03 19:44:39,WhatsApp,Account Access,Profile Update Failed,Premium,52,12.91,3,Escalated,I cannot save the changes to my profile. Please let me know what information you need.
TKT-11254,CUS-000015,2026-06-11 08:42:00,2026-06-12 16:36:36,WhatsApp,App Bug,App Crash,Free,25,31.91,,Resolved,The app closes every time I try to complete this action. Please resolve this as soon as possible.
TKT-11255,CUS-001206,2026-06-19 15:11:30,2026-06-21 13:37:18,In-App Chat,App Bug,Notification Error,Premium,22,46.43,,Resolved,The notifications are delayed or showing the wrong information.
TKT-11256,CUS-000939,2026-06-23 15:06:40,2026-06-23 23:30:04,Email,Account Access,Account Locked,Free,141,8.39,,Resolved,My account is locked and I cannot get back in. I would appreciate an update when possible.
TKT-11257,CUS-001414,2026-06-29 10:47:45,2026-06-30 06:57:21,In-App Chat,Billing/Refunds,Refund Pending,Free,29,20.16,,Resolved,My refund is still pending and I need an update. This has been very frustrating.
TKT-11258,CUS-000367,2026-06-25 14:51:04,2026-06-26 02:31:16,Email,App Bug,Notification Error,Premium,31,11.67,3,Resolved,The notifications are delayed or showing the wrong information.
TKT-11259,CUS-000870,2026-05-30 19:49:26,2026-05-31 01:21:50,In-App Chat,Account Access,Account Locked,Free,26,5.54,4,Closed,My account is locked and I cannot get back in.
TKT-11260,CUS-000234,2026-06-15 06:39:17,2026-06-17 00:12:53,WhatsApp,Billing/Refunds,Payment Failed,Free,48,41.56,3,Closed,My payment keeps failing even though my details are correct.
TKT-11261,CUS-001114,2026-05-28 07:49:01,2026-05-30 20:02:49,In-App Chat,Feature Request,Notification Controls,Free,25,60.23,4,Escalated,Please add more control over which notifications I receive.
TKT-11262,CUS-001289,2026-07-18 09:32:54,2026-07-19 08:01:42,Social Media,App Bug,App Crash,Premium,7,22.48,,Resolved,The app closes every time I try to complete this action. This is disrupting what I need to do.
TKT-11263,CUS-001046,2026-07-15 06:12:04,2026-07-16 17:13:16,In-App Chat,Delivery Delay,Tracking Not Updated,Premium,3,35.02,3,Resolved,The tracking status has not changed for a while. Please resolve this as soon as possible.
TKT-11264,CUS-000919,2026-07-27 11:33:33,2026-07-27 15:54:33,In-App Chat,Account Access,Password Reset,Premium,27,4.35,5,Resolved,I need help resetting my password. Thank you for checking this for me.
TKT-11265,CUS-000591,2026-07-02 01:43:12,2026-07-02 13:09:00,Email,Delivery Delay,Missing Items,Enterprise,2,11.43,3,Resolved,Some items were missing when my order arrived. I have already tried again several times.
TKT-11266,CUS-001077,2026-07-14 02:43:43,2026-07-14 14:43:43,Email,Delivery Delay,Late Delivery,Enterprise,14,12.0,3,Resolved,My order is later than the delivery estimate. This is disrupting what I need to do.
TKT-11267,CUS-001513,2026-06-19 00:27:11,,WhatsApp,Delivery Delay,Missing Items,Free,29,,,Open,Some items were missing when my order arrived. Please resolve this as soon as possible.
TKT-11268,CUS-001213,2026-06-28 21:24:19,,In-App Chat,Account Access,Profile Update Failed,Free,25,,2,Open,I cannot save the changes to my profile. Please let me know what information you need.
TKT-11269,CUS-000047,2026-07-02 21:33:11,2026-07-03 07:39:11,In-App Chat,App Bug,Notification Error,Premium,5,10.1,2,Resolved,The notifications are delayed or showing the wrong information.
TKT-11270,CUS-000837,2026-06-21 12:43:33,2026-06-23 05:38:45,In-App Chat,Billing/Refunds,Duplicate Charge,Enterprise,5,40.92,2,Closed,I was charged twice for the same transaction. This has been very frustrating.
TKT-11271,CUS-001239,2026-07-16 07:22:44,2026-07-17 05:32:56,In-App Chat,Account Access,Verification Code Missing,Enterprise,4,22.17,,Closed,The verification code has not arrived yet. Could someone advise me on the next step?
TKT-11272,CUS-000831,2026-05-23 18:15:45,2026-05-24 14:29:33,WhatsApp,Billing/Refunds,Refund Pending,Premium,85,20.23,,Resolved,My refund is still pending and I need an update. This is disrupting what I need to do.
TKT-11273,CUS-000985,2026-07-06 21:14:10,2026-07-07 17:52:34,WhatsApp,Billing/Refunds,Refund Pending,Free,36,20.64,3,Closed,My refund is still pending and I need an update. This is disrupting what I need to do.
TKT-11274,CUS-001525,2026-07-11 23:07:00,2026-07-13 07:00:24,WhatsApp,Billing/Refunds,Incorrect Amount,Enterprise,13,31.89,2,Resolved,The amount on my bill does not match what I expected. Please resolve this as soon as possible.
TKT-11275,CUS-001464,2026-07-18 10:41:10,2026-07-19 06:09:22,In-App Chat,Account Access,Profile Update Failed,Enterprise,2,19.47,,Resolved,I cannot save the changes to my profile. Please let me know what information you need.
TKT-11276,CUS-000150,2026-08-01 00:30:12,,Email,Billing/Refunds,Refund Pending,Premium,64,,,Open,My refund is still pending and I need an update.
TKT-11277,CUS-000839,2026-08-04 12:50:59,2026-08-04 16:26:23,Social Media,Account Access,Password Reset,Premium,23,3.59,5,Closed,I need help resetting my password. Thank you for checking this for me.
TKT-11278,CUS-001044,2026-06-01 06:23:01,2026-06-02 15:06:13,In-App Chat,Delivery Delay,Tracking Not Updated,Free,27,32.72,,Resolved,The tracking status has not changed for a while. I have already tried again several times.
TKT-11279,CUS-001433,2026-07-30 22:45:28,2026-07-31 16:52:40,Email,Delivery Delay,Late Delivery,Enterprise,15,18.12,,Resolved,My order is later than the delivery estimate. Please resolve this as soon as possible.
TKT-11280,CUS-000454,2026-06-12 18:48:42,,In-App Chat,App Bug,Page Not Loading,Free,66,,2,Open,The page is stuck loading and I cannot continue. I have already tried again several times.
TKT-11281,CUS-000250,2026-07-05 07:40:19,2026-07-05 23:36:07,In-App Chat,Account Access,Password Reset,Premium,12,15.93,,Resolved,I need help resetting my password. I would appreciate an update when possible.
TKT-11282,CUS-000994,2026-06-22 14:20:30,,WhatsApp,Account Access,Profile Update Failed,Free,21,,,Open,I cannot save the changes to my profile. Please let me know what information you need.
TKT-11283,CUS-000778,2026-07-09 23:21:53,2026-07-18 03:33:17,In-App Chat,App Bug,Page Not Loading,Free,16,196.19,1,Escalated,The page is stuck loading and I cannot continue. Please resolve this as soon as possible.
TKT-11284,CUS-000445,2026-07-02 18:34:32,2026-07-02 23:32:08,WhatsApp,Account Access,Verification Code Missing,Free,56,4.96,,Resolved,The verification code has not arrived yet. Thank you for checking this for me.
TKT-11285,CUS-001589,2026-07-20 04:57:52,2026-07-22 00:43:28,In-App Chat,Billing/Refunds,Duplicate Charge,Free,30,43.76,,Closed,I was charged twice for the same transaction. This is disrupting what I need to do.
TKT-11286,CUS-000551,2026-07-18 07:33:49,2026-07-18 17:33:49,In-App Chat,Feature Request,New Payment Option,Free,9,10.0,5,Closed,It would be helpful to have another payment option. Thanks for considering the suggestion.
TKT-11287,CUS-000103,2026-07-23 04:34:28,2026-07-24 07:46:28,In-App Chat,Billing/Refunds,Payment Failed,Enterprise,5,27.2,2,Closed,My payment keeps failing even though my details are correct. This has been very frustrating.
TKT-11288,CUS-000110,2026-07-01 15:35:22,2026-07-03 17:20:58,In-App Chat,Delivery Delay,Missing Items,Free,12,49.76,3,Resolved,Some items were missing when my order arrived. This is disrupting what I need to do.
TKT-11289,CUS-000358,2026-07-01 01:42:26,2026-07-01 05:00:26,Email,Account Access,Verification Code Missing,Premium,45,3.3,5,Resolved,The verification code has not arrived yet.
TKT-11290,CUS-000212,2026-07-19 01:55:24,2026-07-19 14:47:36,In-App Chat,Billing/Refunds,Refund Pending,Free,14,12.87,3,Resolved,My refund is still pending and I need an update. This is disrupting what I need to do.
TKT-11291,CUS-000670,2026-07-01 15:10:47,2026-07-03 12:01:11,Email,Delivery Delay,Wrong Delivery Address,Free,62,44.84,3,Closed,The delivery address shown for my order is incorrect. This is disrupting what I need to do.
TKT-11292,CUS-000147,2026-05-22 19:01:08,2026-05-23 23:18:31,WhatsApp,Billing/Refunds,Duplicate Charge,Premium,11,28.29,1,Closed,I was charged twice for the same transaction. This has been very frustrating.
TKT-11293,CUS-000928,2026-07-03 00:55:01,2026-07-04 18:39:25,In-App Chat,Delivery Delay,Late Delivery,Premium,27,41.74,4,Closed,My order is later than the delivery estimate. This is disrupting what I need to do.
TKT-11294,CUS-000693,2026-06-16 15:36:16,2026-06-16 22:36:52,In-App Chat,Account Access,Verification Code Missing,Free,30,7.01,,Closed,The verification code has not arrived yet.
TKT-11295,CUS-000995,2026-05-25 12:05:35,2026-05-26 12:10:59,Email,Billing/Refunds,Incorrect Amount,Premium,75,24.09,3,Resolved,The amount on my bill does not match what I expected. This is disrupting what I need to do.
TKT-11296,CUS-001646,2026-05-27 01:38:12,2026-05-28 12:29:48,Social Media,Billing/Refunds,Refund Pending,Premium,119,34.86,,Resolved,My refund is still pending and I need an update.
TKT-11297,CUS-001646,2026-05-29 17:32:34,2026-05-30 22:38:34,Email,Delivery Delay,Missing Items,Free,77,29.1,,Closed,Some items were missing when my order arrived. I have already tried again several times.
TKT-11298,CUS-000703,2026-07-13 02:46:04,2026-07-13 11:09:28,In-App Chat,App Bug,App Crash,Enterprise,10,8.39,4,Resolved,The app closes every time I try to complete this action. This has been very frustrating.
TKT-11299,CUS-000618,2026-06-27 20:08:30,2026-06-30 19:04:54,Email,Feature Request,Notification Controls,Premium,22,70.94,,Closed,Please add more control over which notifications I receive. I would be happy to use this feature.
TKT-11300,CUS-001152,2026-06-20 16:57:51,2026-06-21 12:35:39,Email,Delivery Delay,Tracking Not Updated,Premium,74,19.63,3,Resolved,The tracking status has not changed for a while.
TKT-11301,CUS-000618,2026-07-22 14:40:46,2026-07-22 18:53:58,In-App Chat,Account Access,Password Reset,Free,14,4.22,,Resolved,I need help resetting my password.
TKT-11302,CUS-001310,2026-07-23 12:24:23,,In-App Chat,App Bug,Page Not Loading,Free,23,,2,Open,The page is stuck loading and I cannot continue. This has been very frustrating.
TKT-11303,CUS-001003,2026-08-02 18:09:49,2026-08-03 21:15:13,WhatsApp,Delivery Delay,Tracking Not Updated,Free,47,27.09,3,Resolved,The tracking status has not changed for a while. This has been very frustrating.
TKT-11304,CUS-000355,2026-06-13 02:47:28,2026-06-13 22:55:52,In-App Chat,Feature Request,Export Data,Premium,16,20.14,3,Resolved,Could you add a way to export my account data? I would be happy to use this feature.
TKT-11305,CUS-000700,2026-07-08 08:02:48,2026-07-10 08:52:36,In-App Chat,Billing/Refunds,Duplicate Charge,Premium,5,48.83,3,Closed,I was charged twice for the same transaction. This is disrupting what I need to do.
TKT-11306,CUS-001448,2026-06-01 07:54:18,2026-06-02 21:30:18,In-App Chat,App Bug,Page Not Loading,Free,13,37.6,3,Closed,The page is stuck loading and I cannot continue. This has been very frustrating.
TKT-11307,CUS-000914,2026-06-28 06:26:16,,Email,Billing/Refunds,Incorrect Amount,Premium,50,,2,Open,The amount on my bill does not match what I expected. This has been very frustrating.
TKT-11308,CUS-001189,2026-07-30 08:42:20,,Email,App Bug,Login Timeout,Free,59,,2,Open,I keep getting timed out when I try to sign in. This has been very frustrating.
TKT-11309,CUS-001189,2026-05-17 08:33:11,2026-05-17 18:29:35,In-App Chat,Delivery Delay,Missing Items,Free,10,9.94,,Closed,Some items were missing when my order arrived.
TKT-11310,CUS-000808,2026-05-25 08:08:48,2026-05-27 08:04:00,Email,App Bug,Login Timeout,Enterprise,12,47.92,2,Resolved,I keep getting timed out when I try to sign in.
TKT-11311,CUS-000512,2026-05-29 06:42:24,2026-05-29 12:42:24,Social Media,Account Access,Account Locked,Free,40,6.0,,Resolved,My account is locked and I cannot get back in. I would appreciate an update when possible.
TKT-11312,CUS-000993,2026-05-23 01:53:48,,In-App Chat,App Bug,App Crash,Free,26,,2,Open,The app closes every time I try to complete this action. Please resolve this as soon as possible.
TKT-11313,CUS-000206,2026-08-02 19:16:57,2026-08-03 14:44:33,WhatsApp,Billing/Refunds,Refund Pending,Free,47,19.46,,Resolved,My refund is still pending and I need an update. This is disrupting what I need to do.
TKT-11314,CUS-000995,2026-06-03 11:35:17,,In-App Chat,Billing/Refunds,Payment Failed,Free,31,,1,Open,My payment keeps failing even though my details are correct. I have already tried again several times.
TKT-11315,CUS-000186,2026-05-31 19:34:36,2026-06-01 08:52:36,In-App Chat,Delivery Delay,Late Delivery,Premium,7,13.3,3,Closed,My order is later than the delivery estimate. I have already tried again several times.
TKT-11316,CUS-001515,2026-07-06 19:38:15,2026-07-07 05:04:39,WhatsApp,Account Access,Verification Code Missing,Enterprise,4,9.44,4,Resolved,The verification code has not arrived yet.
TKT-11317,CUS-001251,2026-06-13 01:12:17,2026-06-14 01:32:41,WhatsApp,App Bug,Login Timeout,Free,60,24.34,2,Resolved,I keep getting timed out when I try to sign in. This has been very frustrating.
TKT-11318,CUS-000335,2026-07-23 12:39:17,2026-07-25 04:53:05,In-App Chat,Delivery Delay,Wrong Delivery Address,Free,16,40.23,2,Closed,The delivery address shown for my order is incorrect. Please resolve this as soon as possible.
TKT-11319,CUS-001326,2026-06-11 07:05:56,2026-06-12 03:15:32,WhatsApp,Billing/Refunds,Duplicate Charge,Free,26,20.16,3,Resolved,I was charged twice for the same transaction. This is disrupting what I need to do.
TKT-11320,CUS-001219,2026-05-16 06:30:25,2026-05-17 07:23:49,Email,Billing/Refunds,Duplicate Charge,Free,29,24.89,,Resolved,I was charged twice for the same transaction. I have already tried again several times.
TKT-11321,CUS-001225,2026-07-14 23:14:18,2026-07-16 10:40:42,In-App Chat,Billing/Refunds,Duplicate Charge,Free,23,35.44,3,Closed,I was charged twice for the same transaction.
TKT-11322,CUS-000577,2026-07-29 12:11:20,2026-07-30 03:14:56,WhatsApp,Feature Request,Export Data,Free,42,15.06,,Resolved,Could you add a way to export my account data?
TKT-11323,CUS-000863,2026-07-31 19:40:22,2026-08-01 05:49:22,Social Media,Delivery Delay,Wrong Delivery Address,Premium,6,10.15,3,Resolved,The delivery address shown for my order is incorrect. This is disrupting what I need to do.
TKT-11324,CUS-000975,2026-06-24 16:28:55,2026-06-25 09:19:55,In-App Chat,Account Access,Password Reset,Free,12,16.85,,Closed,I need help resetting my password. I would appreciate an update when possible.
TKT-11325,CUS-000636,2026-07-19 19:28:58,2026-07-21 01:08:34,Email,Billing/Refunds,Incorrect Amount,Free,31,29.66,,Closed,The amount on my bill does not match what I expected.
TKT-11326,CUS-000928,2026-06-28 08:00:30,2026-06-29 23:02:18,In-App Chat,Billing/Refunds,Refund Pending,Free,38,39.03,2,Resolved,My refund is still pending and I need an update. This is disrupting what I need to do.
TKT-11327,CUS-000420,2026-07-27 20:49:55,,In-App Chat,Account Access,Account Locked,Premium,3,,2,Open,My account is locked and I cannot get back in. Please let me know what information you need.
TKT-11328,CUS-001466,2026-05-26 13:11:41,,WhatsApp,App Bug,Notification Error,Free,32,,,Open,The notifications are delayed or showing the wrong information. This has been very frustrating.
TKT-11329,CUS-001617,2026-07-06 16:39:42,2026-07-07 03:30:42,Email,Feature Request,New Payment Option,Free,116,10.85,,Resolved,It would be helpful to have another payment option. Thanks for considering the suggestion.
TKT-11330,CUS-000565,2026-06-21 00:53:33,2026-06-21 11:52:21,Email,Delivery Delay,Wrong Delivery Address,Premium,38,10.98,,Resolved,The delivery address shown for my order is incorrect. This has been very frustrating.
TKT-11331,CUS-000591,2026-08-10 05:05:17,2026-08-11 23:59:53,Email,App Bug,Login Timeout,Free,57,42.91,2,Closed,I keep getting timed out when I try to sign in. I have already tried again several times.
TKT-11332,CUS-000380,2026-07-13 15:32:56,2026-07-14 02:18:32,Email,Delivery Delay,Missing Items,Enterprise,15,10.76,4,Resolved,Some items were missing when my order arrived. I have already tried again several times.
TKT-11333,CUS-001450,2026-06-14 16:57:31,2026-06-18 05:08:19,In-App Chat,Feature Request,New Payment Option,Free,44,84.18,,Escalated,It would be helpful to have another payment option. Everything else is working well for me.
TKT-11334,CUS-000297,2026-07-17 06:46:50,2026-07-18 19:08:26,WhatsApp,App Bug,Notification Error,Premium,14,36.36,,Closed,The notifications are delayed or showing the wrong information. I have already tried again several times.
TKT-11335,CUS-001348,2026-07-12 08:50:33,2026-07-12 11:39:09,Email,Account Access,Account Locked,Enterprise,3,2.81,,Resolved,My account is locked and I cannot get back in. Please let me know what information you need.
TKT-11336,CUS-001403,2026-08-03 10:40:42,2026-08-03 22:38:18,Social Media,Feature Request,New Payment Option,Free,88,11.96,4,Closed,"It would be helpful to have another payment option. The service has been useful overall, so this would be a great addition."
TKT-11337,CUS-000551,2026-06-18 22:16:04,2026-06-19 11:22:04,Email,Billing/Refunds,Incorrect Amount,Premium,44,13.1,2,Resolved,The amount on my bill does not match what I expected. Please resolve this as soon as possible.
TKT-11338,CUS-001306,2026-07-14 22:08:19,,In-App Chat,Feature Request,Notification Controls,Free,23,,,Open,Please add more control over which notifications I receive. I would be happy to use this feature.
TKT-11339,CUS-000757,2026-08-06 08:43:41,2026-08-07 21:21:29,In-App Chat,Billing/Refunds,Refund Pending,Premium,3,36.63,2,Resolved,My refund is still pending and I need an update. Please resolve this as soon as possible.
TKT-11340,CUS-000597,2026-07-05 12:43:33,,In-App Chat,Account Access,Profile Update Failed,Enterprise,3,,,Open,I cannot save the changes to my profile.
TKT-11341,CUS-001503,2026-06-08 04:05:27,2026-06-09 00:37:15,In-App Chat,Delivery Delay,Wrong Delivery Address,Premium,6,20.53,4,Resolved,The delivery address shown for my order is incorrect. This is disrupting what I need to do.
TKT-11342,CUS-000758,2026-07-08 23:18:01,2026-07-09 06:31:13,Email,Account Access,Account Locked,Enterprise,6,7.22,3,Closed,My account is locked and I cannot get back in.
TKT-11343,CUS-000103,2026-07-10 19:32:03,,WhatsApp,App Bug,Login Timeout,Free,31,,1,Open,I keep getting timed out when I try to sign in.
TKT-11344,CUS-001067,2026-06-25 05:02:39,2026-06-25 17:27:51,In-App Chat,Account Access,Account Locked,Free,17,12.42,,Resolved,My account is locked and I cannot get back in. Please let me know what information you need.
TKT-11345,CUS-001110,2026-07-18 00:30:02,2026-07-19 19:13:50,In-App Chat,Billing/Refunds,Refund Pending,Free,17,42.73,2,Resolved,My refund is still pending and I need an update. I have already tried again several times.
TKT-11346,CUS-001067,2026-06-28 06:22:17,2026-06-30 13:13:53,Social Media,Billing/Refunds,Payment Failed,Premium,31,54.86,1,Escalated,My payment keeps failing even though my details are correct. Please resolve this as soon as possible.
TKT-11347,CUS-000610,2026-06-06 23:41:38,2026-06-08 18:12:14,In-App Chat,Billing/Refunds,Incorrect Amount,Premium,12,42.51,1,Escalated,The amount on my bill does not match what I expected. Please resolve this as soon as possible.
TKT-11348,CUS-001149,2026-06-16 22:47:16,2026-06-17 09:52:40,WhatsApp,Account Access,Verification Code Missing,Premium,11,11.09,3,Resolved,The verification code has not arrived yet. Please let me know what information you need.
TKT-11349,CUS-000499,2026-07-16 02:55:17,2026-07-19 16:44:29,In-App Chat,App Bug,App Crash,Free,16,85.82,2,Resolved,The app closes every time I try to complete this action. This is disrupting what I need to do.
TKT-11350,CUS-000776,2026-07-04 12:00:27,2026-07-10 09:47:15,In-App Chat,Billing/Refunds,Payment Failed,Free,17,141.78,1,Escalated,My payment keeps failing even though my details are correct. Please resolve this as soon as possible.
TKT-11351,CUS-000382,2026-07-12 12:04:35,2026-07-13 16:23:47,In-App Chat,Feature Request,New Payment Option,Premium,9,28.32,4,Resolved,It would be helpful to have another payment option. I would be happy to use this feature.
TKT-11352,CUS-001028,2026-06-30 00:55:23,2026-07-01 08:39:11,WhatsApp,App Bug,App Crash,Enterprise,8,31.73,,Closed,The app closes every time I try to complete this action. Please resolve this as soon as possible.
TKT-11353,CUS-001366,2026-08-03 18:02:57,2026-08-04 13:55:45,In-App Chat,App Bug,Login Timeout,Free,12,19.88,3,Resolved,I keep getting timed out when I try to sign in. I have already tried again several times.
TKT-11354,CUS-000178,2026-07-26 17:10:08,2026-07-27 14:05:56,Email,App Bug,Page Not Loading,Free,184,20.93,,Resolved,The page is stuck loading and I cannot continue. This has been very frustrating.
TKT-11355,CUS-000055,2026-07-14 07:31:57,2026-07-21 05:41:33,In-App Chat,Billing/Refunds,Incorrect Amount,Free,33,166.16,1,Escalated,The amount on my bill does not match what I expected. This is disrupting what I need to do.
TKT-11356,CUS-001285,2026-05-29 02:17:49,2026-05-29 09:28:01,In-App Chat,Delivery Delay,Missing Items,Free,4,7.17,3,Resolved,Some items were missing when my order arrived. This has been very frustrating.
TKT-11357,CUS-000562,2026-07-18 15:13:11,,WhatsApp,App Bug,Notification Error,Enterprise,6,,2,Open,The notifications are delayed or showing the wrong information. This has been very frustrating.
TKT-11358,CUS-000564,2026-05-30 20:22:26,2026-05-31 18:21:50,In-App Chat,Billing/Refunds,Payment Failed,Free,44,21.99,3,Closed,My payment keeps failing even though my details are correct. This is disrupting what I need to do.
TKT-11359,CUS-000936,2026-06-22 22:39:04,2026-06-24 16:40:52,In-App Chat,Feature Request,Export Data,Free,29,42.03,,Resolved,Could you add a way to export my account data? I would be happy to use this feature.
TKT-11360,CUS-000815,2026-07-30 23:50:30,2026-07-31 20:07:18,Email,Delivery Delay,Wrong Delivery Address,Free,58,20.28,3,Resolved,The delivery address shown for my order is incorrect.
TKT-11361,CUS-000222,2026-06-22 15:00:59,2026-06-23 23:08:11,WhatsApp,Delivery Delay,Tracking Not Updated,Free,32,32.12,3,Resolved,The tracking status has not changed for a while. Please resolve this as soon as possible.
TKT-11362,CUS-001285,2026-07-17 11:16:03,2026-07-23 17:08:51,In-App Chat,Delivery Delay,Late Delivery,Enterprise,4,149.88,1,Escalated,My order is later than the delivery estimate.
TKT-11363,CUS-000325,2026-06-27 12:15:21,2026-06-28 02:07:33,In-App Chat,Feature Request,Notification Controls,Free,37,13.87,4,Closed,Please add more control over which notifications I receive. I would be happy to use this feature.
TKT-11364,CUS-001387,2026-06-20 18:15:30,2026-06-22 05:03:30,WhatsApp,App Bug,App Crash,Free,14,34.8,3,Closed,The app closes every time I try to complete this action. This has been very frustrating.
TKT-11365,CUS-001289,2026-07-06 07:45:44,2026-07-06 13:54:08,Social Media,Account Access,Profile Update Failed,Free,30,6.14,4,Resolved,I cannot save the changes to my profile. Please let me know what information you need.
TKT-11366,CUS-000307,2026-05-22 02:53:56,2026-05-22 06:23:20,WhatsApp,Account Access,Verification Code Missing,Enterprise,15,3.49,,Resolved,The verification code has not arrived yet. Thank you for checking this for me.
TKT-11367,CUS-001282,2026-06-10 18:24:41,2026-06-11 10:22:17,Social Media,Billing/Refunds,Duplicate Charge,Enterprise,7,15.96,4,Resolved,I was charged twice for the same transaction. This is disrupting what I need to do.
TKT-11368,CUS-001118,2026-06-17 07:49:34,2026-06-18 08:59:46,Social Media,Billing/Refunds,Incorrect Amount,Free,111,25.17,3,Closed,The amount on my bill does not match what I expected.
TKT-11369,CUS-001640,2026-07-29 10:55:15,2026-07-30 00:42:39,Email,Billing/Refunds,Payment Failed,Free,474,13.79,2,Resolved,My payment keeps failing even though my details are correct. Please resolve this as soon as possible.
TKT-11370,CUS-001195,2026-06-09 07:30:53,2026-06-09 15:38:41,In-App Chat,Account Access,Verification Code Missing,Free,17,8.13,5,Resolved,The verification code has not arrived yet. Could someone advise me on the next step?
TKT-11371,CUS-000659,2026-07-03 23:38:56,2026-07-05 03:04:08,Social Media,Delivery Delay,Missing Items,Free,21,27.42,,Resolved,Some items were missing when my order arrived. Please resolve this as soon as possible.
TKT-11372,CUS-001038,2026-06-16 07:50:29,2026-06-16 20:24:05,Social Media,Delivery Delay,Late Delivery,Free,37,12.56,2,Resolved,My order is later than the delivery estimate. This has been very frustrating.
TKT-11373,CUS-001121,2026-06-12 06:03:49,2026-06-13 13:53:01,WhatsApp,App Bug,Page Not Loading,Premium,30,31.82,1,Closed,The page is stuck loading and I cannot continue. This is disrupting what I need to do.
TKT-11374,CUS-001255,2026-08-03 07:42:19,2026-08-05 12:58:31,Email,Billing/Refunds,Payment Failed,Enterprise,27,53.27,3,Closed,My payment keeps failing even though my details are correct. I have already tried again several times.
TKT-11375,CUS-000780,2026-06-06 03:49:44,,In-App Chat,App Bug,Page Not Loading,Free,94,,,Open,The page is stuck loading and I cannot continue. This is disrupting what I need to do.
TKT-11376,CUS-001392,2026-06-02 06:04:10,2026-06-03 10:13:46,Email,Account Access,Account Locked,Free,73,28.16,4,Resolved,My account is locked and I cannot get back in. Thank you for checking this for me.
TKT-11377,CUS-000494,2026-06-20 00:21:45,2026-06-20 11:43:21,Email,Feature Request,Export Data,Free,101,11.36,4,Closed,Could you add a way to export my account data? Thanks for considering the suggestion.
TKT-11378,CUS-001624,2026-06-25 07:55:22,2026-06-26 07:39:10,Email,Delivery Delay,Late Delivery,Free,48,23.73,4,Resolved,My order is later than the delivery estimate. I have already tried again several times.
TKT-11379,CUS-000539,2026-06-21 13:17:24,2026-06-24 17:08:24,WhatsApp,Feature Request,New Payment Option,Free,7,75.85,,Escalated,It would be helpful to have another payment option. I would be happy to use this feature.
TKT-11380,CUS-000068,2026-07-04 03:58:39,2026-07-06 20:32:50,Email,Delivery Delay,Wrong Delivery Address,Free,73,64.57,,Closed,The delivery address shown for my order is incorrect. I have already tried again several times.
TKT-11381,CUS-000357,2026-05-30 07:19:32,2026-05-30 19:36:20,In-App Chat,Feature Request,Export Data,Enterprise,2,12.28,,Resolved,Could you add a way to export my account data?
TKT-11382,CUS-001556,2026-06-15 10:36:19,2026-06-17 23:45:55,Email,App Bug,Notification Error,Free,111,61.16,,Escalated,The notifications are delayed or showing the wrong information.
TKT-11383,CUS-001336,2026-08-08 10:06:47,2026-08-09 00:57:47,Email,Billing/Refunds,Incorrect Amount,Premium,11,14.85,2,Resolved,The amount on my bill does not match what I expected. I have already tried again several times.
TKT-11384,CUS-000737,2026-07-10 15:35:01,2026-07-11 11:59:01,WhatsApp,Billing/Refunds,Payment Failed,Free,21,20.4,3,Resolved,My payment keeps failing even though my details are correct. This is disrupting what I need to do.
TKT-11385,CUS-001519,2026-07-07 09:16:21,2026-07-11 17:40:21,Email,App Bug,App Crash,Free,88,104.4,1,Resolved,The app closes every time I try to complete this action. Please resolve this as soon as possible.
TKT-11386,CUS-000424,2026-07-14 12:47:45,2026-07-15 11:35:45,Email,Billing/Refunds,Payment Failed,Free,94,22.8,,Resolved,My payment keeps failing even though my details are correct.
TKT-11387,CUS-000413,2026-06-05 20:51:10,,Email,Billing/Refunds,Refund Pending,Enterprise,12,,2,Open,My refund is still pending and I need an update. Please resolve this as soon as possible.
TKT-11388,CUS-000235,2026-07-27 13:26:04,2026-07-27 22:36:16,Email,Feature Request,Export Data,Free,237,9.17,5,Closed,Could you add a way to export my account data? I would be happy to use this feature.
TKT-11389,CUS-000744,2026-07-27 01:12:12,2026-07-27 18:57:12,In-App Chat,Billing/Refunds,Duplicate Charge,Free,61,17.75,1,Closed,I was charged twice for the same transaction. I have already tried again several times.
TKT-11390,CUS-000849,2026-06-02 16:01:12,2026-06-03 22:09:00,WhatsApp,Feature Request,Notification Controls,Premium,10,30.13,3,Escalated,Please add more control over which notifications I receive.
TKT-11391,CUS-000261,2026-07-24 07:44:33,2026-07-25 01:16:21,WhatsApp,Delivery Delay,Late Delivery,Premium,42,17.53,,Closed,My order is later than the delivery estimate.
TKT-11392,CUS-000209,2026-07-03 14:01:44,2026-07-03 20:32:56,Email,Account Access,Verification Code Missing,Premium,102,6.52,4,Resolved,The verification code has not arrived yet. I would appreciate an update when possible.
TKT-11393,CUS-000659,2026-08-01 17:08:39,2026-08-01 21:02:03,Email,Account Access,Account Locked,Free,69,3.89,,Resolved,My account is locked and I cannot get back in. Could someone advise me on the next step?
TKT-11394,CUS-000411,2026-06-20 14:45:38,2026-06-22 00:12:02,In-App Chat,App Bug,Page Not Loading,Free,24,33.44,4,Resolved,The page is stuck loading and I cannot continue. Please resolve this as soon as possible.
TKT-11395,CUS-000957,2026-06-20 00:58:49,,Email,Account Access,Password Reset,Premium,33,,3,Open,I need help resetting my password. Could someone advise me on the next step?
TKT-11396,CUS-000868,2026-07-24 21:19:58,,Email,Billing/Refunds,Payment Failed,Free,50,,1,Open,My payment keeps failing even though my details are correct. I have already tried again several times.
TKT-11397,CUS-000296,2026-07-18 07:58:15,2026-07-19 12:14:27,Social Media,Feature Request,Export Data,Free,31,28.27,,Closed,Could you add a way to export my account data? Everything else is working well for me.
TKT-11398,CUS-000023,2026-07-19 04:04:01,2026-07-19 08:44:49,In-App Chat,App Bug,Notification Error,Free,52,4.68,,Resolved,The notifications are delayed or showing the wrong information. Please resolve this as soon as possible.
TKT-11399,CUS-001085,2026-07-18 19:33:15,2026-07-19 13:26:03,Social Media,Billing/Refunds,Incorrect Amount,Free,57,17.88,,Resolved,The amount on my bill does not match what I expected.
TKT-11400,CUS-001299,2026-06-19 05:50:42,2026-06-19 18:15:18,In-App Chat,Delivery Delay,Late Delivery,Enterprise,3,12.41,,Escalated,My order is later than the delivery estimate. Please resolve this as soon as possible.
TKT-11401,CUS-000817,2026-07-03 08:43:10,2026-07-04 00:10:10,Email,Account Access,Password Reset,Premium,19,15.45,,Resolved,I need help resetting my password. I would appreciate an update when possible.
TKT-11402,CUS-000960,2026-06-05 15:53:57,2026-06-08 14:44:57,Email,App Bug,Notification Error,Free,46,70.85,,Closed,The notifications are delayed or showing the wrong information. This has been very frustrating.
TKT-11403,CUS-001621,2026-06-16 19:45:35,2026-06-16 23:10:47,In-App Chat,Account Access,Password Reset,Enterprise,3,3.42,5,Resolved,I need help resetting my password. I would appreciate an update when possible.
TKT-11404,CUS-001289,2026-07-02 01:19:01,2026-07-03 10:59:13,Email,Billing/Refunds,Duplicate Charge,Free,131,33.67,,Resolved,I was charged twice for the same transaction. This is disrupting what I need to do.
TKT-11405,CUS-000577,2026-08-06 19:16:14,2026-08-07 17:45:38,WhatsApp,Account Access,Account Locked,Free,20,22.49,3,Closed,My account is locked and I cannot get back in. Thank you for checking this for me.
TKT-11406,CUS-001431,2026-07-10 01:12:56,,Email,App Bug,Page Not Loading,Free,130,,2,Open,The page is stuck loading and I cannot continue.
TKT-11407,CUS-000906,2026-07-17 08:26:39,2026-07-18 12:04:27,In-App Chat,App Bug,Notification Error,Premium,12,27.63,,Closed,The notifications are delayed or showing the wrong information. I have already tried again several times.
TKT-11408,CUS-000860,2026-07-02 03:26:20,2026-07-02 11:20:56,Email,Billing/Refunds,Payment Failed,Free,81,7.91,3,Resolved,My payment keeps failing even though my details are correct. This is disrupting what I need to do.
TKT-11409,CUS-001160,2026-08-11 16:53:19,2026-08-11 23:59:55,In-App Chat,App Bug,Page Not Loading,Free,44,7.11,3,Resolved,The page is stuck loading and I cannot continue. This has been very frustrating.
TKT-11410,CUS-000714,2026-06-08 23:17:43,,Email,App Bug,Login Timeout,Premium,58,,2,Open,I keep getting timed out when I try to sign in. This has been very frustrating.
TKT-11411,CUS-001481,2026-07-20 08:16:12,2026-07-26 08:03:00,Email,App Bug,Notification Error,Free,31,143.78,1,Closed,The notifications are delayed or showing the wrong information. This has been very frustrating.
TKT-11412,CUS-000307,2026-08-06 15:05:27,2026-08-07 09:48:39,In-App Chat,Billing/Refunds,Duplicate Charge,Enterprise,2,18.72,2,Resolved,I was charged twice for the same transaction. This is disrupting what I need to do.
TKT-11413,CUS-000703,2026-07-17 10:47:39,2026-07-18 11:12:51,Email,Billing/Refunds,Payment Failed,Free,65,24.42,3,Closed,My payment keeps failing even though my details are correct. Please resolve this as soon as possible.
TKT-11414,CUS-000122,2026-07-17 13:01:27,2026-07-19 01:57:15,Social Media,Account Access,Verification Code Missing,Free,54,36.93,3,Resolved,The verification code has not arrived yet. Please let me know what information you need.
TKT-11415,CUS-001181,2026-07-25 16:17:01,2026-07-26 21:52:25,Social Media,Billing/Refunds,Payment Failed,Premium,46,29.59,3,Resolved,My payment keeps failing even though my details are correct. This has been very frustrating.
TKT-11416,CUS-000458,2026-07-27 06:45:03,2026-07-27 18:33:39,In-App Chat,Account Access,Password Reset,Free,24,11.81,4,Escalated,I need help resetting my password.
TKT-11417,CUS-000703,2026-08-09 11:58:46,2026-08-10 03:39:34,In-App Chat,Feature Request,Notification Controls,Free,66,15.68,4,Closed,Please add more control over which notifications I receive.
TKT-11418,CUS-001488,2026-06-29 08:45:53,2026-07-01 11:57:53,Email,App Bug,Notification Error,Premium,22,51.2,2,Resolved,The notifications are delayed or showing the wrong information. Please resolve this as soon as possible.
TKT-11419,CUS-000339,2026-08-07 07:52:03,2026-08-07 16:50:15,In-App Chat,Feature Request,Dark Mode,Enterprise,3,8.97,5,Resolved,I like the app and would find a dark mode option useful. Everything else is working well for me.
TKT-11420,CUS-000002,2026-07-13 07:43:09,,Email,Billing/Refunds,Incorrect Amount,Premium,28,,2,Open,The amount on my bill does not match what I expected. Please resolve this as soon as possible.
TKT-11421,CUS-000964,2026-06-09 16:04:22,2026-06-10 03:18:46,In-App Chat,Billing/Refunds,Refund Pending,Premium,6,11.24,3,Closed,My refund is still pending and I need an update.
TKT-11422,CUS-000735,2026-07-22 05:35:13,2026-07-22 16:47:49,In-App Chat,Delivery Delay,Tracking Not Updated,Free,47,11.21,,Closed,The tracking status has not changed for a while. I have already tried again several times.
TKT-11423,CUS-000103,2026-06-25 18:43:51,2026-06-26 08:31:15,Email,Delivery Delay,Late Delivery,Free,13,13.79,,Resolved,My order is later than the delivery estimate. I have already tried again several times.
TKT-11424,CUS-000513,2026-07-20 01:14:16,,In-App Chat,Delivery Delay,Tracking Not Updated,Free,17,,3,Open,The tracking status has not changed for a while. Please resolve this as soon as possible.
TKT-11425,CUS-000419,2026-06-20 04:34:34,,Social Media,Billing/Refunds,Payment Failed,Free,88,,1,Open,My payment keeps failing even though my details are correct.
TKT-11426,CUS-000446,2026-06-25 10:45:50,2026-06-26 11:51:50,In-App Chat,Delivery Delay,Tracking Not Updated,Premium,9,25.1,3,Resolved,The tracking status has not changed for a while.
TKT-11427,CUS-001335,2026-06-17 19:40:22,2026-06-23 21:33:10,Email,App Bug,Login Timeout,Free,145,145.88,2,Resolved,I keep getting timed out when I try to sign in. This has been very frustrating.
TKT-11428,CUS-000524,2026-06-06 02:18:11,2026-06-07 06:01:59,Email,App Bug,App Crash,Free,291,27.73,2,Closed,The app closes every time I try to complete this action. I have already tried again several times.
TKT-11429,CUS-000820,2026-07-29 10:41:33,2026-08-01 00:54:45,WhatsApp,Billing/Refunds,Refund Pending,Free,35,62.22,2,Escalated,My refund is still pending and I need an update. Please resolve this as soon as possible.
TKT-11430,CUS-000454,2026-07-07 04:26:40,2026-07-07 15:34:28,Social Media,Feature Request,Export Data,Free,89,11.13,3,Closed,Could you add a way to export my account data?
TKT-11431,CUS-001598,2026-06-15 23:20:28,,In-App Chat,Billing/Refunds,Payment Failed,Free,103,,,Open,My payment keeps failing even though my details are correct. This has been very frustrating.
TKT-11432,CUS-001300,2026-08-06 15:53:24,2026-08-08 17:37:12,Email,Delivery Delay,Tracking Not Updated,Free,95,49.73,3,Closed,The tracking status has not changed for a while. I have already tried again several times.
TKT-11433,CUS-000703,2026-07-15 16:48:29,2026-07-15 23:53:17,In-App Chat,Account Access,Verification Code Missing,Free,22,7.08,,Resolved,The verification code has not arrived yet. Thank you for checking this for me.
TKT-11434,CUS-001222,2026-07-22 04:28:19,2026-07-25 02:28:19,Email,Delivery Delay,Missing Items,Free,130,70.0,3,Resolved,Some items were missing when my order arrived. This has been very frustrating.
TKT-11435,CUS-000548,2026-05-22 12:51:08,2026-05-24 01:33:44,In-App Chat,Delivery Delay,Wrong Delivery Address,Free,48,36.71,,Escalated,The delivery address shown for my order is incorrect. Please resolve this as soon as possible.
TKT-11436,CUS-000151,2026-05-15 21:11:02,2026-05-17 04:42:50,Email,Delivery Delay,Wrong Delivery Address,Premium,33,31.53,3,Resolved,The delivery address shown for my order is incorrect.
TKT-11437,CUS-000717,2026-08-01 09:14:11,2026-08-04 03:25:35,In-App Chat,Billing/Refunds,Duplicate Charge,Free,17,66.19,3,Resolved,I was charged twice for the same transaction.
TKT-11438,CUS-000936,2026-06-16 20:11:24,2026-06-17 11:57:00,WhatsApp,Billing/Refunds,Duplicate Charge,Free,97,15.76,,Closed,I was charged twice for the same transaction. This is disrupting what I need to do.
TKT-11439,CUS-000598,2026-07-18 13:16:50,2026-07-19 02:07:14,Email,Account Access,Password Reset,Free,63,12.84,4,Resolved,I need help resetting my password.
TKT-11440,CUS-000682,2026-06-28 00:10:59,2026-06-28 19:01:23,Email,App Bug,Notification Error,Free,156,18.84,2,Escalated,The notifications are delayed or showing the wrong information. Please resolve this as soon as possible.
TKT-11441,CUS-001201,2026-07-10 13:34:18,2026-07-12 03:17:30,In-App Chat,Billing/Refunds,Payment Failed,Premium,12,37.72,2,Resolved,My payment keeps failing even though my details are correct. I have already tried again several times.
TKT-11442,CUS-001508,2026-07-15 13:42:42,2026-07-16 02:03:06,In-App Chat,Billing/Refunds,Refund Pending,Premium,33,12.34,3,Resolved,My refund is still pending and I need an update. This has been very frustrating.
TKT-11443,CUS-001505,2026-05-30 23:02:03,2026-06-01 07:56:39,In-App Chat,App Bug,Login Timeout,Enterprise,2,32.91,,Resolved,I keep getting timed out when I try to sign in. This is disrupting what I need to do.
TKT-11444,CUS-000960,2026-07-27 12:56:43,2026-07-29 09:08:07,WhatsApp,Billing/Refunds,Payment Failed,Premium,9,44.19,,Closed,My payment keeps failing even though my details are correct.
TKT-11445,CUS-001057,2026-07-12 01:00:40,2026-07-14 19:30:04,WhatsApp,Billing/Refunds,Duplicate Charge,Free,57,66.49,2,Closed,I was charged twice for the same transaction. This is disrupting what I need to do.
TKT-11446,CUS-000881,2026-06-16 01:10:31,2026-06-17 00:15:55,In-App Chat,Feature Request,Dark Mode,Free,11,23.09,,Resolved,I like the app and would find a dark mode option useful. I would be happy to use this feature.
TKT-11447,CUS-000626,2026-07-19 00:52:42,2026-07-20 12:55:42,Social Media,App Bug,Page Not Loading,Free,46,36.05,4,Resolved,The page is stuck loading and I cannot continue. I have already tried again several times.
TKT-11448,CUS-001242,2026-08-04 15:18:58,2026-08-05 02:21:58,Email,Feature Request,New Payment Option,Free,194,11.05,,Resolved,"It would be helpful to have another payment option. The service has been useful overall, so this would be a great addition."
TKT-11449,CUS-000201,2026-07-29 22:25:51,2026-07-30 14:31:15,In-App Chat,Feature Request,Notification Controls,Free,8,16.09,4,Closed,"Please add more control over which notifications I receive. The service has been useful overall, so this would be a great addition."
TKT-11450,CUS-001505,2026-07-24 18:18:47,,Email,Billing/Refunds,Incorrect Amount,Free,95,,2,Open,The amount on my bill does not match what I expected. I have already tried again several times.
TKT-11451,CUS-000488,2026-06-08 18:55:43,2026-06-09 17:42:31,In-App Chat,Delivery Delay,Tracking Not Updated,Free,49,22.78,3,Closed,The tracking status has not changed for a while.
TKT-11452,CUS-000387,2026-07-14 22:07:57,2026-07-15 05:53:33,In-App Chat,Account Access,Password Reset,Free,23,7.76,,Resolved,I need help resetting my password. Could someone advise me on the next step?
TKT-11453,CUS-000467,2026-08-11 06:58:30,2026-08-11 12:47:42,Social Media,Account Access,Account Locked,Premium,11,5.82,4,Closed,My account is locked and I cannot get back in. Thank you for checking this for me.
TKT-11454,CUS-001368,2026-06-26 11:27:26,2026-06-26 19:58:38,In-App Chat,Billing/Refunds,Refund Pending,Premium,9,8.52,2,Resolved,My refund is still pending and I need an update. Please resolve this as soon as possible.
TKT-11455,CUS-000458,2026-07-03 06:40:50,2026-07-03 15:53:26,WhatsApp,Billing/Refunds,Refund Pending,Enterprise,3,9.21,2,Resolved,My refund is still pending and I need an update. I have already tried again several times.
TKT-11456,CUS-001020,2026-05-17 19:12:27,2026-05-17 23:47:14,Email,Billing/Refunds,Payment Failed,Free,78,4.58,2,Resolved,My payment keeps failing even though my details are correct. Please resolve this as soon as possible.
TKT-11457,CUS-000591,2026-06-23 07:17:43,2026-06-23 14:58:31,WhatsApp,Account Access,Verification Code Missing,Free,28,7.68,4,Resolved,The verification code has not arrived yet. Could someone advise me on the next step?
TKT-11458,CUS-001108,2026-06-05 22:26:41,2026-06-06 09:57:53,Email,Feature Request,New Payment Option,Enterprise,9,11.52,4,Resolved,It would be helpful to have another payment option.
TKT-11459,CUS-000985,2026-07-02 06:41:06,2026-07-02 08:37:30,WhatsApp,Account Access,Password Reset,Premium,21,1.94,5,Closed,I need help resetting my password. I would appreciate an update when possible.
TKT-11460,CUS-001648,2026-07-18 04:29:11,2026-07-19 04:42:59,In-App Chat,Delivery Delay,Tracking Not Updated,Free,61,24.23,2,Resolved,The tracking status has not changed for a while.
TKT-11461,CUS-000540,2026-07-08 17:54:49,2026-07-09 09:33:49,Email,Feature Request,Notification Controls,Free,91,15.65,4,Closed,Please add more control over which notifications I receive.
TKT-11462,CUS-000599,2026-07-16 16:06:50,,Email,Account Access,Profile Update Failed,Free,171,,2,Open,I cannot save the changes to my profile. Thank you for checking this for me.
TKT-11463,CUS-000355,2026-08-02 13:32:56,2026-08-03 11:45:32,WhatsApp,Billing/Refunds,Incorrect Amount,Premium,41,22.21,,Closed,The amount on my bill does not match what I expected. Please resolve this as soon as possible.
TKT-11464,CUS-000776,2026-06-21 10:05:41,2026-06-22 18:00:53,In-App Chat,Delivery Delay,Wrong Delivery Address,Premium,7,31.92,,Resolved,The delivery address shown for my order is incorrect. This has been very frustrating.
TKT-11465,CUS-001413,2026-08-05 11:18:31,2026-08-06 11:29:55,Email,App Bug,Page Not Loading,Free,88,24.19,3,Closed,The page is stuck loading and I cannot continue. Please resolve this as soon as possible.
TKT-11466,CUS-000375,2026-05-23 21:29:19,2026-05-25 03:17:19,Social Media,Billing/Refunds,Duplicate Charge,Free,33,29.8,3,Resolved,I was charged twice for the same transaction. Please resolve this as soon as possible.
TKT-11467,CUS-001619,2026-08-01 14:54:37,2026-08-03 09:34:49,In-App Chat,App Bug,Notification Error,Free,9,42.67,,Resolved,The notifications are delayed or showing the wrong information. This has been very frustrating.
TKT-11468,CUS-000023,2026-06-22 11:51:58,2026-06-22 20:24:58,WhatsApp,Feature Request,Notification Controls,Free,42,8.55,5,Resolved,Please add more control over which notifications I receive. I would be happy to use this feature.
TKT-11469,CUS-001359,2026-07-01 09:16:09,2026-07-05 23:18:33,In-App Chat,Billing/Refunds,Refund Pending,Premium,5,110.04,,Escalated,My refund is still pending and I need an update. This has been very frustrating.
TKT-11470,CUS-001160,2026-07-04 08:50:10,2026-07-09 04:29:10,In-App Chat,App Bug,Page Not Loading,Free,31,115.65,2,Escalated,The page is stuck loading and I cannot continue. This is disrupting what I need to do.
TKT-11471,CUS-001519,2026-08-01 08:01:17,2026-08-04 00:31:17,Email,Billing/Refunds,Payment Failed,Free,28,64.5,2,Escalated,My payment keeps failing even though my details are correct. I have already tried again several times.
TKT-11472,CUS-000860,2026-07-12 13:12:12,2026-07-18 05:56:00,Email,Billing/Refunds,Incorrect Amount,Free,83,136.73,2,Closed,The amount on my bill does not match what I expected.
TKT-11473,CUS-001152,2026-08-03 11:56:28,2026-08-04 22:42:04,In-App Chat,Billing/Refunds,Payment Failed,Enterprise,1,34.76,2,Resolved,My payment keeps failing even though my details are correct.
TKT-11474,CUS-000093,2026-06-26 15:54:02,2026-06-27 12:43:50,In-App Chat,Delivery Delay,Wrong Delivery Address,Free,35,20.83,2,Escalated,The delivery address shown for my order is incorrect.
TKT-11475,CUS-000669,2026-07-13 17:28:47,2026-07-15 13:40:11,In-App Chat,Delivery Delay,Missing Items,Free,18,44.19,4,Escalated,Some items were missing when my order arrived. I have already tried again several times.
TKT-11476,CUS-001295,2026-07-07 16:32:14,2026-07-11 18:19:38,Social Media,Billing/Refunds,Refund Pending,Premium,15,97.79,1,Resolved,My refund is still pending and I need an update. Please resolve this as soon as possible.
TKT-11477,CUS-000196,2026-07-25 13:28:42,,WhatsApp,App Bug,Page Not Loading,Premium,31,,1,Open,The page is stuck loading and I cannot continue. Please resolve this as soon as possible.
TKT-11478,CUS-001322,2026-07-12 21:22:30,2026-07-15 13:05:42,Email,Billing/Refunds,Payment Failed,Premium,28,63.72,1,Escalated,My payment keeps failing even though my details are correct. I have already tried again several times.
TKT-11479,CUS-000534,2026-05-17 18:45:06,2026-05-19 18:30:42,In-App Chat,Billing/Refunds,Payment Failed,Premium,11,47.76,,Resolved,My payment keeps failing even though my details are correct. This has been very frustrating.
TKT-11480,CUS-000602,2026-06-20 21:13:25,2026-06-21 10:38:01,Email,Account Access,Verification Code Missing,Free,66,13.41,,Resolved,The verification code has not arrived yet.
TKT-11481,CUS-001091,2026-08-08 14:11:31,2026-08-09 00:04:55,WhatsApp,Account Access,Verification Code Missing,Enterprise,8,9.89,,Resolved,The verification code has not arrived yet.
TKT-11482,CUS-000142,2026-06-30 12:06:12,2026-06-30 23:45:48,Social Media,Account Access,Verification Code Missing,Enterprise,14,11.66,,Closed,The verification code has not arrived yet.
TKT-11483,CUS-001047,2026-06-15 20:05:04,2026-06-17 07:30:16,In-App Chat,App Bug,Notification Error,Free,39,35.42,,Resolved,The notifications are delayed or showing the wrong information. I have already tried again several times.
TKT-11484,CUS-001529,2026-05-24 20:40:06,2026-05-25 01:25:42,In-App Chat,Account Access,Profile Update Failed,Premium,8,4.76,,Resolved,I cannot save the changes to my profile. Thank you for checking this for me.
TKT-11485,CUS-000171,2026-07-09 11:22:58,2026-07-11 08:03:46,WhatsApp,Billing/Refunds,Duplicate Charge,Free,71,44.68,2,Closed,I was charged twice for the same transaction. Please resolve this as soon as possible.
TKT-11486,CUS-000434,2026-08-01 18:38:14,2026-08-04 05:44:14,WhatsApp,Billing/Refunds,Incorrect Amount,Free,19,59.1,,Escalated,The amount on my bill does not match what I expected.
TKT-11487,CUS-000024,2026-06-13 03:10:01,2026-06-14 06:29:13,In-App Chat,Feature Request,New Payment Option,Free,15,27.32,5,Escalated,"It would be helpful to have another payment option. The service has been useful overall, so this would be a great addition."
TKT-11488,CUS-000855,2026-07-04 20:02:40,2026-07-07 08:54:16,WhatsApp,Delivery Delay,Wrong Delivery Address,Free,31,60.86,,Closed,The delivery address shown for my order is incorrect. Please resolve this as soon as possible.
TKT-11489,CUS-001225,2026-07-08 12:26:16,2026-07-08 19:55:40,In-App Chat,Feature Request,Dark Mode,Enterprise,7,7.49,,Resolved,I like the app and would find a dark mode option useful.
TKT-11490,CUS-001553,2026-08-07 04:44:26,2026-08-08 17:48:02,In-App Chat,Feature Request,New Payment Option,Free,11,37.06,5,Resolved,It would be helpful to have another payment option. Everything else is working well for me.
TKT-11491,CUS-000619,2026-06-13 21:30:29,2026-06-14 10:30:29,Social Media,Account Access,Profile Update Failed,Free,75,13.0,5,Closed,I cannot save the changes to my profile. Please let me know what information you need.
TKT-11492,CUS-000268,2026-07-15 13:12:25,2026-07-16 01:46:01,Email,Feature Request,New Payment Option,Free,72,12.56,3,Resolved,It would be helpful to have another payment option.
TKT-11493,CUS-000061,2026-06-03 12:40:33,2026-06-04 03:30:21,Email,App Bug,App Crash,Free,57,14.83,3,Closed,The app closes every time I try to complete this action. I have already tried again several times.
TKT-11494,CUS-000564,2026-07-09 10:44:17,,WhatsApp,Billing/Refunds,Payment Failed,Free,66,,2,Open,My payment keeps failing even though my details are correct. This is disrupting what I need to do.
TKT-11495,CUS-000843,2026-07-03 02:44:27,2026-07-04 13:20:27,WhatsApp,Billing/Refunds,Incorrect Amount,Free,20,34.6,2,Closed,The amount on my bill does not match what I expected. I have already tried again several times.
TKT-11496,CUS-001514,2026-07-31 10:00:33,2026-07-31 17:38:57,In-App Chat,Billing/Refunds,Refund Pending,Premium,44,7.64,,Closed,My refund is still pending and I need an update. This has been very frustrating.
TKT-11497,CUS-000381,2026-07-24 14:56:57,2026-07-26 08:43:45,Email,Billing/Refunds,Duplicate Charge,Enterprise,11,41.78,,Closed,I was charged twice for the same transaction.
TKT-11498,CUS-001319,2026-06-13 14:29:13,2026-06-17 07:22:01,Social Media,App Bug,App Crash,Free,47,88.88,2,Escalated,The app closes every time I try to complete this action. I have already tried again several times.
TKT-11499,CUS-000807,2026-07-07 09:01:26,2026-07-07 17:22:26,Email,Delivery Delay,Missing Items,Enterprise,32,8.35,4,Resolved,Some items were missing when my order arrived. Please resolve this as soon as possible.
TKT-11500,CUS-001455,2026-06-22 16:50:16,2026-06-23 22:37:04,WhatsApp,Delivery Delay,Wrong Delivery Address,Premium,17,29.78,2,Resolved,The delivery address shown for my order is incorrect.
TKT-11501,CUS-001447,2026-06-06 07:34:02,2026-06-06 09:39:26,Social Media,Account Access,Password Reset,Free,90,2.09,,Resolved,I need help resetting my password. Could someone advise me on the next step?
TKT-11502,CUS-001440,2026-07-16 14:49:17,2026-07-17 13:46:17,In-App Chat,Billing/Refunds,Duplicate Charge,Free,7,22.95,3,Closed,I was charged twice for the same transaction. This has been very frustrating.
TKT-11503,CUS-000681,2026-05-26 22:33:10,2026-05-27 16:18:46,In-App Chat,Delivery Delay,Late Delivery,Free,18,17.76,4,Resolved,My order is later than the delivery estimate.
TKT-11504,CUS-000593,2026-06-03 11:09:52,2026-06-05 10:09:16,WhatsApp,App Bug,Login Timeout,Premium,20,46.99,1,Resolved,I keep getting timed out when I try to sign in. Please resolve this as soon as possible.
TKT-11505,CUS-000370,2026-05-29 17:57:54,2026-06-04 01:16:30,WhatsApp,Billing/Refunds,Refund Pending,Free,66,127.31,1,Closed,My refund is still pending and I need an update. This is disrupting what I need to do.
TKT-11506,CUS-000402,2026-07-18 15:23:39,2026-07-19 21:40:27,In-App Chat,App Bug,Page Not Loading,Free,37,30.28,,Resolved,The page is stuck loading and I cannot continue. This is disrupting what I need to do.
TKT-11507,CUS-001034,2026-07-01 16:13:48,2026-07-03 13:52:48,In-App Chat,App Bug,Notification Error,Premium,16,45.65,1,Closed,The notifications are delayed or showing the wrong information. This has been very frustrating.
TKT-11508,CUS-001621,2026-06-08 20:43:17,2026-06-16 00:33:05,Social Media,App Bug,App Crash,Free,83,171.83,,Resolved,The app closes every time I try to complete this action. I have already tried again several times.
TKT-11509,CUS-001012,2026-07-05 17:03:40,2026-07-06 10:27:40,In-App Chat,Delivery Delay,Missing Items,Premium,14,17.4,,Resolved,Some items were missing when my order arrived. Please resolve this as soon as possible.
TKT-11510,CUS-000698,2026-06-21 02:04:18,2026-06-22 05:46:54,In-App Chat,Delivery Delay,Wrong Delivery Address,Free,6,27.71,2,Resolved,The delivery address shown for my order is incorrect. Please resolve this as soon as possible.
TKT-11511,CUS-000419,2026-07-15 16:18:57,2026-07-15 19:21:21,WhatsApp,Account Access,Verification Code Missing,Enterprise,14,3.04,4,Resolved,The verification code has not arrived yet. I would appreciate an update when possible.
TKT-11512,CUS-001102,2026-06-18 06:25:21,,WhatsApp,Billing/Refunds,Refund Pending,Free,20,,,Open,My refund is still pending and I need an update. I have already tried again several times.
TKT-11513,CUS-000375,2026-06-21 14:11:30,,WhatsApp,Delivery Delay,Wrong Delivery Address,Free,41,,1,Open,The delivery address shown for my order is incorrect. I have already tried again several times.
TKT-11514,CUS-000169,2026-07-07 22:24:35,2026-07-08 09:09:35,Email,Account Access,Password Reset,Premium,38,10.75,4,Closed,I need help resetting my password. I would appreciate an update when possible.
TKT-11515,CUS-000170,2026-06-13 03:53:42,2026-06-14 19:48:18,In-App Chat,Billing/Refunds,Duplicate Charge,Free,24,39.91,,Closed,I was charged twice for the same transaction. Please resolve this as soon as possible.
TKT-11516,CUS-001432,2026-07-27 02:15:48,2026-07-27 10:15:12,WhatsApp,Account Access,Verification Code Missing,Enterprise,3,7.99,,Closed,The verification code has not arrived yet. Thank you for checking this for me.
TKT-11517,CUS-000643,2026-07-12 18:20:43,,In-App Chat,App Bug,Notification Error,Premium,3,,3,Open,The notifications are delayed or showing the wrong information. This has been very frustrating.
TKT-11518,CUS-001585,2026-06-27 19:54:32,2026-06-29 12:02:56,In-App Chat,App Bug,Page Not Loading,Free,12,40.14,,Resolved,The page is stuck loading and I cannot continue.
TKT-11519,CUS-000829,2026-05-26 01:39:51,2026-05-29 08:33:51,WhatsApp,Billing/Refunds,Refund Pending,Free,56,78.9,3,Resolved,My refund is still pending and I need an update.
TKT-11520,CUS-001160,2026-06-08 21:39:17,2026-06-10 02:11:05,Social Media,Account Access,Account Locked,Enterprise,3,28.53,,Closed,My account is locked and I cannot get back in. Please let me know what information you need.
TKT-11521,CUS-001389,2026-07-15 02:39:59,,WhatsApp,Billing/Refunds,Payment Failed,Free,19,,2,Open,My payment keeps failing even though my details are correct. I have already tried again several times.
TKT-11522,CUS-001465,2026-08-03 19:50:35,2026-08-04 13:51:47,In-App Chat,Billing/Refunds,Payment Failed,Premium,14,18.02,2,Resolved,My payment keeps failing even though my details are correct. This is disrupting what I need to do.
TKT-11523,CUS-000296,2026-07-09 03:11:59,2026-07-09 21:00:35,WhatsApp,Billing/Refunds,Duplicate Charge,Free,18,17.81,,Resolved,I was charged twice for the same transaction. Please resolve this as soon as possible.
TKT-11524,CUS-000381,2026-07-14 01:36:26,2026-07-15 21:59:50,Email,Feature Request,Notification Controls,Enterprise,9,44.39,2,Resolved,Please add more control over which notifications I receive. Thanks for considering the suggestion.
TKT-11525,CUS-000272,2026-07-15 18:14:19,2026-07-17 07:50:55,Email,App Bug,Notification Error,Free,78,37.61,3,Resolved,The notifications are delayed or showing the wrong information.
TKT-11526,CUS-000751,2026-07-16 18:41:21,2026-07-19 13:26:21,WhatsApp,App Bug,App Crash,Premium,18,66.75,2,Closed,The app closes every time I try to complete this action.
TKT-11527,CUS-000285,2026-05-23 21:27:07,2026-05-26 01:43:55,Email,App Bug,Page Not Loading,Free,39,52.28,2,Resolved,The page is stuck loading and I cannot continue. This has been very frustrating.
TKT-11528,CUS-001100,2026-05-29 05:06:44,,Social Media,Feature Request,New Payment Option,Free,47,,3,Open,It would be helpful to have another payment option. Everything else is working well for me.
TKT-11529,CUS-000612,2026-05-31 15:36:51,2026-05-31 22:11:38,Email,Account Access,Profile Update Failed,Enterprise,16,6.58,,Closed,I cannot save the changes to my profile. Thank you for checking this for me.
TKT-11530,CUS-001626,2026-08-11 08:34:02,2026-08-11 13:29:14,Social Media,Feature Request,Export Data,Enterprise,3,4.92,5,Resolved,"Could you add a way to export my account data? The service has been useful overall, so this would be a great addition."
TKT-11531,CUS-001374,2026-06-29 09:15:32,2026-07-09 09:15:32,WhatsApp,App Bug,Page Not Loading,Free,38,240.0,,Escalated,The page is stuck loading and I cannot continue. This is disrupting what I need to do.
TKT-11532,CUS-001217,2026-06-23 11:33:46,2026-06-25 03:20:34,Social Media,Billing/Refunds,Incorrect Amount,Enterprise,5,39.78,,Closed,The amount on my bill does not match what I expected. I have already tried again several times.
TKT-11533,CUS-001160,2026-06-22 18:10:43,2026-06-23 06:08:55,In-App Chat,Account Access,Account Locked,Free,25,11.97,,Resolved,My account is locked and I cannot get back in. I would appreciate an update when possible.
TKT-11534,CUS-000073,2026-06-06 15:13:33,2026-06-10 04:14:45,In-App Chat,App Bug,App Crash,Free,36,85.02,2,Resolved,The app closes every time I try to complete this action. This has been very frustrating.
TKT-11535,CUS-000153,2026-08-07 11:58:54,2026-08-10 14:34:18,WhatsApp,Delivery Delay,Missing Items,Free,30,74.59,2,Escalated,Some items were missing when my order arrived.
TKT-11536,CUS-000723,2026-06-03 21:46:11,2026-06-06 02:16:47,WhatsApp,Delivery Delay,Late Delivery,Free,59,52.51,3,Resolved,My order is later than the delivery estimate. I have already tried again several times.
TKT-11537,CUS-001531,2026-07-29 14:18:31,2026-07-31 06:34:43,WhatsApp,App Bug,Notification Error,Free,55,40.27,3,Resolved,The notifications are delayed or showing the wrong information. This is disrupting what I need to do.
TKT-11538,CUS-000172,2026-06-04 06:56:40,2026-06-05 06:11:04,In-App Chat,Feature Request,Export Data,Free,40,23.24,4,Resolved,Could you add a way to export my account data? I would be happy to use this feature.
TKT-11539,CUS-000703,2026-07-07 13:52:37,2026-07-08 02:20:13,Email,Account Access,Profile Update Failed,Free,96,12.46,,Resolved,I cannot save the changes to my profile. Please let me know what information you need.
TKT-11540,CUS-001341,2026-07-02 14:31:31,2026-07-03 19:28:31,Social Media,App Bug,App Crash,Premium,39,28.95,,Closed,The app closes every time I try to complete this action. I have already tried again several times.
TKT-11541,CUS-000554,2026-07-20 03:49:55,2026-07-21 05:16:55,Social Media,App Bug,Page Not Loading,Premium,25,25.45,3,Resolved,The page is stuck loading and I cannot continue. Please resolve this as soon as possible.
TKT-11542,CUS-001559,2026-07-12 11:09:38,2026-07-13 09:52:14,In-App Chat,Billing/Refunds,Refund Pending,Premium,4,22.71,3,Closed,My refund is still pending and I need an update.
TKT-11543,CUS-001574,2026-05-23 06:18:22,2026-05-24 06:56:46,Email,Delivery Delay,Late Delivery,Free,46,24.64,,Resolved,My order is later than the delivery estimate. I have already tried again several times.
TKT-11544,CUS-000105,2026-07-27 22:45:28,2026-07-29 21:49:40,In-App Chat,Billing/Refunds,Refund Pending,Premium,9,47.07,,Escalated,My refund is still pending and I need an update.
TKT-11545,CUS-001035,2026-06-17 01:43:24,2026-06-18 22:39:48,Email,App Bug,Page Not Loading,Free,70,44.94,2,Resolved,The page is stuck loading and I cannot continue. This has been very frustrating.
TKT-11546,CUS-000263,2026-07-02 05:22:39,,In-App Chat,Account Access,Account Locked,Premium,13,,3,Open,My account is locked and I cannot get back in. Please let me know what information you need.
TKT-11547,CUS-000741,2026-06-02 04:09:20,,In-App Chat,Billing/Refunds,Duplicate Charge,Free,14,,2,Open,I was charged twice for the same transaction. Please resolve this as soon as possible.
TKT-11548,CUS-001509,2026-06-24 07:23:08,2026-06-25 15:46:32,In-App Chat,Billing/Refunds,Refund Pending,Free,80,32.39,1,Resolved,My refund is still pending and I need an update. This has been very frustrating.
TKT-11549,CUS-000137,2026-08-04 11:04:48,2026-08-04 19:09:00,WhatsApp,Account Access,Account Locked,Free,32,8.07,2,Closed,My account is locked and I cannot get back in. Please let me know what information you need.
TKT-11550,CUS-001579,2026-05-31 11:17:49,2026-06-01 07:09:25,Social Media,Billing/Refunds,Payment Failed,Premium,20,19.86,3,Resolved,My payment keeps failing even though my details are correct. Please resolve this as soon as possible.
TKT-11551,CUS-001646,2026-06-25 09:00:44,2026-06-26 08:34:20,WhatsApp,App Bug,Login Timeout,Enterprise,4,23.56,1,Escalated,I keep getting timed out when I try to sign in. Please resolve this as soon as possible.
TKT-11552,CUS-001130,2026-07-17 12:05:20,2026-07-18 20:41:56,Email,App Bug,Login Timeout,Premium,18,32.61,1,Closed,I keep getting timed out when I try to sign in. This is disrupting what I need to do.
TKT-11553,CUS-000607,2026-05-26 06:29:29,2026-05-26 17:24:05,Email,Billing/Refunds,Duplicate Charge,Enterprise,11,10.91,,Resolved,I was charged twice for the same transaction. This has been very frustrating.
TKT-11554,CUS-000432,2026-07-09 15:54:41,2026-07-10 12:22:53,In-App Chat,Billing/Refunds,Incorrect Amount,Enterprise,4,20.47,3,Resolved,The amount on my bill does not match what I expected. Please resolve this as soon as possible.
TKT-11555,CUS-000724,2026-08-09 05:32:03,2026-08-09 19:29:39,Email,Delivery Delay,Late Delivery,Free,70,13.96,4,Resolved,My order is later than the delivery estimate.
TKT-11556,CUS-000331,2026-08-09 15:46:57,2026-08-10 00:48:45,In-App Chat,Feature Request,New Payment Option,Premium,29,9.03,,Escalated,It would be helpful to have another payment option. I would be happy to use this feature.
TKT-11557,CUS-000042,2026-07-15 12:34:49,2026-07-20 20:48:01,Social Media,Billing/Refunds,Refund Pending,Free,40,128.22,2,Closed,My refund is still pending and I need an update. This has been very frustrating.
TKT-11558,CUS-000118,2026-05-27 22:21:25,2026-05-28 10:24:25,WhatsApp,Feature Request,Notification Controls,Free,32,12.05,4,Resolved,Please add more control over which notifications I receive.
TKT-11559,CUS-001124,2026-06-22 02:23:30,2026-06-22 23:39:06,WhatsApp,Account Access,Account Locked,Free,56,21.26,4,Resolved,My account is locked and I cannot get back in. Could someone advise me on the next step?
TKT-11560,CUS-000043,2026-07-08 07:31:08,2026-07-08 12:06:32,In-App Chat,Account Access,Password Reset,Enterprise,3,4.59,,Resolved,I need help resetting my password. Please let me know what information you need.
TKT-11561,CUS-000519,2026-07-21 18:00:31,2026-07-24 02:40:07,Email,Delivery Delay,Late Delivery,Premium,48,56.66,3,Closed,My order is later than the delivery estimate. This is disrupting what I need to do.
TKT-11562,CUS-001145,2026-07-27 22:55:15,2026-07-28 09:45:03,In-App Chat,Delivery Delay,Tracking Not Updated,Free,10,10.83,3,Resolved,The tracking status has not changed for a while. I have already tried again several times.
TKT-11563,CUS-000323,2026-06-07 03:33:08,2026-06-08 02:56:32,In-App Chat,Delivery Delay,Wrong Delivery Address,Free,10,23.39,4,Resolved,The delivery address shown for my order is incorrect.
TKT-11564,CUS-000575,2026-05-31 23:57:58,2026-06-03 00:31:34,Social Media,App Bug,Notification Error,Free,47,48.56,1,Escalated,The notifications are delayed or showing the wrong information. This has been very frustrating.
TKT-11565,CUS-000064,2026-06-25 12:26:01,2026-06-26 22:32:01,Email,Account Access,Profile Update Failed,Premium,30,34.1,4,Resolved,I cannot save the changes to my profile. Please let me know what information you need.
TKT-11566,CUS-000205,2026-06-23 23:15:24,2026-06-25 00:14:48,Social Media,App Bug,Notification Error,Enterprise,4,24.99,3,Closed,The notifications are delayed or showing the wrong information. This has been very frustrating.
TKT-11567,CUS-000396,2026-06-10 07:21:27,2026-06-12 05:23:15,In-App Chat,Billing/Refunds,Payment Failed,Free,25,46.03,,Resolved,My payment keeps failing even though my details are correct. This has been very frustrating.
TKT-11568,CUS-000231,2026-07-23 19:07:03,2026-07-24 07:02:51,WhatsApp,Account Access,Account Locked,Free,38,11.93,,Resolved,My account is locked and I cannot get back in. Could someone advise me on the next step?
TKT-11569,CUS-000787,2026-05-21 13:44:59,2026-05-22 23:57:35,WhatsApp,Billing/Refunds,Refund Pending,Free,22,34.21,2,Closed,My refund is still pending and I need an update. I have already tried again several times.
TKT-11570,CUS-000233,2026-07-15 10:18:56,2026-07-17 09:26:08,Email,App Bug,App Crash,Free,54,47.12,,Resolved,The app closes every time I try to complete this action.
TKT-11571,CUS-000525,2026-06-25 15:06:24,2026-06-28 05:44:12,WhatsApp,Billing/Refunds,Incorrect Amount,Free,38,62.63,2,Resolved,The amount on my bill does not match what I expected. This has been very frustrating.
TKT-11572,CUS-001216,2026-06-06 07:39:08,,In-App Chat,Billing/Refunds,Incorrect Amount,Free,12,,2,Open,The amount on my bill does not match what I expected. Please resolve this as soon as possible.
TKT-11573,CUS-001106,2026-06-25 11:48:17,2026-06-26 14:15:53,Social Media,Account Access,Verification Code Missing,Free,30,26.46,4,Escalated,The verification code has not arrived yet.
TKT-11574,CUS-000645,2026-05-27 13:54:09,2026-05-28 05:02:33,WhatsApp,Account Access,Account Locked,Free,47,15.14,3,Closed,My account is locked and I cannot get back in. I would appreciate an update when possible.
TKT-11575,CUS-001564,2026-05-27 16:15:58,2026-05-30 16:10:34,WhatsApp,App Bug,Login Timeout,Enterprise,6,71.91,4,Resolved,I keep getting timed out when I try to sign in. This is disrupting what I need to do.
TKT-11576,CUS-001331,2026-05-28 14:11:34,2026-05-29 12:33:10,WhatsApp,Billing/Refunds,Duplicate Charge,Free,25,22.36,,Resolved,I was charged twice for the same transaction.
TKT-11577,CUS-001013,2026-06-19 16:17:35,2026-06-20 04:12:11,Email,App Bug,Notification Error,Free,43,11.91,3,Resolved,The notifications are delayed or showing the wrong information.
TKT-11578,CUS-000733,2026-07-09 10:09:26,,WhatsApp,App Bug,App Crash,Premium,8,,,Open,The app closes every time I try to complete this action. This is disrupting what I need to do.
TKT-11579,CUS-000112,2026-07-19 05:39:05,2026-07-20 02:25:17,Social Media,Delivery Delay,Late Delivery,Enterprise,7,20.77,3,Escalated,My order is later than the delivery estimate. This is disrupting what I need to do.
TKT-11580,CUS-000699,2026-05-25 09:40:35,2026-05-25 15:11:11,In-App Chat,Account Access,Account Locked,Free,81,5.51,,Resolved,My account is locked and I cannot get back in. Thank you for checking this for me.
TKT-11581,CUS-000900,2026-06-22 23:13:43,,In-App Chat,App Bug,Page Not Loading,Free,33,,2,Open,The page is stuck loading and I cannot continue. This is disrupting what I need to do.
TKT-11582,CUS-001646,2026-07-04 03:43:13,2026-07-05 08:00:01,Social Media,App Bug,Login Timeout,Premium,9,28.28,2,Resolved,I keep getting timed out when I try to sign in. I have already tried again several times.
TKT-11583,CUS-001601,2026-06-29 05:08:06,2026-06-30 00:31:30,Email,Feature Request,Export Data,Free,115,19.39,3,Closed,"Could you add a way to export my account data? The service has been useful overall, so this would be a great addition."
TKT-11584,CUS-000204,2026-06-12 04:20:31,2026-06-13 00:14:31,Email,Delivery Delay,Tracking Not Updated,Premium,21,19.9,3,Resolved,The tracking status has not changed for a while.
TKT-11585,CUS-001637,2026-07-01 22:48:12,2026-07-02 21:39:12,WhatsApp,App Bug,Login Timeout,Free,33,22.85,3,Resolved,I keep getting timed out when I try to sign in. This is disrupting what I need to do.
TKT-11586,CUS-001274,2026-05-23 04:14:08,,Email,App Bug,Page Not Loading,Free,52,,2,Open,The page is stuck loading and I cannot continue.
TKT-11587,CUS-001154,2026-07-22 12:47:21,2026-07-26 18:34:09,Email,Billing/Refunds,Refund Pending,Free,261,101.78,,Escalated,My refund is still pending and I need an update. This has been very frustrating.
TKT-11588,CUS-001518,2026-07-18 03:44:24,2026-07-19 08:03:00,Email,Feature Request,Dark Mode,Premium,17,28.31,5,Resolved,"I like the app and would find a dark mode option useful. The service has been useful overall, so this would be a great addition."
TKT-11589,CUS-000564,2026-07-13 05:14:37,2026-07-15 14:16:25,Email,App Bug,Page Not Loading,Free,90,57.03,,Resolved,The page is stuck loading and I cannot continue. This has been very frustrating.
TKT-11590,CUS-000677,2026-06-29 02:53:03,2026-06-30 07:14:03,Social Media,Billing/Refunds,Duplicate Charge,Free,28,28.35,3,Closed,I was charged twice for the same transaction. This has been very frustrating.
TKT-11591,CUS-001461,2026-06-26 21:04:24,2026-06-28 02:26:36,Email,Feature Request,New Payment Option,Free,118,29.37,3,Resolved,"It would be helpful to have another payment option. The service has been useful overall, so this would be a great addition."
TKT-11592,CUS-000188,2026-07-04 10:40:21,2026-07-05 11:28:21,Email,Delivery Delay,Missing Items,Premium,41,24.8,4,Closed,Some items were missing when my order arrived. I have already tried again several times.
TKT-11593,CUS-001187,2026-07-25 06:31:02,2026-07-27 13:40:02,Social Media,Billing/Refunds,Refund Pending,Free,94,55.15,,Closed,My refund is still pending and I need an update.
TKT-11594,CUS-001365,2026-06-17 09:42:58,2026-06-18 21:14:10,Social Media,Billing/Refunds,Payment Failed,Premium,31,35.52,3,Resolved,My payment keeps failing even though my details are correct. This has been very frustrating.
TKT-11595,CUS-001487,2026-07-13 04:31:13,2026-07-14 02:16:49,WhatsApp,Billing/Refunds,Duplicate Charge,Premium,10,21.76,,Resolved,I was charged twice for the same transaction. I have already tried again several times.
TKT-11596,CUS-000388,2026-06-03 06:32:48,2026-06-03 16:17:48,In-App Chat,Account Access,Account Locked,Free,141,9.75,4,Resolved,My account is locked and I cannot get back in. I would appreciate an update when possible.
TKT-11597,CUS-001151,2026-08-10 23:08:32,,Social Media,Billing/Refunds,Duplicate Charge,Enterprise,10,,1,Open,I was charged twice for the same transaction.
TKT-11598,CUS-000154,2026-07-11 19:13:26,2026-07-12 02:07:26,Email,Feature Request,New Payment Option,Premium,24,6.9,,Resolved,"It would be helpful to have another payment option. The service has been useful overall, so this would be a great addition."
TKT-11599,CUS-001444,2026-06-02 08:46:22,2026-06-02 13:36:46,In-App Chat,Feature Request,Dark Mode,Free,26,4.84,,Closed,I like the app and would find a dark mode option useful. Everything else is working well for me.
TKT-11600,CUS-000808,2026-07-16 15:20:57,2026-07-16 21:29:21,Social Media,Account Access,Password Reset,Free,64,6.14,4,Resolved,I need help resetting my password.
TKT-11601,CUS-001046,2026-07-27 15:26:21,2026-07-28 04:00:32,Social Media,Account Access,Password Reset,Free,62,12.57,,Closed,I need help resetting my password. Thank you for checking this for me.
TKT-11602,CUS-001432,2026-07-23 02:05:47,2026-07-25 19:35:47,Email,App Bug,App Crash,Free,101,65.5,3,Resolved,The app closes every time I try to complete this action. This is disrupting what I need to do.
TKT-11603,CUS-000832,2026-06-10 21:51:04,2026-06-12 19:01:16,WhatsApp,Billing/Refunds,Refund Pending,Free,61,45.17,2,Resolved,My refund is still pending and I need an update. This is disrupting what I need to do.
TKT-11604,CUS-000837,2026-08-06 11:27:14,2026-08-07 02:18:50,In-App Chat,Delivery Delay,Missing Items,Enterprise,7,14.86,4,Closed,Some items were missing when my order arrived. This has been very frustrating.
TKT-11605,CUS-000776,2026-07-28 16:31:23,2026-07-29 11:44:35,In-App Chat,Billing/Refunds,Incorrect Amount,Premium,6,19.22,2,Closed,The amount on my bill does not match what I expected. This is disrupting what I need to do.
TKT-11606,CUS-000999,2026-05-28 22:45:26,2026-05-30 00:24:26,In-App Chat,Billing/Refunds,Payment Failed,Free,85,25.65,3,Resolved,My payment keeps failing even though my details are correct. Please resolve this as soon as possible.
TKT-11607,CUS-001206,2026-08-01 15:00:02,2026-08-02 10:49:50,Email,App Bug,Notification Error,Free,252,19.83,3,Resolved,The notifications are delayed or showing the wrong information.
TKT-11608,CUS-001359,2026-05-27 14:16:00,,Social Media,Billing/Refunds,Refund Pending,Free,71,,2,Open,My refund is still pending and I need an update. Please resolve this as soon as possible.
TKT-11609,CUS-000062,2026-07-08 13:05:11,2026-07-09 03:19:35,WhatsApp,App Bug,Page Not Loading,Free,34,14.24,2,Resolved,The page is stuck loading and I cannot continue. Please resolve this as soon as possible.
TKT-11610,CUS-000596,2026-07-16 20:08:28,2026-07-18 19:01:52,Social Media,Delivery Delay,Wrong Delivery Address,Free,45,46.89,,Resolved,The delivery address shown for my order is incorrect. This is disrupting what I need to do.
TKT-11611,CUS-000724,2026-06-06 06:31:27,2026-06-08 00:36:51,In-App Chat,Delivery Delay,Missing Items,Enterprise,3,42.09,4,Resolved,Some items were missing when my order arrived. I have already tried again several times.
TKT-11612,CUS-000180,2026-08-04 15:26:57,2026-08-05 03:07:45,In-App Chat,Account Access,Profile Update Failed,Premium,9,11.68,4,Resolved,I cannot save the changes to my profile. Could someone advise me on the next step?
TKT-11613,CUS-001267,2026-07-13 10:14:19,2026-07-14 11:08:55,In-App Chat,Delivery Delay,Tracking Not Updated,Free,6,24.91,4,Closed,The tracking status has not changed for a while. I have already tried again several times.
TKT-11614,CUS-000863,2026-07-20 10:55:15,2026-07-21 02:30:02,Social Media,App Bug,Notification Error,Premium,51,15.58,2,Closed,The notifications are delayed or showing the wrong information.
TKT-11615,CUS-000002,2026-05-28 10:27:10,2026-05-29 05:41:34,In-App Chat,Delivery Delay,Late Delivery,Free,48,19.24,2,Resolved,My order is later than the delivery estimate. I have already tried again several times.
TKT-11616,CUS-001062,2026-07-06 11:52:37,2026-07-08 13:43:37,Email,App Bug,App Crash,Premium,12,49.85,,Closed,The app closes every time I try to complete this action.
TKT-11617,CUS-000586,2026-07-24 16:46:19,2026-07-26 14:50:31,WhatsApp,Billing/Refunds,Duplicate Charge,Free,58,46.07,2,Resolved,I was charged twice for the same transaction. This has been very frustrating.
TKT-11618,CUS-001221,2026-06-30 12:13:44,2026-07-01 13:16:44,Social Media,Feature Request,Notification Controls,Free,43,25.05,5,Closed,Please add more control over which notifications I receive. Thanks for considering the suggestion.
TKT-11619,CUS-000331,2026-06-16 11:16:16,2026-06-18 21:05:28,In-App Chat,App Bug,Notification Error,Premium,9,57.82,3,Resolved,The notifications are delayed or showing the wrong information. This has been very frustrating.
TKT-11620,CUS-000002,2026-07-25 23:33:36,2026-07-29 15:25:12,In-App Chat,Billing/Refunds,Incorrect Amount,Free,31,87.86,2,Resolved,The amount on my bill does not match what I expected. This has been very frustrating.
TKT-11621,CUS-000156,2026-08-10 06:37:40,2026-08-11 10:04:40,Email,Billing/Refunds,Incorrect Amount,Free,25,27.45,3,Closed,The amount on my bill does not match what I expected.
TKT-11622,CUS-000739,2026-07-15 13:19:03,2026-07-22 22:55:03,Email,App Bug,Login Timeout,Free,74,177.6,2,Resolved,I keep getting timed out when I try to sign in. This has been very frustrating.
TKT-11623,CUS-001259,2026-05-26 16:58:28,2026-05-27 01:51:16,In-App Chat,App Bug,Page Not Loading,Premium,11,8.88,,Resolved,The page is stuck loading and I cannot continue. This is disrupting what I need to do.
TKT-11624,CUS-001008,2026-05-24 23:18:18,2026-05-25 04:06:18,WhatsApp,Account Access,Account Locked,Premium,16,4.8,4,Resolved,My account is locked and I cannot get back in. Please let me know what information you need.
TKT-11625,CUS-000028,2026-07-15 16:41:09,2026-07-16 11:33:21,Email,Feature Request,New Payment Option,Free,32,18.87,3,Closed,It would be helpful to have another payment option. Everything else is working well for me.
TKT-11626,CUS-000985,2026-07-01 14:17:01,2026-07-03 14:16:25,Email,App Bug,Page Not Loading,Free,98,47.99,3,Resolved,The page is stuck loading and I cannot continue. Please resolve this as soon as possible.
TKT-11627,CUS-000808,2026-06-24 03:55:13,2026-06-24 12:12:01,In-App Chat,Account Access,Verification Code Missing,Premium,20,8.28,,Closed,The verification code has not arrived yet.
TKT-11628,CUS-001342,2026-07-22 08:28:20,2026-07-23 16:23:32,In-App Chat,App Bug,Notification Error,Free,30,31.92,4,Closed,The notifications are delayed or showing the wrong information.
TKT-11629,CUS-000443,2026-07-22 13:57:37,2026-07-26 10:22:49,In-App Chat,Delivery Delay,Missing Items,Free,20,92.42,,Closed,Some items were missing when my order arrived.
TKT-11630,CUS-001207,2026-07-01 20:58:42,2026-07-02 14:02:18,In-App Chat,Billing/Refunds,Refund Pending,Premium,56,17.06,3,Resolved,My refund is still pending and I need an update. I have already tried again several times.
TKT-11631,CUS-001062,2026-06-17 17:24:19,2026-06-19 10:44:07,Email,Billing/Refunds,Payment Failed,Free,42,41.33,2,Escalated,My payment keeps failing even though my details are correct. Please resolve this as soon as possible.
TKT-11632,CUS-001045,2026-07-02 01:59:51,2026-07-05 06:25:39,Email,App Bug,Page Not Loading,Premium,55,76.43,,Resolved,The page is stuck loading and I cannot continue. This is disrupting what I need to do.
TKT-11633,CUS-000693,2026-05-28 20:55:55,,WhatsApp,Account Access,Account Locked,Free,39,,,Open,My account is locked and I cannot get back in. Could someone advise me on the next step?
TKT-11634,CUS-000023,2026-06-25 08:52:04,2026-06-27 00:47:52,WhatsApp,Delivery Delay,Wrong Delivery Address,Premium,54,39.93,,Closed,The delivery address shown for my order is incorrect. Please resolve this as soon as possible.
TKT-11635,CUS-000342,2026-07-24 11:35:23,2026-07-24 21:52:46,In-App Chat,Account Access,Password Reset,Free,29,10.29,4,Resolved,I need help resetting my password. Could someone advise me on the next step?
TKT-11636,CUS-001422,2026-07-27 18:46:40,2026-07-28 06:22:40,In-App Chat,Delivery Delay,Tracking Not Updated,Free,33,11.6,3,Closed,The tracking status has not changed for a while.
TKT-11637,CUS-001035,2026-06-12 03:02:10,2026-06-13 15:41:10,Social Media,App Bug,Notification Error,Free,59,36.65,,Resolved,The notifications are delayed or showing the wrong information. Please resolve this as soon as possible.
TKT-11638,CUS-000964,2026-06-12 14:32:31,2026-06-12 22:34:19,WhatsApp,Billing/Refunds,Duplicate Charge,Enterprise,3,8.03,3,Resolved,I was charged twice for the same transaction. I have already tried again several times.
TKT-11639,CUS-000870,2026-07-29 08:07:53,2026-07-30 11:03:05,WhatsApp,Billing/Refunds,Duplicate Charge,Premium,9,26.92,,Resolved,I was charged twice for the same transaction.
TKT-11640,CUS-000139,2026-06-13 21:40:28,2026-06-15 15:20:04,In-App Chat,Billing/Refunds,Payment Failed,Premium,9,41.66,3,Closed,My payment keeps failing even though my details are correct.
TKT-11641,CUS-000595,2026-06-18 00:49:25,2026-06-21 08:14:01,In-App Chat,App Bug,App Crash,Free,42,79.41,,Closed,The app closes every time I try to complete this action. Please resolve this as soon as possible.
TKT-11642,CUS-001038,2026-06-27 23:28:14,,In-App Chat,App Bug,Page Not Loading,Free,27,,1,Open,The page is stuck loading and I cannot continue. This has been very frustrating.
TKT-11643,CUS-000231,2026-05-23 16:33:05,2026-05-25 12:47:29,WhatsApp,App Bug,Notification Error,Premium,14,44.24,2,Resolved,The notifications are delayed or showing the wrong information. Please resolve this as soon as possible.
TKT-11644,CUS-001543,2026-05-28 02:01:10,2026-05-28 07:28:10,Email,Account Access,Profile Update Failed,Premium,80,5.45,4,Closed,I cannot save the changes to my profile. Please let me know what information you need.
TKT-11645,CUS-000137,2026-07-23 08:41:29,2026-07-26 11:15:05,Email,App Bug,Login Timeout,Free,22,74.56,,Closed,I keep getting timed out when I try to sign in. This is disrupting what I need to do.
TKT-11646,CUS-001151,2026-06-19 07:47:45,2026-06-19 21:24:21,Email,Account Access,Account Locked,Premium,15,13.61,4,Closed,My account is locked and I cannot get back in. Please let me know what information you need.
TKT-11647,CUS-000518,2026-05-21 16:27:11,2026-05-21 22:13:23,In-App Chat,Account Access,Verification Code Missing,Free,5,5.77,,Resolved,The verification code has not arrived yet. I would appreciate an update when possible.
TKT-11648,CUS-001448,2026-06-14 05:17:19,2026-06-16 04:45:31,Email,App Bug,Page Not Loading,Free,157,47.47,3,Resolved,The page is stuck loading and I cannot continue. This has been very frustrating.
TKT-11649,CUS-001388,2026-06-15 01:38:30,2026-06-17 07:58:54,In-App Chat,App Bug,Login Timeout,Enterprise,4,54.34,1,Closed,I keep getting timed out when I try to sign in. I have already tried again several times.
TKT-11650,CUS-000577,2026-06-03 09:04:05,2026-06-03 18:40:41,Email,Account Access,Account Locked,Free,135,9.61,4,Resolved,My account is locked and I cannot get back in.
TKT-11651,CUS-000769,2026-08-08 18:45:32,2026-08-09 00:27:32,Social Media,Account Access,Profile Update Failed,Free,40,5.7,5,Resolved,I cannot save the changes to my profile. Please let me know what information you need.
TKT-11652,CUS-001615,2026-07-02 02:14:16,2026-07-03 16:55:40,Social Media,App Bug,Notification Error,Free,81,38.69,2,Resolved,The notifications are delayed or showing the wrong information. Please resolve this as soon as possible.
TKT-11653,CUS-001016,2026-06-26 23:53:47,2026-06-28 08:31:35,In-App Chat,App Bug,Notification Error,Enterprise,4,32.63,3,Resolved,The notifications are delayed or showing the wrong information.
TKT-11654,CUS-000008,2026-06-25 02:29:53,2026-06-25 08:10:05,WhatsApp,Account Access,Verification Code Missing,Free,43,5.67,,Resolved,The verification code has not arrived yet. Thank you for checking this for me.
TKT-11655,CUS-001307,2026-07-11 23:46:14,2026-07-12 03:58:50,Social Media,Account Access,Profile Update Failed,Premium,23,4.21,3,Resolved,I cannot save the changes to my profile. I would appreciate an update when possible.
TKT-11656,CUS-000610,2026-06-27 22:36:16,2026-06-29 21:35:40,In-App Chat,Billing/Refunds,Payment Failed,Free,28,46.99,2,Closed,My payment keeps failing even though my details are correct. I have already tried again several times.
TKT-11657,CUS-000472,2026-07-05 22:59:28,,In-App Chat,App Bug,App Crash,Free,65,,2,Open,The app closes every time I try to complete this action.
TKT-11658,CUS-001403,2026-06-03 19:27:10,2026-06-05 19:22:58,Email,Feature Request,Notification Controls,Free,27,47.93,4,Resolved,Please add more control over which notifications I receive.
TKT-11659,CUS-001629,2026-08-09 06:32:34,2026-08-11 00:25:58,In-App Chat,Billing/Refunds,Incorrect Amount,Free,22,41.89,3,Resolved,The amount on my bill does not match what I expected. Please resolve this as soon as possible.
TKT-11660,CUS-000117,2026-08-02 14:30:04,2026-08-03 17:58:16,In-App Chat,Delivery Delay,Missing Items,Free,26,27.47,3,Escalated,Some items were missing when my order arrived. Please resolve this as soon as possible.
TKT-11661,CUS-000659,2026-07-15 22:06:01,2026-07-19 19:02:25,In-App Chat,Billing/Refunds,Duplicate Charge,Free,24,92.94,,Resolved,I was charged twice for the same transaction. This has been very frustrating.
TKT-11662,CUS-000482,2026-07-28 15:48:50,,In-App Chat,App Bug,Page Not Loading,Premium,8,,2,Open,The page is stuck loading and I cannot continue. I have already tried again several times.
TKT-11663,CUS-001509,2026-07-07 00:03:22,2026-07-07 13:21:22,Email,App Bug,App Crash,Free,53,13.3,4,Closed,The app closes every time I try to complete this action. This has been very frustrating.
TKT-11664,CUS-001455,2026-06-21 11:23:11,2026-06-22 00:15:23,Email,Billing/Refunds,Payment Failed,Premium,88,12.87,,Resolved,My payment keeps failing even though my details are correct. Please resolve this as soon as possible.
TKT-11665,CUS-001514,2026-06-13 06:30:03,2026-06-13 15:00:39,In-App Chat,Feature Request,New Payment Option,Premium,10,8.51,,Resolved,It would be helpful to have another payment option. Everything else is working well for me.
TKT-11666,CUS-000077,2026-05-23 17:36:12,2026-05-26 02:20:36,Social Media,App Bug,Notification Error,Free,196,56.74,2,Resolved,The notifications are delayed or showing the wrong information. This is disrupting what I need to do.
TKT-11667,CUS-000094,2026-07-23 11:30:00,2026-07-23 15:43:48,In-App Chat,Feature Request,Notification Controls,Free,32,4.23,,Closed,Please add more control over which notifications I receive. I would be happy to use this feature.
TKT-11668,CUS-000910,2026-07-12 04:51:40,2026-07-13 13:25:51,In-App Chat,App Bug,Page Not Loading,Free,19,32.57,3,Resolved,The page is stuck loading and I cannot continue. I have already tried again several times.
TKT-11669,CUS-000306,2026-06-17 07:48:49,2026-06-20 22:56:01,In-App Chat,Delivery Delay,Late Delivery,Free,32,87.12,2,Escalated,My order is later than the delivery estimate. I have already tried again several times.
TKT-11670,CUS-000206,2026-07-19 23:49:13,2026-07-20 03:04:13,Social Media,Feature Request,Dark Mode,Free,46,3.25,5,Closed,I like the app and would find a dark mode option useful. Thanks for considering the suggestion.
TKT-11671,CUS-000446,2026-06-14 09:25:50,2026-06-15 22:33:38,WhatsApp,Account Access,Profile Update Failed,Free,77,37.13,3,Escalated,I cannot save the changes to my profile.
TKT-11672,CUS-001188,2026-06-09 05:00:14,,Email,Billing/Refunds,Duplicate Charge,Free,36,,2,Open,I was charged twice for the same transaction. I have already tried again several times.
TKT-11673,CUS-001134,2026-06-07 20:45:20,2026-06-08 02:22:32,In-App Chat,Account Access,Verification Code Missing,Free,8,5.62,4,Resolved,The verification code has not arrived yet. I would appreciate an update when possible.
TKT-11674,CUS-001327,2026-07-11 14:33:33,2026-07-11 17:44:57,In-App Chat,Account Access,Verification Code Missing,Enterprise,5,3.19,3,Resolved,The verification code has not arrived yet. Thank you for checking this for me.
TKT-11675,CUS-000118,2026-07-01 08:31:16,2026-07-02 06:25:52,In-App Chat,Feature Request,Notification Controls,Free,39,21.91,,Escalated,Please add more control over which notifications I receive. Thanks for considering the suggestion.
TKT-11676,CUS-001289,2026-06-22 23:52:37,2026-06-23 07:17:13,WhatsApp,App Bug,Page Not Loading,Free,40,7.41,,Resolved,The page is stuck loading and I cannot continue. This has been very frustrating.
TKT-11677,CUS-000821,2026-07-28 06:56:33,2026-07-29 06:30:09,In-App Chat,Billing/Refunds,Payment Failed,Free,35,23.56,2,Resolved,My payment keeps failing even though my details are correct.
TKT-11678,CUS-000545,2026-07-22 03:40:14,2026-07-23 06:13:50,WhatsApp,Billing/Refunds,Incorrect Amount,Premium,21,26.56,3,Resolved,The amount on my bill does not match what I expected. I have already tried again several times.
TKT-11679,CUS-001021,2026-06-03 11:22:12,2026-06-03 15:54:00,Email,Account Access,Password Reset,Free,30,4.53,,Resolved,I need help resetting my password. Could someone advise me on the next step?
TKT-11680,CUS-001349,2026-06-19 13:16:41,2026-06-22 04:44:53,Email,Feature Request,Export Data,Free,89,63.47,3,Escalated,Could you add a way to export my account data?
TKT-11681,CUS-000188,2026-07-11 21:47:45,2026-07-12 22:36:57,WhatsApp,Billing/Refunds,Refund Pending,Premium,35,24.82,,Resolved,My refund is still pending and I need an update. Please resolve this as soon as possible.
TKT-11682,CUS-001362,2026-05-22 06:36:24,2026-05-23 12:33:24,In-App Chat,Delivery Delay,Tracking Not Updated,Free,26,29.95,,Closed,The tracking status has not changed for a while. This is disrupting what I need to do.
TKT-11683,CUS-000948,2026-06-03 01:21:47,,Social Media,Feature Request,Dark Mode,Free,19,,3,Open,I like the app and would find a dark mode option useful.
TKT-11684,CUS-001038,2026-07-14 02:55:03,2026-07-15 22:43:39,In-App Chat,Billing/Refunds,Incorrect Amount,Free,19,43.81,3,Resolved,The amount on my bill does not match what I expected. I have already tried again several times.
TKT-11685,CUS-001477,2026-08-06 10:48:30,2026-08-08 23:05:53,WhatsApp,Billing/Refunds,Incorrect Amount,Premium,22,60.29,2,Closed,The amount on my bill does not match what I expected. I have already tried again several times.
TKT-11686,CUS-001190,2026-06-09 23:10:36,2026-06-10 04:05:48,Email,Account Access,Verification Code Missing,Enterprise,38,4.92,4,Resolved,The verification code has not arrived yet.
TKT-11687,CUS-000973,2026-07-30 17:08:17,2026-07-31 04:52:05,In-App Chat,Account Access,Password Reset,Premium,3,11.73,4,Resolved,I need help resetting my password. Could someone advise me on the next step?
TKT-11688,CUS-000579,2026-05-30 17:42:30,2026-06-01 14:15:30,WhatsApp,Billing/Refunds,Duplicate Charge,Free,42,44.55,,Resolved,I was charged twice for the same transaction. I have already tried again several times.
TKT-11689,CUS-000839,2026-07-11 23:49:14,2026-07-13 02:44:26,In-App Chat,Delivery Delay,Late Delivery,Free,13,26.92,3,Resolved,My order is later than the delivery estimate. This is disrupting what I need to do.
TKT-11690,CUS-001412,2026-05-30 21:08:48,2026-05-31 21:26:11,In-App Chat,Account Access,Profile Update Failed,Free,32,24.29,4,Resolved,I cannot save the changes to my profile. Thank you for checking this for me.
TKT-11691,CUS-001647,2026-07-03 10:12:16,2026-07-03 17:38:04,WhatsApp,Feature Request,New Payment Option,Premium,22,7.43,5,Resolved,It would be helpful to have another payment option. I would be happy to use this feature.
TKT-11692,CUS-001277,2026-07-19 21:38:52,2026-07-20 08:52:04,Email,Delivery Delay,Tracking Not Updated,Enterprise,11,11.22,3,Resolved,The tracking status has not changed for a while.
TKT-11693,CUS-001336,2026-08-03 23:04:21,2026-08-04 10:07:57,WhatsApp,Delivery Delay,Tracking Not Updated,Premium,23,11.06,3,Resolved,The tracking status has not changed for a while.
TKT-11694,CUS-001170,2026-08-01 01:18:17,2026-08-01 18:21:17,Email,Account Access,Account Locked,Free,151,17.05,4,Closed,My account is locked and I cannot get back in. I would appreciate an update when possible.
TKT-11695,CUS-001289,2026-08-02 09:29:12,2026-08-03 05:27:24,Email,Billing/Refunds,Duplicate Charge,Premium,31,19.97,,Resolved,I was charged twice for the same transaction.
TKT-11696,CUS-000419,2026-06-27 04:39:59,2026-06-29 06:52:35,In-App Chat,App Bug,Notification Error,Premium,5,50.21,1,Escalated,The notifications are delayed or showing the wrong information. I have already tried again several times.
TKT-11697,CUS-000703,2026-06-11 18:02:06,,In-App Chat,Billing/Refunds,Payment Failed,Premium,26,,,Open,My payment keeps failing even though my details are correct. This is disrupting what I need to do.
TKT-11698,CUS-000920,2026-07-23 15:14:48,2026-07-24 17:31:36,WhatsApp,Account Access,Password Reset,Premium,26,26.28,3,Closed,I need help resetting my password. Please let me know what information you need.
TKT-11699,CUS-000908,2026-07-08 09:20:58,2026-07-09 14:02:22,In-App Chat,Billing/Refunds,Payment Failed,Free,33,28.69,2,Closed,My payment keeps failing even though my details are correct. Please resolve this as soon as possible.
TKT-11700,CUS-000995,2026-07-22 07:30:18,2026-07-22 11:39:54,Email,Account Access,Account Locked,Premium,22,4.16,4,Closed,My account is locked and I cannot get back in. Please let me know what information you need.
TKT-11701,CUS-001637,2026-07-06 15:09:48,2026-07-10 21:29:36,In-App Chat,Billing/Refunds,Refund Pending,Free,42,102.33,1,Closed,My refund is still pending and I need an update. I have already tried again several times.
TKT-11702,CUS-001436,2026-07-03 01:56:00,,In-App Chat,App Bug,Notification Error,Free,82,,2,Open,The notifications are delayed or showing the wrong information.
TKT-11703,CUS-001392,2026-07-24 07:07:05,,Email,Billing/Refunds,Incorrect Amount,Premium,32,,2,Open,The amount on my bill does not match what I expected. Please resolve this as soon as possible.
TKT-11704,CUS-001399,2026-08-04 18:42:02,2026-08-05 01:19:14,WhatsApp,Account Access,Account Locked,Enterprise,6,6.62,5,Resolved,My account is locked and I cannot get back in. Could someone advise me on the next step?
TKT-11705,CUS-001341,2026-07-18 21:38:36,2026-07-19 10:56:36,Social Media,Delivery Delay,Missing Items,Premium,10,13.3,2,Closed,Some items were missing when my order arrived. I have already tried again several times.
TKT-11706,CUS-001151,2026-08-06 23:39:38,2026-08-09 10:24:02,WhatsApp,Billing/Refunds,Refund Pending,Free,22,58.74,1,Escalated,My refund is still pending and I need an update. This has been very frustrating.
TKT-11707,CUS-000442,2026-07-22 03:43:45,2026-07-23 11:01:08,In-App Chat,Delivery Delay,Tracking Not Updated,Free,12,31.29,4,Resolved,The tracking status has not changed for a while. This has been very frustrating.
TKT-11708,CUS-001436,2026-06-24 04:13:18,2026-06-24 20:30:41,Email,Delivery Delay,Missing Items,Free,81,16.29,3,Resolved,Some items were missing when my order arrived. This has been very frustrating.
TKT-11709,CUS-000482,2026-08-04 12:30:29,2026-08-06 09:26:53,In-App Chat,App Bug,Notification Error,Premium,9,44.94,,Closed,The notifications are delayed or showing the wrong information. This has been very frustrating.
TKT-11710,CUS-001218,2026-06-11 06:39:19,2026-06-11 15:55:31,Social Media,Account Access,Verification Code Missing,Premium,25,9.27,4,Closed,The verification code has not arrived yet. Thank you for checking this for me.
TKT-11711,CUS-000200,2026-06-07 02:47:45,2026-06-07 15:37:33,In-App Chat,App Bug,Page Not Loading,Enterprise,2,12.83,3,Resolved,The page is stuck loading and I cannot continue. Please resolve this as soon as possible.
TKT-11712,CUS-000903,2026-07-01 20:09:14,2026-07-04 21:03:14,Email,Billing/Refunds,Incorrect Amount,Free,67,72.9,2,Resolved,The amount on my bill does not match what I expected. This has been very frustrating.
TKT-11713,CUS-000554,2026-07-19 00:27:41,2026-07-19 13:25:17,In-App Chat,Account Access,Verification Code Missing,Free,13,12.96,4,Resolved,The verification code has not arrived yet. I would appreciate an update when possible.
TKT-11714,CUS-001179,2026-05-29 12:14:55,2026-05-30 22:47:55,WhatsApp,Billing/Refunds,Incorrect Amount,Premium,17,34.55,3,Closed,The amount on my bill does not match what I expected. This is disrupting what I need to do.
TKT-11715,CUS-001436,2026-05-19 13:28:58,,WhatsApp,Delivery Delay,Late Delivery,Free,12,,,Open,My order is later than the delivery estimate. Please resolve this as soon as possible.
TKT-11716,CUS-000030,2026-07-28 20:08:59,,WhatsApp,Feature Request,New Payment Option,Enterprise,6,,4,Open,It would be helpful to have another payment option.
TKT-11717,CUS-000209,2026-07-09 07:51:40,2026-07-09 23:43:52,In-App Chat,Delivery Delay,Tracking Not Updated,Free,19,15.87,3,Resolved,The tracking status has not changed for a while. I have already tried again several times.
TKT-11718,CUS-001553,2026-07-17 09:32:15,2026-07-17 13:19:39,WhatsApp,Account Access,Password Reset,Free,38,3.79,,Resolved,I need help resetting my password. Thank you for checking this for me.
TKT-11719,CUS-000419,2026-07-20 23:16:52,2026-07-21 11:19:16,In-App Chat,Account Access,Profile Update Failed,Free,8,12.04,4,Closed,I cannot save the changes to my profile. Could someone advise me on the next step?
TKT-11720,CUS-001225,2026-05-22 08:27:30,2026-05-23 01:07:42,In-App Chat,Feature Request,New Payment Option,Premium,16,16.67,5,Closed,It would be helpful to have another payment option.
TKT-11721,CUS-001370,2026-06-11 20:36:25,2026-06-12 21:59:13,In-App Chat,Billing/Refunds,Payment Failed,Premium,9,25.38,,Resolved,My payment keeps failing even though my details are correct. I have already tried again several times.
TKT-11722,CUS-001247,2026-07-09 17:21:35,2026-07-11 15:41:23,In-App Chat,Billing/Refunds,Incorrect Amount,Premium,12,46.33,2,Resolved,The amount on my bill does not match what I expected. Please resolve this as soon as possible.
TKT-11723,CUS-000064,2026-07-24 09:19:12,2026-07-24 12:29:24,Email,Account Access,Verification Code Missing,Premium,11,3.17,4,Resolved,The verification code has not arrived yet. Thank you for checking this for me.
TKT-11724,CUS-001236,2026-05-29 05:15:36,2026-05-30 08:01:48,In-App Chat,App Bug,Login Timeout,Free,11,26.77,,Closed,I keep getting timed out when I try to sign in. This has been very frustrating.
TKT-11725,CUS-001620,2026-06-29 20:46:46,2026-07-01 17:14:22,Email,App Bug,App Crash,Premium,27,44.46,2,Closed,The app closes every time I try to complete this action. This is disrupting what I need to do.
TKT-11726,CUS-000620,2026-08-01 12:38:02,2026-08-02 11:09:14,Email,Billing/Refunds,Incorrect Amount,Enterprise,29,22.52,,Resolved,The amount on my bill does not match what I expected.
TKT-11727,CUS-001191,2026-06-11 17:09:29,,WhatsApp,Account Access,Account Locked,Free,47,,1,Open,My account is locked and I cannot get back in. I would appreciate an update when possible.
TKT-11728,CUS-000473,2026-05-15 07:02:51,2026-05-17 16:08:15,Social Media,Billing/Refunds,Incorrect Amount,Premium,21,57.09,2,Closed,The amount on my bill does not match what I expected. This has been very frustrating.
TKT-11729,CUS-001648,2026-06-08 04:07:30,,Email,Billing/Refunds,Duplicate Charge,Free,42,,2,Open,I was charged twice for the same transaction. Please resolve this as soon as possible.
TKT-11730,CUS-000374,2026-07-06 08:38:41,2026-07-07 21:05:05,In-App Chat,Billing/Refunds,Duplicate Charge,Free,12,36.44,2,Resolved,I was charged twice for the same transaction. Please resolve this as soon as possible.
TKT-11731,CUS-000525,2026-07-16 04:55:15,2026-07-16 19:27:39,WhatsApp,App Bug,App Crash,Free,40,14.54,3,Resolved,The app closes every time I try to complete this action. Please resolve this as soon as possible.
TKT-11732,CUS-000309,2026-06-29 13:10:55,,In-App Chat,Delivery Delay,Late Delivery,Premium,16,,2,Open,My order is later than the delivery estimate. This is disrupting what I need to do.
TKT-11733,CUS-001609,2026-07-14 09:38:59,,In-App Chat,App Bug,Login Timeout,Free,26,,2,Open,I keep getting timed out when I try to sign in. Please resolve this as soon as possible.
TKT-11734,CUS-000953,2026-07-07 16:58:30,,In-App Chat,Account Access,Password Reset,Free,66,,3,Open,I need help resetting my password. Could someone advise me on the next step?
TKT-11735,CUS-000425,2026-07-25 00:16:36,2026-07-29 03:39:24,Email,Delivery Delay,Wrong Delivery Address,Premium,22,99.38,3,Escalated,The delivery address shown for my order is incorrect. Please resolve this as soon as possible.
TKT-11736,CUS-000242,2026-06-08 19:05:49,2026-06-10 03:43:37,In-App Chat,App Bug,Page Not Loading,Free,26,32.63,,Resolved,The page is stuck loading and I cannot continue. This is disrupting what I need to do.
TKT-11737,CUS-001466,2026-08-04 01:53:34,2026-08-06 12:42:10,Email,Delivery Delay,Wrong Delivery Address,Premium,12,58.81,2,Resolved,The delivery address shown for my order is incorrect. I have already tried again several times.
TKT-11738,CUS-000117,2026-06-24 06:05:51,2026-06-24 15:54:27,In-App Chat,Account Access,Account Locked,Enterprise,4,9.81,5,Resolved,My account is locked and I cannot get back in. Please let me know what information you need.
TKT-11739,CUS-001082,2026-08-02 00:18:56,,Email,Account Access,Profile Update Failed,Free,185,,4,Open,I cannot save the changes to my profile. Could someone advise me on the next step?
TKT-11740,CUS-001021,2026-05-19 08:35:37,2026-05-21 09:09:13,Email,Billing/Refunds,Duplicate Charge,Free,39,48.56,1,Resolved,I was charged twice for the same transaction. This is disrupting what I need to do.
TKT-11741,CUS-001297,2026-07-08 15:32:57,2026-07-11 00:47:57,In-App Chat,Billing/Refunds,Incorrect Amount,Enterprise,6,57.25,3,Closed,The amount on my bill does not match what I expected. Please resolve this as soon as possible.
TKT-11742,CUS-001154,2026-06-20 17:15:27,,Email,Feature Request,Notification Controls,Free,182,,4,Open,Please add more control over which notifications I receive.
TKT-11743,CUS-001411,2026-08-06 19:41:20,,Email,Delivery Delay,Late Delivery,Free,49,,2,Open,My order is later than the delivery estimate. This has been very frustrating.
TKT-11744,CUS-000070,2026-07-02 00:47:23,,Email,Feature Request,Export Data,Enterprise,17,,2,Open,Could you add a way to export my account data? Everything else is working well for me.
TKT-11745,CUS-000717,2026-07-23 21:26:36,2026-07-24 04:38:36,In-App Chat,Feature Request,Export Data,Premium,28,7.2,,Closed,Could you add a way to export my account data? Everything else is working well for me.
TKT-11746,CUS-000149,2026-06-18 04:33:07,2026-06-18 10:13:55,Email,Billing/Refunds,Refund Pending,Premium,39,5.68,,Resolved,My refund is still pending and I need an update.
TKT-11747,CUS-000693,2026-08-07 07:14:13,,In-App Chat,Delivery Delay,Wrong Delivery Address,Free,38,,3,Open,The delivery address shown for my order is incorrect.
TKT-11748,CUS-000928,2026-05-19 20:57:25,2026-05-20 15:52:01,In-App Chat,App Bug,Notification Error,Enterprise,1,18.91,3,Resolved,The notifications are delayed or showing the wrong information. Please resolve this as soon as possible.
TKT-11749,CUS-000989,2026-07-05 02:01:24,2026-07-05 16:18:47,In-App Chat,Delivery Delay,Tracking Not Updated,Premium,15,14.29,3,Resolved,The tracking status has not changed for a while.
TKT-11750,CUS-001552,2026-08-08 20:05:55,,Email,Billing/Refunds,Duplicate Charge,Premium,47,,,Open,I was charged twice for the same transaction. This has been very frustrating.
TKT-11751,CUS-001545,2026-07-19 20:08:27,2026-07-21 04:54:03,In-App Chat,App Bug,Notification Error,Premium,5,32.76,3,Closed,The notifications are delayed or showing the wrong information.
TKT-11752,CUS-000538,2026-07-17 10:56:35,2026-07-19 15:01:23,Social Media,Delivery Delay,Tracking Not Updated,Premium,11,52.08,3,Resolved,The tracking status has not changed for a while. Please resolve this as soon as possible.
TKT-11753,CUS-001169,2026-06-18 21:31:28,2026-06-19 12:40:28,In-App Chat,Delivery Delay,Tracking Not Updated,Free,34,15.15,3,Resolved,The tracking status has not changed for a while.
TKT-11754,CUS-001197,2026-06-06 21:32:35,2026-06-07 02:46:23,Social Media,Account Access,Verification Code Missing,Free,36,5.23,4,Resolved,The verification code has not arrived yet.
TKT-11755,CUS-001611,2026-06-01 09:01:06,,In-App Chat,App Bug,Notification Error,Free,46,,1,Open,The notifications are delayed or showing the wrong information.
TKT-11756,CUS-000154,2026-06-30 00:51:22,2026-07-02 17:34:34,Email,App Bug,Login Timeout,Free,90,64.72,1,Closed,I keep getting timed out when I try to sign in. I have already tried again several times.
TKT-11757,CUS-001035,2026-07-20 22:43:14,2026-07-22 01:34:50,WhatsApp,Feature Request,Export Data,Free,35,26.86,4,Resolved,Could you add a way to export my account data? I would be happy to use this feature.
TKT-11758,CUS-000693,2026-07-28 08:41:15,2026-07-29 14:50:15,Email,App Bug,Page Not Loading,Free,67,30.15,3,Closed,The page is stuck loading and I cannot continue. This is disrupting what I need to do.
TKT-11759,CUS-000595,2026-06-24 09:33:34,2026-06-26 02:06:34,In-App Chat,App Bug,Page Not Loading,Premium,13,40.55,2,Escalated,The page is stuck loading and I cannot continue. This is disrupting what I need to do.
TKT-11760,CUS-001036,2026-07-02 22:24:43,,Email,Account Access,Account Locked,Free,122,,2,Open,My account is locked and I cannot get back in. Please let me know what information you need.
TKT-11761,CUS-000481,2026-06-09 20:24:38,2026-06-10 11:27:38,WhatsApp,App Bug,Page Not Loading,Free,47,15.05,3,Resolved,The page is stuck loading and I cannot continue. This has been very frustrating.
TKT-11762,CUS-000065,2026-07-23 13:21:23,2026-07-24 09:28:35,WhatsApp,Account Access,Verification Code Missing,Free,26,20.12,4,Closed,The verification code has not arrived yet. I would appreciate an update when possible.
TKT-11763,CUS-001309,2026-05-20 07:21:39,2026-05-21 08:25:15,In-App Chat,App Bug,Login Timeout,Free,50,25.06,,Resolved,I keep getting timed out when I try to sign in. This has been very frustrating.
TKT-11764,CUS-000156,2026-06-17 18:40:22,2026-06-18 16:31:22,Social Media,Delivery Delay,Wrong Delivery Address,Premium,30,21.85,4,Resolved,The delivery address shown for my order is incorrect.
TKT-11765,CUS-000567,2026-07-16 13:34:46,2026-07-17 15:18:34,In-App Chat,Feature Request,New Payment Option,Free,29,25.73,,Resolved,It would be helpful to have another payment option. Everything else is working well for me.
TKT-11766,CUS-000989,2026-05-28 12:13:46,2026-05-29 06:23:22,In-App Chat,Feature Request,Notification Controls,Free,24,18.16,4,Resolved,Please add more control over which notifications I receive. Everything else is working well for me.
TKT-11767,CUS-001046,2026-06-08 06:54:59,2026-06-08 14:39:59,Email,Account Access,Verification Code Missing,Premium,46,7.75,,Closed,The verification code has not arrived yet. Could someone advise me on the next step?
TKT-11768,CUS-001124,2026-06-06 18:04:17,2026-06-10 00:30:05,Email,App Bug,Page Not Loading,Free,24,78.43,,Resolved,The page is stuck loading and I cannot continue. This is disrupting what I need to do.
TKT-11769,CUS-001646,2026-07-29 07:27:41,2026-07-30 08:26:29,Email,Delivery Delay,Tracking Not Updated,Free,86,24.98,3,Resolved,The tracking status has not changed for a while. This is disrupting what I need to do.
TKT-11770,CUS-000681,2026-07-03 04:02:13,2026-07-09 06:54:25,WhatsApp,Delivery Delay,Late Delivery,Premium,43,146.87,2,Resolved,My order is later than the delivery estimate. I have already tried again several times.
TKT-11771,CUS-000245,2026-05-14 10:00:56,2026-05-14 13:26:08,In-App Chat,Account Access,Profile Update Failed,Free,26,3.42,3,Resolved,I cannot save the changes to my profile. Please let me know what information you need.
TKT-11772,CUS-000246,2026-07-19 06:41:38,2026-07-19 10:05:02,Email,Account Access,Profile Update Failed,Premium,36,3.39,,Closed,I cannot save the changes to my profile. I would appreciate an update when possible.
TKT-11773,CUS-000839,2026-07-31 19:58:50,2026-08-02 02:52:14,In-App Chat,Delivery Delay,Tracking Not Updated,Premium,7,30.89,,Resolved,The tracking status has not changed for a while.
TKT-11774,CUS-000647,2026-06-13 02:14:32,2026-06-13 08:21:44,In-App Chat,Account Access,Account Locked,Enterprise,5,6.12,,Resolved,My account is locked and I cannot get back in. Thank you for checking this for me.
TKT-11775,CUS-001528,2026-07-06 16:46:12,,In-App Chat,Delivery Delay,Tracking Not Updated,Free,20,,2,Open,The tracking status has not changed for a while. Please resolve this as soon as possible.
TKT-11776,CUS-000841,2026-07-26 19:14:57,2026-07-27 07:37:09,WhatsApp,Billing/Refunds,Payment Failed,Premium,35,12.37,,Resolved,My payment keeps failing even though my details are correct.
TKT-11777,CUS-000757,2026-07-14 10:50:15,,Email,App Bug,Page Not Loading,Premium,20,,2,Open,The page is stuck loading and I cannot continue.
TKT-11778,CUS-001446,2026-07-27 14:45:03,2026-07-28 05:21:03,In-App Chat,Account Access,Password Reset,Free,17,14.6,4,Closed,I need help resetting my password. Thank you for checking this for me.
TKT-11779,CUS-001342,2026-07-18 12:55:45,2026-07-19 06:07:09,Social Media,Billing/Refunds,Refund Pending,Enterprise,5,17.19,,Closed,My refund is still pending and I need an update. I have already tried again several times.
TKT-11780,CUS-001199,2026-07-31 04:40:08,2026-08-01 10:08:20,WhatsApp,Delivery Delay,Wrong Delivery Address,Free,105,29.47,3,Closed,The delivery address shown for my order is incorrect. I have already tried again several times.
TKT-11781,CUS-000871,2026-06-11 11:08:17,2026-06-11 14:33:29,WhatsApp,Account Access,Verification Code Missing,Premium,14,3.42,4,Resolved,The verification code has not arrived yet. Thank you for checking this for me.
TKT-11782,CUS-000413,2026-07-03 15:01:40,2026-07-07 12:53:16,Email,Billing/Refunds,Incorrect Amount,Free,53,93.86,1,Escalated,The amount on my bill does not match what I expected. This is disrupting what I need to do.
TKT-11783,CUS-000943,2026-08-05 04:47:42,2026-08-10 12:52:30,In-App Chat,Delivery Delay,Missing Items,Free,6,128.08,2,Escalated,Some items were missing when my order arrived. This has been very frustrating.
TKT-11784,CUS-000210,2026-05-30 14:54:07,2026-05-31 01:12:07,Email,Delivery Delay,Missing Items,Free,42,10.3,3,Resolved,Some items were missing when my order arrived. Please resolve this as soon as possible.
TKT-11785,CUS-000881,2026-07-09 01:00:01,2026-07-09 09:13:49,WhatsApp,Delivery Delay,Tracking Not Updated,Enterprise,8,8.23,3,Closed,The tracking status has not changed for a while. This is disrupting what I need to do.
TKT-11786,CUS-001432,2026-08-01 00:20:07,2026-08-03 21:55:31,WhatsApp,App Bug,Page Not Loading,Free,46,69.59,1,Resolved,The page is stuck loading and I cannot continue.
TKT-11787,CUS-000850,2026-05-28 12:44:16,,WhatsApp,Delivery Delay,Missing Items,Free,22,,3,Open,Some items were missing when my order arrived. Please resolve this as soon as possible.
TKT-11788,CUS-000130,2026-06-11 05:29:58,2026-06-17 10:29:58,Email,App Bug,App Crash,Free,51,149.0,1,Escalated,The app closes every time I try to complete this action.
TKT-11789,CUS-000064,2026-07-23 07:00:16,2026-07-23 14:47:40,In-App Chat,Account Access,Account Locked,Premium,33,7.79,4,Resolved,My account is locked and I cannot get back in. Could someone advise me on the next step?
TKT-11790,CUS-001443,2026-07-31 03:20:26,2026-08-02 13:55:13,Email,Billing/Refunds,Duplicate Charge,Free,396,58.58,3,Escalated,I was charged twice for the same transaction.
TKT-11791,CUS-000394,2026-07-07 12:55:49,,In-App Chat,Account Access,Password Reset,Free,47,,,Open,I need help resetting my password. Please let me know what information you need.
TKT-11792,CUS-000870,2026-06-08 14:13:58,2026-06-10 02:28:58,In-App Chat,Delivery Delay,Missing Items,Premium,28,36.25,3,Closed,Some items were missing when my order arrived. I have already tried again several times.
TKT-11793,CUS-001306,2026-06-21 17:21:41,2026-06-22 04:09:41,Email,Account Access,Account Locked,Free,223,10.8,4,Resolved,My account is locked and I cannot get back in. Could someone advise me on the next step?
TKT-11794,CUS-000434,2026-07-21 09:56:17,2026-07-22 12:11:17,Email,App Bug,App Crash,Free,294,26.25,2,Escalated,The app closes every time I try to complete this action. Please resolve this as soon as possible.
TKT-11795,CUS-001241,2026-08-02 09:13:24,2026-08-04 00:09:48,WhatsApp,Delivery Delay,Late Delivery,Free,28,38.94,2,Closed,My order is later than the delivery estimate. Please resolve this as soon as possible.
TKT-11796,CUS-000137,2026-07-11 13:11:13,2026-07-11 16:32:13,Social Media,Account Access,Profile Update Failed,Enterprise,4,3.35,4,Resolved,I cannot save the changes to my profile. Could someone advise me on the next step?
TKT-11797,CUS-001261,2026-06-28 16:33:05,2026-07-01 10:39:41,WhatsApp,App Bug,Page Not Loading,Premium,48,66.11,2,Escalated,The page is stuck loading and I cannot continue. I have already tried again several times.
TKT-11798,CUS-000120,2026-06-25 13:11:35,2026-06-26 06:03:47,Social Media,Feature Request,Notification Controls,Free,24,16.87,4,Closed,Please add more control over which notifications I receive.
TKT-11799,CUS-000474,2026-05-23 11:56:55,2026-05-30 10:23:55,Social Media,Delivery Delay,Late Delivery,Free,23,166.45,,Escalated,My order is later than the delivery estimate. This has been very frustrating.
TKT-11800,CUS-000443,2026-07-19 20:56:07,2026-07-20 11:26:43,In-App Chat,Feature Request,Export Data,Free,12,14.51,5,Closed,Could you add a way to export my account data? Thanks for considering the suggestion.
TKT-11801,CUS-001499,2026-07-25 08:09:25,2026-07-25 12:15:25,Email,Feature Request,Dark Mode,Enterprise,11,4.1,5,Resolved,I like the app and would find a dark mode option useful.
TKT-11802,CUS-000881,2026-07-31 03:47:20,,In-App Chat,Feature Request,Export Data,Free,7,,,Open,Could you add a way to export my account data? I would be happy to use this feature.
TKT-11803,CUS-001419,2026-05-21 16:16:31,2026-05-23 07:30:55,In-App Chat,Delivery Delay,Wrong Delivery Address,Free,9,39.24,,Closed,The delivery address shown for my order is incorrect. I have already tried again several times.
TKT-11804,CUS-000970,2026-07-29 14:37:38,2026-07-30 00:19:38,In-App Chat,Account Access,Profile Update Failed,Enterprise,3,9.7,5,Resolved,I cannot save the changes to my profile. Please let me know what information you need.
TKT-11805,CUS-001361,2026-06-02 21:46:14,2026-06-05 17:16:14,WhatsApp,Billing/Refunds,Incorrect Amount,Free,16,67.5,2,Resolved,The amount on my bill does not match what I expected. This is disrupting what I need to do.
TKT-11806,CUS-000910,2026-06-16 10:02:11,2026-06-17 10:59:11,Social Media,Account Access,Account Locked,Free,83,24.95,4,Resolved,My account is locked and I cannot get back in. Thank you for checking this for me.
TKT-11807,CUS-000753,2026-07-17 13:44:16,2026-07-18 05:05:52,WhatsApp,Delivery Delay,Tracking Not Updated,Free,34,15.36,3,Closed,The tracking status has not changed for a while. This is disrupting what I need to do.
TKT-11808,CUS-001110,2026-07-12 03:25:49,2026-07-12 07:31:49,WhatsApp,Account Access,Verification Code Missing,Free,48,4.1,,Resolved,The verification code has not arrived yet.
TKT-11809,CUS-000494,2026-07-12 02:13:49,,WhatsApp,Delivery Delay,Tracking Not Updated,Free,45,,,Open,The tracking status has not changed for a while. Please resolve this as soon as possible.
TKT-11810,CUS-001536,2026-06-21 05:26:12,,In-App Chat,Billing/Refunds,Payment Failed,Enterprise,3,,1,Open,My payment keeps failing even though my details are correct. Please resolve this as soon as possible.
TKT-11811,CUS-001523,2026-06-05 18:57:30,2026-06-07 09:28:42,WhatsApp,App Bug,App Crash,Free,62,38.52,1,Closed,The app closes every time I try to complete this action. This is disrupting what I need to do.
TKT-11812,CUS-000137,2026-05-29 19:14:33,2026-05-30 13:27:09,WhatsApp,App Bug,Login Timeout,Free,44,18.21,3,Resolved,I keep getting timed out when I try to sign in.
TKT-11813,CUS-001535,2026-07-23 12:20:35,2026-07-25 13:23:35,WhatsApp,App Bug,App Crash,Premium,13,49.05,,Closed,The app closes every time I try to complete this action. This has been very frustrating.
TKT-11814,CUS-000335,2026-05-17 09:09:21,2026-05-18 14:41:09,In-App Chat,Billing/Refunds,Duplicate Charge,Premium,4,29.53,2,Resolved,I was charged twice for the same transaction. Please resolve this as soon as possible.
TKT-11815,CUS-001152,2026-07-13 23:14:17,2026-07-16 07:16:05,In-App Chat,Billing/Refunds,Incorrect Amount,Premium,15,56.03,2,Escalated,The amount on my bill does not match what I expected. This has been very frustrating.
TKT-11816,CUS-001384,2026-05-31 12:06:09,2026-05-31 19:51:45,WhatsApp,Delivery Delay,Missing Items,Premium,7,7.76,4,Resolved,Some items were missing when my order arrived. Please resolve this as soon as possible.
TKT-11817,CUS-000419,2026-07-18 21:55:11,,In-App Chat,App Bug,App Crash,Free,29,,1,Open,The app closes every time I try to complete this action. Please resolve this as soon as possible.
TKT-11818,CUS-000206,2026-06-17 17:45:23,2026-06-18 20:53:11,In-App Chat,Billing/Refunds,Incorrect Amount,Premium,11,27.13,,Resolved,The amount on my bill does not match what I expected. Please resolve this as soon as possible.
TKT-11819,CUS-001277,2026-05-29 15:23:04,2026-05-31 21:50:04,Email,Billing/Refunds,Incorrect Amount,Free,32,54.45,3,Resolved,The amount on my bill does not match what I expected. This has been very frustrating.
TKT-11820,CUS-000744,2026-06-20 23:01:10,,In-App Chat,App Bug,Login Timeout,Free,27,,1,Open,I keep getting timed out when I try to sign in. Please resolve this as soon as possible.
TKT-11821,CUS-000814,2026-05-24 17:42:10,2026-05-25 13:40:22,In-App Chat,Billing/Refunds,Refund Pending,Enterprise,4,19.97,3,Resolved,My refund is still pending and I need an update. This has been very frustrating.
TKT-11822,CUS-001286,2026-08-04 08:53:07,2026-08-05 14:54:19,WhatsApp,Delivery Delay,Late Delivery,Premium,17,30.02,,Escalated,My order is later than the delivery estimate. Please resolve this as soon as possible.
TKT-11823,CUS-000436,2026-07-15 00:03:04,,WhatsApp,Delivery Delay,Late Delivery,Free,37,,3,Open,My order is later than the delivery estimate. I have already tried again several times.
TKT-11824,CUS-000178,2026-07-11 05:17:01,2026-07-13 06:29:01,WhatsApp,Billing/Refunds,Refund Pending,Free,22,49.2,3,Resolved,My refund is still pending and I need an update.
TKT-11825,CUS-001612,2026-05-27 16:38:48,2026-05-28 00:22:00,In-App Chat,Account Access,Password Reset,Enterprise,6,7.72,4,Resolved,I need help resetting my password. Could someone advise me on the next step?
TKT-11826,CUS-001171,2026-06-19 01:23:56,2026-06-20 12:29:20,In-App Chat,Billing/Refunds,Refund Pending,Free,15,35.09,2,Closed,My refund is still pending and I need an update. This is disrupting what I need to do.
TKT-11827,CUS-001103,2026-07-17 13:26:17,2026-07-21 09:37:05,Email,App Bug,Page Not Loading,Free,38,92.18,2,Escalated,The page is stuck loading and I cannot continue. This has been very frustrating.
TKT-11828,CUS-000577,2026-07-16 15:28:50,,Email,Feature Request,Notification Controls,Free,113,,,Open,Please add more control over which notifications I receive. Everything else is working well for me.
TKT-11829,CUS-001647,2026-05-17 03:40:00,2026-05-17 09:05:48,In-App Chat,Account Access,Profile Update Failed,Free,41,5.43,,Resolved,I cannot save the changes to my profile. Please let me know what information you need.
TKT-11830,CUS-000391,2026-07-09 14:25:08,2026-07-10 22:36:32,Social Media,Feature Request,Export Data,Free,63,32.19,,Closed,Could you add a way to export my account data? Thanks for considering the suggestion.
TKT-11831,CUS-000330,2026-07-11 06:16:10,2026-07-11 20:40:46,WhatsApp,Billing/Refunds,Incorrect Amount,Enterprise,5,14.41,3,Resolved,The amount on my bill does not match what I expected.
TKT-11832,CUS-000553,2026-08-06 20:05:17,2026-08-10 06:32:53,Email,App Bug,Page Not Loading,Free,22,82.46,3,Closed,The page is stuck loading and I cannot continue. This is disrupting what I need to do.
TKT-11833,CUS-001244,2026-07-01 16:01:25,2026-07-07 19:47:37,Email,App Bug,Login Timeout,Free,186,147.77,1,Escalated,I keep getting timed out when I try to sign in. This is disrupting what I need to do.
TKT-11834,CUS-000417,2026-07-13 00:22:10,2026-07-18 05:31:46,Email,App Bug,App Crash,Premium,10,125.16,1,Escalated,The app closes every time I try to complete this action. This is disrupting what I need to do.
TKT-11835,CUS-000544,2026-06-18 18:08:47,2026-06-19 10:51:23,In-App Chat,Feature Request,New Payment Option,Free,33,16.71,4,Resolved,It would be helpful to have another payment option. Thanks for considering the suggestion.
TKT-11836,CUS-000875,2026-06-22 03:36:36,2026-06-22 21:46:12,In-App Chat,Billing/Refunds,Duplicate Charge,Premium,39,18.16,2,Resolved,I was charged twice for the same transaction. Please resolve this as soon as possible.
TKT-11837,CUS-001097,2026-07-19 12:48:20,2026-07-20 04:41:44,Email,Delivery Delay,Wrong Delivery Address,Premium,37,15.89,3,Resolved,The delivery address shown for my order is incorrect.
TKT-11838,CUS-000271,2026-05-17 01:01:04,2026-05-18 07:38:16,Email,Delivery Delay,Tracking Not Updated,Free,89,30.62,3,Resolved,The tracking status has not changed for a while.
TKT-11839,CUS-001106,2026-06-29 14:00:59,2026-06-29 16:12:59,Email,Account Access,Account Locked,Premium,43,2.2,4,Resolved,My account is locked and I cannot get back in.
TKT-11840,CUS-000642,2026-06-17 12:06:43,2026-06-23 22:44:31,WhatsApp,App Bug,App Crash,Premium,17,154.63,,Escalated,The app closes every time I try to complete this action. This is disrupting what I need to do.
TKT-11841,CUS-000593,2026-06-27 14:31:47,2026-06-27 20:10:11,In-App Chat,Account Access,Verification Code Missing,Premium,45,5.64,4,Resolved,The verification code has not arrived yet. Could someone advise me on the next step?
TKT-11842,CUS-000143,2026-08-06 18:57:55,2026-08-07 22:14:07,In-App Chat,App Bug,Page Not Loading,Premium,6,27.27,3,Resolved,The page is stuck loading and I cannot continue. Please resolve this as soon as possible.
TKT-11843,CUS-001637,2026-08-03 03:44:57,2026-08-04 04:22:45,In-App Chat,Delivery Delay,Missing Items,Free,13,24.63,,Closed,Some items were missing when my order arrived. I have already tried again several times.
TKT-11844,CUS-001160,2026-06-08 10:14:37,2026-06-09 14:15:13,In-App Chat,App Bug,Login Timeout,Premium,9,28.01,2,Resolved,I keep getting timed out when I try to sign in. Please resolve this as soon as possible.
TKT-11845,CUS-000183,2026-08-07 11:52:39,2026-08-07 17:09:27,Email,Feature Request,Notification Controls,Premium,100,5.28,,Resolved,Please add more control over which notifications I receive. Everything else is working well for me.
TKT-11846,CUS-000617,2026-06-18 15:04:12,,WhatsApp,Account Access,Profile Update Failed,Free,23,,3,Open,I cannot save the changes to my profile. Thank you for checking this for me.
TKT-11847,CUS-000146,2026-07-30 05:27:51,2026-07-30 16:06:51,WhatsApp,Account Access,Verification Code Missing,Premium,20,10.65,,Resolved,The verification code has not arrived yet.
TKT-11848,CUS-000890,2026-06-23 15:39:05,2026-06-23 22:06:05,Email,Delivery Delay,Late Delivery,Free,145,6.45,3,Resolved,My order is later than the delivery estimate.
TKT-11849,CUS-001172,2026-07-30 18:17:47,2026-07-31 14:18:23,Email,App Bug,Notification Error,Free,121,20.01,3,Closed,The notifications are delayed or showing the wrong information.
TKT-11850,CUS-000105,2026-06-22 22:01:24,2026-06-23 17:03:12,In-App Chat,Feature Request,Dark Mode,Premium,20,19.03,,Resolved,"I like the app and would find a dark mode option useful. The service has been useful overall, so this would be a great addition."
TKT-11851,CUS-001546,2026-07-08 03:02:34,2026-07-09 22:00:46,Email,Billing/Refunds,Duplicate Charge,Free,179,42.97,,Resolved,I was charged twice for the same transaction.
TKT-11852,CUS-000631,2026-05-31 22:14:40,2026-06-01 14:37:28,In-App Chat,Feature Request,Export Data,Free,28,16.38,5,Resolved,Could you add a way to export my account data? Thanks for considering the suggestion.
TKT-11853,CUS-000413,2026-07-07 03:43:22,2026-07-07 17:56:34,WhatsApp,Delivery Delay,Wrong Delivery Address,Free,25,14.22,4,Resolved,The delivery address shown for my order is incorrect. This is disrupting what I need to do.
TKT-11854,CUS-000236,2026-06-12 14:54:32,,Email,Delivery Delay,Tracking Not Updated,Premium,37,,,Open,The tracking status has not changed for a while. This is disrupting what I need to do.
TKT-11855,CUS-000263,2026-05-19 23:56:21,2026-05-20 17:18:33,In-App Chat,App Bug,Login Timeout,Free,19,17.37,,Resolved,I keep getting timed out when I try to sign in. Please resolve this as soon as possible.
TKT-11856,CUS-001430,2026-06-01 01:46:17,2026-06-01 17:47:29,In-App Chat,Delivery Delay,Late Delivery,Premium,50,16.02,3,Resolved,My order is later than the delivery estimate. This has been very frustrating.
TKT-11857,CUS-000806,2026-06-22 06:13:12,2026-06-22 19:39:36,In-App Chat,App Bug,Page Not Loading,Premium,8,13.44,4,Resolved,The page is stuck loading and I cannot continue.
TKT-11858,CUS-001347,2026-07-11 06:38:51,,WhatsApp,Delivery Delay,Wrong Delivery Address,Premium,21,,2,Open,The delivery address shown for my order is incorrect. This has been very frustrating.
TKT-11859,CUS-000397,2026-05-30 10:51:00,2026-05-30 21:28:48,In-App Chat,Billing/Refunds,Duplicate Charge,Enterprise,2,10.63,,Resolved,I was charged twice for the same transaction.
TKT-11860,CUS-000552,2026-07-27 05:44:48,2026-08-01 02:16:00,In-App Chat,App Bug,Notification Error,Premium,11,116.52,1,Escalated,The notifications are delayed or showing the wrong information. Please resolve this as soon as possible.
TKT-11861,CUS-000698,2026-06-21 20:48:18,2026-06-23 17:40:30,In-App Chat,App Bug,Page Not Loading,Free,19,44.87,,Resolved,The page is stuck loading and I cannot continue. This is disrupting what I need to do.
TKT-11862,CUS-000758,2026-06-24 18:22:38,,WhatsApp,App Bug,Page Not Loading,Enterprise,9,,2,Open,The page is stuck loading and I cannot continue.
TKT-11863,CUS-000178,2026-07-19 10:56:53,2026-07-22 04:37:41,Email,App Bug,Page Not Loading,Free,115,65.68,,Resolved,The page is stuck loading and I cannot continue. Please resolve this as soon as possible.
TKT-11864,CUS-000081,2026-06-24 06:22:17,2026-06-24 18:30:05,Email,Delivery Delay,Late Delivery,Free,179,12.13,4,Resolved,My order is later than the delivery estimate.
TKT-11865,CUS-001648,2026-05-25 09:52:42,2026-05-26 13:46:06,In-App Chat,Billing/Refunds,Refund Pending,Free,53,27.89,3,Resolved,My refund is still pending and I need an update. This has been very frustrating.
TKT-11866,CUS-001124,2026-08-02 14:14:55,2026-08-03 02:23:55,In-App Chat,Delivery Delay,Tracking Not Updated,Premium,10,12.15,3,Resolved,The tracking status has not changed for a while. Please resolve this as soon as possible.
TKT-11867,CUS-000102,2026-08-05 07:52:30,2026-08-07 13:16:30,WhatsApp,Billing/Refunds,Duplicate Charge,Free,19,53.4,2,Closed,I was charged twice for the same transaction. This is disrupting what I need to do.
TKT-11868,CUS-001298,2026-08-03 22:34:29,2026-08-05 11:59:05,In-App Chat,Delivery Delay,Late Delivery,Free,14,37.41,2,Closed,My order is later than the delivery estimate. This has been very frustrating.
TKT-11869,CUS-000610,2026-06-25 11:48:11,2026-06-27 18:36:47,In-App Chat,Delivery Delay,Late Delivery,Free,28,54.81,2,Closed,My order is later than the delivery estimate. This has been very frustrating.
TKT-11870,CUS-001342,2026-07-18 14:31:29,2026-07-20 03:08:41,Email,App Bug,Notification Error,Free,82,36.62,3,Resolved,The notifications are delayed or showing the wrong information. This has been very frustrating.
TKT-11871,CUS-001598,2026-05-27 12:02:39,2026-05-27 16:40:27,In-App Chat,Delivery Delay,Tracking Not Updated,Free,27,4.63,4,Closed,The tracking status has not changed for a while. This is disrupting what I need to do.
TKT-11872,CUS-000055,2026-06-16 20:51:00,2026-06-17 05:39:36,In-App Chat,Feature Request,Export Data,Premium,8,8.81,,Resolved,Could you add a way to export my account data? Thanks for considering the suggestion.
TKT-11873,CUS-001626,2026-06-08 02:19:12,,WhatsApp,Delivery Delay,Wrong Delivery Address,Free,82,,4,Open,The delivery address shown for my order is incorrect.
TKT-11874,CUS-000303,2026-07-13 03:30:41,2026-07-14 14:45:41,Email,App Bug,Page Not Loading,Free,30,35.25,2,Closed,The page is stuck loading and I cannot continue.
TKT-11875,CUS-000514,2026-06-19 01:22:36,2026-06-19 15:22:36,In-App Chat,App Bug,App Crash,Free,16,14.0,2,Closed,The app closes every time I try to complete this action. This has been very frustrating.
TKT-11876,CUS-001051,2026-07-01 03:49:59,2026-07-04 03:42:11,In-App Chat,Delivery Delay,Tracking Not Updated,Free,12,71.87,3,Escalated,The tracking status has not changed for a while. This is disrupting what I need to do.
TKT-11877,CUS-001206,2026-05-28 08:03:21,2026-05-30 07:26:09,Social Media,App Bug,Page Not Loading,Premium,17,47.38,3,Closed,The page is stuck loading and I cannot continue. This is disrupting what I need to do.
TKT-11878,CUS-000315,2026-06-08 17:06:03,2026-06-09 10:00:03,In-App Chat,Delivery Delay,Missing Items,Free,50,16.9,4,Closed,Some items were missing when my order arrived. I have already tried again several times.
TKT-11879,CUS-000245,2026-07-09 21:15:38,2026-07-11 03:30:38,In-App Chat,App Bug,Login Timeout,Free,19,30.25,3,Resolved,I keep getting timed out when I try to sign in. This has been very frustrating.
TKT-11880,CUS-000494,2026-05-20 09:18:50,2026-05-20 22:15:14,Email,Delivery Delay,Missing Items,Premium,36,12.94,4,Closed,Some items were missing when my order arrived.
TKT-11881,CUS-000565,2026-08-05 01:16:54,2026-08-06 15:49:54,Email,Billing/Refunds,Incorrect Amount,Free,112,38.55,,Resolved,The amount on my bill does not match what I expected. This is disrupting what I need to do.
TKT-11882,CUS-000553,2026-05-23 15:16:12,2026-05-24 20:41:24,WhatsApp,Billing/Refunds,Duplicate Charge,Free,27,29.42,,Resolved,I was charged twice for the same transaction. Please resolve this as soon as possible.
TKT-11883,CUS-000318,2026-06-28 00:10:03,2026-06-28 15:15:27,In-App Chat,Feature Request,Notification Controls,Premium,13,15.09,4,Escalated,Please add more control over which notifications I receive. I would be happy to use this feature.
TKT-11884,CUS-001630,2026-08-04 20:17:55,2026-08-05 13:33:31,In-App Chat,Delivery Delay,Tracking Not Updated,Premium,12,17.26,,Resolved,The tracking status has not changed for a while.
TKT-11885,CUS-001345,2026-07-14 17:12:03,2026-07-15 02:13:15,Email,Feature Request,Notification Controls,Premium,17,9.02,5,Closed,Please add more control over which notifications I receive. I would be happy to use this feature.
TKT-11886,CUS-001638,2026-06-10 08:24:52,2026-06-11 16:33:52,Email,Feature Request,Notification Controls,Free,56,32.15,4,Resolved,Please add more control over which notifications I receive. Everything else is working well for me.
TKT-11887,CUS-000188,2026-07-20 12:10:27,2026-07-22 22:46:27,In-App Chat,App Bug,Login Timeout,Free,29,58.6,,Resolved,I keep getting timed out when I try to sign in. This has been very frustrating.
TKT-11888,CUS-000137,2026-06-19 05:45:27,2026-06-22 18:59:51,Email,App Bug,Login Timeout,Free,165,85.24,1,Escalated,I keep getting timed out when I try to sign in. This is disrupting what I need to do.
TKT-11889,CUS-000881,2026-07-25 15:43:22,2026-07-26 21:33:46,In-App Chat,Billing/Refunds,Payment Failed,Free,51,29.84,3,Resolved,My payment keeps failing even though my details are correct. Please resolve this as soon as possible.
TKT-11890,CUS-001030,2026-07-19 05:24:24,2026-07-22 10:01:36,WhatsApp,App Bug,Notification Error,Free,123,76.62,2,Closed,The notifications are delayed or showing the wrong information. I have already tried again several times.
TKT-11891,CUS-001067,2026-06-11 16:46:25,2026-06-12 14:04:25,WhatsApp,Billing/Refunds,Refund Pending,Enterprise,8,21.3,,Closed,My refund is still pending and I need an update. This is disrupting what I need to do.
TKT-11892,CUS-000169,2026-07-01 20:25:08,2026-07-03 18:28:44,Email,Feature Request,Dark Mode,Premium,26,46.06,3,Escalated,I like the app and would find a dark mode option useful. Thanks for considering the suggestion.
TKT-11893,CUS-001420,2026-07-25 10:21:00,2026-07-28 05:25:12,WhatsApp,Billing/Refunds,Payment Failed,Free,32,67.07,2,Resolved,My payment keeps failing even though my details are correct.
TKT-11894,CUS-000820,2026-07-15 11:41:54,2026-07-16 13:49:06,WhatsApp,Billing/Refunds,Payment Failed,Free,31,26.12,2,Closed,My payment keeps failing even though my details are correct. This has been very frustrating.
TKT-11895,CUS-000619,2026-05-31 10:23:26,2026-06-02 23:09:02,In-App Chat,Billing/Refunds,Duplicate Charge,Premium,8,60.76,3,Resolved,I was charged twice for the same transaction.
TKT-11896,CUS-000832,2026-06-11 23:25:36,2026-06-14 13:54:24,In-App Chat,Billing/Refunds,Duplicate Charge,Free,29,62.48,2,Resolved,I was charged twice for the same transaction. I have already tried again several times.
TKT-11897,CUS-000073,2026-06-21 14:07:57,2026-06-22 23:01:21,Email,Billing/Refunds,Duplicate Charge,Free,97,32.89,,Resolved,I was charged twice for the same transaction.
TKT-11898,CUS-000379,2026-06-07 21:50:10,2026-06-08 04:56:10,In-App Chat,Account Access,Verification Code Missing,Free,11,7.1,4,Resolved,The verification code has not arrived yet. Thank you for checking this for me.
TKT-11899,CUS-001648,2026-07-11 04:41:03,2026-07-12 13:33:15,Email,App Bug,Notification Error,Premium,67,32.87,3,Resolved,The notifications are delayed or showing the wrong information. I have already tried again several times.
TKT-11900,CUS-000912,2026-06-23 22:03:18,2026-06-24 04:36:18,In-App Chat,Account Access,Password Reset,Premium,3,6.55,,Resolved,I need help resetting my password. Could someone advise me on the next step?
TKT-11901,CUS-000143,2026-06-06 01:38:22,2026-06-06 10:20:22,WhatsApp,Feature Request,Export Data,Free,29,8.7,4,Resolved,"Could you add a way to export my account data? The service has been useful overall, so this would be a great addition."
TKT-11902,CUS-000505,2026-06-23 22:37:39,2026-06-24 13:52:39,Email,Account Access,Profile Update Failed,Free,152,15.25,5,Closed,I cannot save the changes to my profile.
TKT-11903,CUS-000339,2026-05-24 09:20:44,2026-05-24 13:30:56,Social Media,Account Access,Password Reset,Premium,29,4.17,5,Resolved,I need help resetting my password. Please let me know what information you need.
TKT-11904,CUS-001552,2026-05-27 15:59:23,2026-05-28 20:40:11,Email,App Bug,Notification Error,Free,60,28.68,3,Resolved,The notifications are delayed or showing the wrong information. This has been very frustrating.
TKT-11905,CUS-001361,2026-07-07 21:20:36,2026-07-08 16:42:12,In-App Chat,Billing/Refunds,Payment Failed,Premium,36,19.36,,Resolved,My payment keeps failing even though my details are correct. This has been very frustrating.
TKT-11906,CUS-000903,2026-08-09 15:24:57,2026-08-10 07:13:33,WhatsApp,App Bug,Notification Error,Free,26,15.81,3,Resolved,The notifications are delayed or showing the wrong information.
TKT-11907,CUS-001601,2026-06-26 23:02:28,2026-06-27 19:15:40,In-App Chat,Feature Request,Export Data,Premium,3,20.22,3,Closed,Could you add a way to export my account data? I would be happy to use this feature.
TKT-11908,CUS-000627,2026-07-21 07:15:05,,In-App Chat,Account Access,Profile Update Failed,Enterprise,5,,4,Open,I cannot save the changes to my profile.
TKT-11909,CUS-001450,2026-06-14 03:05:54,2026-06-17 21:29:54,In-App Chat,App Bug,Notification Error,Free,8,90.4,1,Closed,The notifications are delayed or showing the wrong information. Please resolve this as soon as possible.
TKT-11910,CUS-000778,2026-07-26 16:04:59,2026-07-28 05:00:47,Social Media,App Bug,App Crash,Free,26,36.93,,Closed,The app closes every time I try to complete this action.
TKT-11911,CUS-001430,2026-06-06 13:27:47,2026-06-07 03:10:23,In-App Chat,Delivery Delay,Wrong Delivery Address,Premium,16,13.71,3,Resolved,The delivery address shown for my order is incorrect. I have already tried again several times.
TKT-11912,CUS-001514,2026-05-25 20:37:50,,In-App Chat,Account Access,Verification Code Missing,Free,17,,,Open,The verification code has not arrived yet. Thank you for checking this for me.
TKT-11913,CUS-000773,2026-07-09 12:25:43,2026-07-09 21:49:07,In-App Chat,Account Access,Password Reset,Free,33,9.39,4,Resolved,I need help resetting my password. I would appreciate an update when possible.
TKT-11914,CUS-000330,2026-05-24 01:16:30,2026-05-24 15:24:54,In-App Chat,Feature Request,Notification Controls,Free,11,14.14,5,Resolved,Please add more control over which notifications I receive.
TKT-11915,CUS-000348,2026-07-25 11:04:55,2026-07-25 20:39:42,In-App Chat,Account Access,Verification Code Missing,Enterprise,7,9.58,,Resolved,The verification code has not arrived yet. Please let me know what information you need.
TKT-11916,CUS-000499,2026-05-18 02:59:19,2026-05-18 12:32:19,Email,Account Access,Password Reset,Free,26,9.55,,Resolved,I need help resetting my password. Could someone advise me on the next step?
TKT-11917,CUS-000391,2026-06-21 05:16:39,2026-06-25 05:20:51,In-App Chat,Billing/Refunds,Duplicate Charge,Premium,24,96.07,1,Closed,I was charged twice for the same transaction. This is disrupting what I need to do.
TKT-11918,CUS-000656,2026-06-03 21:01:07,2026-06-05 10:06:31,In-App Chat,Billing/Refunds,Payment Failed,Free,17,37.09,1,Resolved,My payment keeps failing even though my details are correct. I have already tried again several times.
TKT-11919,CUS-000833,2026-06-21 22:43:51,2026-06-22 06:30:03,Email,Feature Request,Dark Mode,Free,192,7.77,,Resolved,I like the app and would find a dark mode option useful. Everything else is working well for me.
TKT-11920,CUS-000156,2026-06-14 15:17:36,2026-06-14 20:13:24,Social Media,Account Access,Profile Update Failed,Free,26,4.93,,Resolved,I cannot save the changes to my profile. Thank you for checking this for me.
TKT-11921,CUS-001523,2026-06-29 01:26:22,,In-App Chat,App Bug,Page Not Loading,Premium,35,,2,Open,The page is stuck loading and I cannot continue. I have already tried again several times.
TKT-11922,CUS-000003,2026-06-17 19:57:58,2026-06-18 02:09:58,In-App Chat,Account Access,Password Reset,Free,13,6.2,4,Closed,I need help resetting my password. I would appreciate an update when possible.
TKT-11923,CUS-000247,2026-05-17 22:55:58,,In-App Chat,Billing/Refunds,Payment Failed,Free,8,,,Open,My payment keeps failing even though my details are correct. This is disrupting what I need to do.
TKT-11924,CUS-000012,2026-07-20 00:58:53,2026-07-23 22:05:29,WhatsApp,Delivery Delay,Late Delivery,Free,35,93.11,1,Escalated,My order is later than the delivery estimate. Please resolve this as soon as possible.
TKT-11925,CUS-001646,2026-07-23 19:15:00,,In-App Chat,Billing/Refunds,Incorrect Amount,Free,50,,2,Open,The amount on my bill does not match what I expected. This is disrupting what I need to do.
TKT-11926,CUS-000694,2026-05-16 15:27:24,2026-05-17 04:13:00,In-App Chat,Delivery Delay,Late Delivery,Free,38,12.76,3,Resolved,My order is later than the delivery estimate. This is disrupting what I need to do.
TKT-11927,CUS-000351,2026-06-18 05:16:31,2026-06-18 20:56:43,Email,Account Access,Verification Code Missing,Free,153,15.67,,Resolved,The verification code has not arrived yet. Could someone advise me on the next step?
TKT-11928,CUS-000215,2026-06-21 21:38:43,2026-06-23 15:43:31,In-App Chat,App Bug,Notification Error,Free,38,42.08,3,Resolved,The notifications are delayed or showing the wrong information. I have already tried again several times.
TKT-11929,CUS-000625,2026-08-11 19:53:42,2026-08-12 00:00:00,In-App Chat,Billing/Refunds,Duplicate Charge,Enterprise,2,4.11,,Resolved,I was charged twice for the same transaction. This is disrupting what I need to do.
TKT-11930,CUS-001637,2026-07-16 06:33:21,2026-07-17 06:02:45,In-App Chat,Delivery Delay,Missing Items,Free,37,23.49,3,Closed,Some items were missing when my order arrived. I have already tried again several times.
TKT-11931,CUS-000907,2026-06-08 23:50:28,2026-06-10 13:15:40,Email,Billing/Refunds,Incorrect Amount,Free,79,37.42,1,Resolved,The amount on my bill does not match what I expected. I have already tried again several times.
TKT-11932,CUS-000604,2026-07-30 06:55:08,2026-07-31 02:11:20,Email,Billing/Refunds,Refund Pending,Free,48,19.27,,Resolved,My refund is still pending and I need an update. I have already tried again several times.
TKT-11933,CUS-000615,2026-05-20 10:58:56,2026-05-21 17:40:20,Email,Delivery Delay,Wrong Delivery Address,Free,83,30.69,,Closed,The delivery address shown for my order is incorrect. This is disrupting what I need to do.
TKT-11934,CUS-000213,2026-07-14 18:12:55,2026-07-17 12:30:55,Social Media,App Bug,Notification Error,Premium,19,66.3,,Resolved,The notifications are delayed or showing the wrong information. Please resolve this as soon as possible.
TKT-11935,CUS-000854,2026-07-06 09:16:29,2026-07-08 22:19:29,In-App Chat,App Bug,Notification Error,Free,55,61.05,,Resolved,The notifications are delayed or showing the wrong information.
TKT-11936,CUS-000703,2026-08-09 16:17:06,2026-08-10 22:08:42,WhatsApp,Billing/Refunds,Incorrect Amount,Free,24,29.86,,Resolved,The amount on my bill does not match what I expected.
TKT-11937,CUS-001225,2026-07-24 01:13:32,2026-07-25 01:27:56,Social Media,Delivery Delay,Late Delivery,Premium,14,24.24,2,Closed,My order is later than the delivery estimate. This has been very frustrating.
TKT-11938,CUS-000348,2026-07-12 14:02:23,2026-07-13 15:34:47,WhatsApp,App Bug,Login Timeout,Free,22,25.54,2,Resolved,I keep getting timed out when I try to sign in. Please resolve this as soon as possible.
TKT-11939,CUS-000245,2026-08-02 06:02:21,2026-08-02 20:24:33,Social Media,Billing/Refunds,Refund Pending,Enterprise,23,14.37,,Resolved,My refund is still pending and I need an update. This is disrupting what I need to do.
TKT-11940,CUS-000966,2026-07-01 17:34:31,2026-07-02 03:17:07,In-App Chat,App Bug,App Crash,Enterprise,3,9.71,3,Resolved,The app closes every time I try to complete this action. Please resolve this as soon as possible.
TKT-11941,CUS-001248,2026-07-22 03:59:56,2026-07-23 20:09:32,In-App Chat,Billing/Refunds,Duplicate Charge,Free,51,40.16,2,Closed,I was charged twice for the same transaction. This has been very frustrating.
TKT-11942,CUS-000829,2026-07-09 17:04:01,2026-07-11 20:55:01,Email,App Bug,Notification Error,Free,39,51.85,1,Resolved,The notifications are delayed or showing the wrong information.
TKT-11943,CUS-001336,2026-06-13 11:48:34,2026-06-14 15:07:46,In-App Chat,Billing/Refunds,Duplicate Charge,Free,32,27.32,3,Resolved,I was charged twice for the same transaction. Please resolve this as soon as possible.
TKT-11944,CUS-001417,2026-06-09 04:45:43,,Email,Billing/Refunds,Duplicate Charge,Free,88,,2,Open,I was charged twice for the same transaction. This is disrupting what I need to do.
TKT-11945,CUS-001535,2026-06-09 01:46:24,2026-06-13 00:51:12,In-App Chat,App Bug,App Crash,Free,49,95.08,,Escalated,The app closes every time I try to complete this action. I have already tried again several times.
TKT-11946,CUS-000638,2026-06-18 05:57:21,2026-06-20 03:57:21,In-App Chat,Delivery Delay,Late Delivery,Free,45,46.0,,Resolved,My order is later than the delivery estimate. This has been very frustrating.
TKT-11947,CUS-001519,2026-06-07 07:58:49,2026-06-09 07:54:37,WhatsApp,Billing/Refunds,Refund Pending,Free,35,47.93,2,Resolved,My refund is still pending and I need an update. Please resolve this as soon as possible.
TKT-11948,CUS-001186,2026-08-04 07:22:37,2026-08-05 11:22:01,Social Media,Billing/Refunds,Incorrect Amount,Free,31,27.99,2,Resolved,The amount on my bill does not match what I expected.
TKT-11949,CUS-001048,2026-06-02 14:15:03,2026-06-04 21:20:27,Email,Feature Request,Notification Controls,Free,204,55.09,4,Closed,Please add more control over which notifications I receive. I would be happy to use this feature.
TKT-11950,CUS-000915,2026-07-20 07:31:03,2026-07-22 04:14:15,In-App Chat,Feature Request,Notification Controls,Enterprise,3,44.72,3,Resolved,"Please add more control over which notifications I receive. The service has been useful overall, so this would be a great addition."
TKT-11951,CUS-000041,2026-06-01 10:12:28,,Email,Account Access,Account Locked,Enterprise,3,,2,Open,My account is locked and I cannot get back in. Please let me know what information you need.
TKT-11952,CUS-000927,2026-07-27 11:28:30,2026-07-30 04:12:18,WhatsApp,Billing/Refunds,Duplicate Charge,Free,11,64.73,,Escalated,I was charged twice for the same transaction. Please resolve this as soon as possible.
TKT-11953,CUS-001311,2026-05-16 16:28:54,2026-05-18 20:45:06,Email,App Bug,Notification Error,Premium,13,52.27,,Closed,The notifications are delayed or showing the wrong information. This is disrupting what I need to do.
TKT-11954,CUS-001646,2026-07-10 15:34:41,2026-07-11 08:20:53,Email,Billing/Refunds,Refund Pending,Free,108,16.77,2,Resolved,My refund is still pending and I need an update. This is disrupting what I need to do.
TKT-11955,CUS-000726,2026-06-05 21:02:06,2026-06-10 01:22:30,Email,Billing/Refunds,Duplicate Charge,Premium,135,100.34,,Escalated,I was charged twice for the same transaction.
TKT-11956,CUS-001646,2026-07-10 06:42:25,2026-07-12 03:50:49,In-App Chat,App Bug,Page Not Loading,Free,7,45.14,2,Closed,The page is stuck loading and I cannot continue.
TKT-11957,CUS-000317,2026-07-28 23:28:02,2026-07-29 10:52:38,Social Media,Account Access,Account Locked,Premium,12,11.41,3,Closed,My account is locked and I cannot get back in. Please let me know what information you need.
TKT-11958,CUS-001613,2026-07-02 21:12:26,2026-07-03 22:12:26,WhatsApp,App Bug,App Crash,Free,36,25.0,3,Resolved,The app closes every time I try to complete this action.
TKT-11959,CUS-000982,2026-07-26 16:58:10,2026-07-27 00:03:34,Email,Account Access,Password Reset,Free,194,7.09,4,Closed,I need help resetting my password. Please let me know what information you need.
TKT-11960,CUS-001122,2026-07-22 20:36:52,2026-07-23 16:14:40,Email,App Bug,Notification Error,Enterprise,8,19.63,,Escalated,The notifications are delayed or showing the wrong information. I have already tried again several times.
TKT-11961,CUS-000957,2026-07-03 06:00:28,,Email,App Bug,App Crash,Free,107,,3,Open,The app closes every time I try to complete this action. Please resolve this as soon as possible.
TKT-11962,CUS-001642,2026-05-24 20:58:11,2026-05-26 17:26:23,Email,Delivery Delay,Missing Items,Free,64,44.47,,Closed,Some items were missing when my order arrived. I have already tried again several times.
TKT-11963,CUS-000080,2026-07-26 13:02:41,2026-07-27 14:41:05,WhatsApp,Delivery Delay,Missing Items,Premium,78,25.64,,Resolved,Some items were missing when my order arrived.
TKT-11964,CUS-000694,2026-05-30 06:24:54,2026-05-31 17:30:18,Social Media,App Bug,App Crash,Premium,22,35.09,2,Resolved,The app closes every time I try to complete this action. This has been very frustrating.
TKT-11965,CUS-001468,2026-06-01 09:51:46,2026-06-01 12:16:58,In-App Chat,Account Access,Password Reset,Premium,13,2.42,4,Closed,I need help resetting my password. Please let me know what information you need.
TKT-11966,CUS-000306,2026-05-25 09:48:11,,In-App Chat,App Bug,App Crash,Premium,11,,1,Open,The app closes every time I try to complete this action. This is disrupting what I need to do.
TKT-11967,CUS-000949,2026-06-03 15:44:26,2026-06-04 16:19:13,Email,Billing/Refunds,Incorrect Amount,Premium,26,24.58,,Closed,The amount on my bill does not match what I expected. This is disrupting what I need to do.
TKT-11968,CUS-000866,2026-08-02 13:11:47,2026-08-03 00:28:35,In-App Chat,Delivery Delay,Late Delivery,Free,42,11.28,4,Resolved,My order is later than the delivery estimate.
TKT-11969,CUS-001362,2026-07-10 05:35:39,2026-07-10 16:15:15,Email,Billing/Refunds,Duplicate Charge,Free,36,10.66,,Resolved,I was charged twice for the same transaction.
TKT-11970,CUS-001536,2026-07-07 12:34:14,2026-07-08 08:24:02,WhatsApp,App Bug,App Crash,Premium,4,19.83,3,Closed,The app closes every time I try to complete this action. I have already tried again several times.
TKT-11971,CUS-000445,2026-07-04 07:12:14,2026-07-07 12:32:38,Email,App Bug,Notification Error,Premium,31,77.34,2,Escalated,The notifications are delayed or showing the wrong information. This has been very frustrating.
TKT-11972,CUS-001160,2026-06-29 04:08:19,2026-06-30 09:26:19,In-App Chat,Billing/Refunds,Incorrect Amount,Free,38,29.3,2,Resolved,The amount on my bill does not match what I expected. Please resolve this as soon as possible.
TKT-11973,CUS-000904,2026-05-21 18:07:17,2026-05-23 18:18:41,Social Media,Billing/Refunds,Duplicate Charge,Free,30,48.19,3,Resolved,I was charged twice for the same transaction.
TKT-11974,CUS-001123,2026-06-24 21:04:47,,Social Media,App Bug,Login Timeout,Premium,22,,1,Open,I keep getting timed out when I try to sign in. This is disrupting what I need to do.
TKT-11975,CUS-000357,2026-06-04 12:52:49,2026-06-05 09:23:25,In-App Chat,Feature Request,Dark Mode,Free,11,20.51,4,Resolved,I like the app and would find a dark mode option useful. I would be happy to use this feature.
TKT-11976,CUS-000463,2026-06-04 14:48:08,2026-06-04 23:05:31,Email,Account Access,Account Locked,Free,144,8.29,,Resolved,My account is locked and I cannot get back in. Please let me know what information you need.
TKT-11977,CUS-000908,2026-06-08 20:24:17,2026-06-12 05:51:17,Email,App Bug,Page Not Loading,Premium,51,81.45,1,Resolved,The page is stuck loading and I cannot continue.
TKT-11978,CUS-000003,2026-06-14 05:45:22,2026-06-14 17:07:34,WhatsApp,Billing/Refunds,Duplicate Charge,Free,34,11.37,3,Resolved,I was charged twice for the same transaction. Please resolve this as soon as possible.
TKT-11979,CUS-001206,2026-08-03 09:01:29,2026-08-03 11:46:29,In-App Chat,Account Access,Verification Code Missing,Free,26,2.75,4,Resolved,The verification code has not arrived yet.
TKT-11980,CUS-000295,2026-07-07 08:12:43,2026-07-08 04:58:19,In-App Chat,Billing/Refunds,Refund Pending,Free,10,20.76,3,Closed,My refund is still pending and I need an update. I have already tried again several times.
TKT-11981,CUS-001565,2026-07-07 06:58:53,2026-07-08 00:55:17,Email,Account Access,Account Locked,Free,32,17.94,3,Closed,My account is locked and I cannot get back in. Could someone advise me on the next step?
TKT-11982,CUS-001443,2026-08-02 13:33:24,2026-08-03 12:53:12,In-App Chat,Delivery Delay,Tracking Not Updated,Premium,10,23.33,3,Closed,The tracking status has not changed for a while. This has been very frustrating.
TKT-11983,CUS-001046,2026-06-19 11:45:12,2026-06-20 09:52:24,Email,App Bug,Login Timeout,Free,102,22.12,2,Closed,I keep getting timed out when I try to sign in.
TKT-11984,CUS-001498,2026-07-04 18:36:57,2026-07-05 17:30:21,Social Media,App Bug,Login Timeout,Free,61,22.89,3,Resolved,I keep getting timed out when I try to sign in. Please resolve this as soon as possible.
TKT-11985,CUS-001646,2026-07-23 06:26:51,2026-07-23 20:18:27,In-App Chat,Billing/Refunds,Incorrect Amount,Free,18,13.86,,Resolved,The amount on my bill does not match what I expected.
TKT-11986,CUS-001302,2026-07-12 01:17:08,2026-07-12 15:08:44,Email,Billing/Refunds,Refund Pending,Free,118,13.86,3,Resolved,My refund is still pending and I need an update. Please resolve this as soon as possible.
TKT-11987,CUS-001051,2026-08-09 03:01:39,2026-08-11 23:59:51,WhatsApp,App Bug,Page Not Loading,Free,81,68.97,2,Resolved,The page is stuck loading and I cannot continue.
TKT-11988,CUS-000752,2026-06-07 14:12:36,2026-06-08 05:40:12,Email,Feature Request,Dark Mode,Free,70,15.46,4,Closed,"I like the app and would find a dark mode option useful. The service has been useful overall, so this would be a great addition."
TKT-11989,CUS-001370,2026-06-10 22:48:07,2026-06-14 06:15:43,Email,Billing/Refunds,Duplicate Charge,Free,90,79.46,,Resolved,I was charged twice for the same transaction. I have already tried again several times.
TKT-11990,CUS-001179,2026-07-17 02:55:56,2026-07-17 09:36:44,Email,Account Access,Profile Update Failed,Free,65,6.68,4,Closed,I cannot save the changes to my profile. Could someone advise me on the next step?
TKT-11991,CUS-000789,2026-07-28 10:12:09,2026-07-28 22:24:45,In-App Chat,Account Access,Profile Update Failed,Free,21,12.21,4,Resolved,I cannot save the changes to my profile.
TKT-11992,CUS-000829,2026-06-17 05:19:56,2026-06-18 13:48:44,In-App Chat,Billing/Refunds,Payment Failed,Free,26,32.48,,Resolved,My payment keeps failing even though my details are correct. This has been very frustrating.
TKT-11993,CUS-000403,2026-07-08 16:46:31,2026-07-10 16:11:43,Social Media,Billing/Refunds,Refund Pending,Free,124,47.42,2,Resolved,My refund is still pending and I need an update. Please resolve this as soon as possible.
TKT-11994,CUS-001334,2026-06-17 03:19:24,2026-06-18 19:46:24,Email,App Bug,Notification Error,Free,131,40.45,1,Resolved,The notifications are delayed or showing the wrong information. This has been very frustrating.
TKT-11995,CUS-001475,2026-05-18 03:52:58,2026-05-18 23:42:46,In-App Chat,Account Access,Verification Code Missing,Free,38,19.83,3,Closed,The verification code has not arrived yet.
TKT-11996,CUS-000032,2026-06-13 23:35:38,2026-06-19 05:47:02,In-App Chat,App Bug,Notification Error,Free,17,126.19,1,Escalated,The notifications are delayed or showing the wrong information. I have already tried again several times.
TKT-11997,CUS-000202,2026-08-01 10:26:41,2026-08-01 21:39:53,WhatsApp,Delivery Delay,Wrong Delivery Address,Free,19,11.22,,Resolved,The delivery address shown for my order is incorrect. This is disrupting what I need to do.
TKT-11998,CUS-001646,2026-07-17 12:32:34,2026-07-18 20:54:46,In-App Chat,Delivery Delay,Missing Items,Premium,13,32.37,2,Closed,Some items were missing when my order arrived. I have already tried again several times.
TKT-11999,CUS-000330,2026-06-17 08:12:39,2026-06-18 08:28:15,Social Media,Delivery Delay,Tracking Not Updated,Free,93,24.26,,Closed,The tracking status has not changed for a while. This is disrupting what I need to do.
TKT-12000,CUS-001239,2026-05-21 17:46:25,2026-05-22 00:59:01,Email,Feature Request,Notification Controls,Premium,99,7.21,4,Resolved,Please add more control over which notifications I receive. I would be happy to use this feature.
TKT-12001,CUS-000807,2026-07-23 21:38:55,2026-07-24 23:35:55,Email,Delivery Delay,Missing Items,Premium,7,25.95,,Resolved,Some items were missing when my order arrived.
TKT-12002,CUS-000859,2026-05-21 17:25:25,2026-05-23 05:28:25,In-App Chat,Delivery Delay,Wrong Delivery Address,Free,105,36.05,3,Resolved,The delivery address shown for my order is incorrect.
TKT-12003,CUS-000196,2026-07-18 11:23:26,2026-07-19 03:21:02,In-App Chat,Delivery Delay,Missing Items,Free,30,15.96,4,Resolved,Some items were missing when my order arrived. Please resolve this as soon as possible.
TKT-12004,CUS-000246,2026-07-05 17:31:26,2026-07-07 14:42:50,Email,Delivery Delay,Missing Items,Free,131,45.19,2,Escalated,Some items were missing when my order arrived. This has been very frustrating.
TKT-12005,CUS-000964,2026-06-28 12:51:42,2026-06-28 22:18:42,Social Media,Delivery Delay,Tracking Not Updated,Free,15,9.45,,Resolved,The tracking status has not changed for a while. This has been very frustrating.
TKT-12006,CUS-000637,2026-06-16 14:39:24,2026-06-16 19:29:48,In-App Chat,Feature Request,Export Data,Free,20,4.84,4,Resolved,Could you add a way to export my account data?
TKT-12007,CUS-001344,2026-06-22 07:20:31,2026-06-23 20:19:19,Email,App Bug,Notification Error,Free,124,36.98,,Closed,The notifications are delayed or showing the wrong information.
TKT-12008,CUS-001633,2026-08-10 14:08:36,2026-08-11 02:05:00,Email,Account Access,Password Reset,Premium,16,11.94,,Resolved,I need help resetting my password. Please let me know what information you need.
TKT-12009,CUS-001369,2026-06-30 20:32:00,2026-07-01 04:33:48,In-App Chat,Account Access,Profile Update Failed,Free,4,8.03,3,Closed,I cannot save the changes to my profile.
TKT-12010,CUS-000693,2026-06-16 08:46:59,2026-06-18 00:30:11,Email,Delivery Delay,Wrong Delivery Address,Premium,42,39.72,,Resolved,The delivery address shown for my order is incorrect. I have already tried again several times.
TKT-12011,CUS-000808,2026-06-11 18:53:46,2026-06-12 20:20:46,In-App Chat,App Bug,Login Timeout,Premium,10,25.45,2,Resolved,I keep getting timed out when I try to sign in.
TKT-12012,CUS-000288,2026-07-23 16:47:29,2026-07-24 11:35:29,Email,Delivery Delay,Wrong Delivery Address,Free,182,18.8,3,Resolved,The delivery address shown for my order is incorrect.
TKT-12013,CUS-001161,2026-07-12 07:02:22,2026-07-12 19:09:34,In-App Chat,Delivery Delay,Missing Items,Enterprise,3,12.12,,Resolved,Some items were missing when my order arrived. I have already tried again several times.
TKT-12014,CUS-000752,2026-07-10 17:27:13,2026-07-11 09:58:25,Email,Feature Request,New Payment Option,Enterprise,12,16.52,5,Resolved,It would be helpful to have another payment option.
TKT-12015,CUS-001439,2026-06-15 22:30:59,2026-06-16 18:25:35,In-App Chat,Billing/Refunds,Duplicate Charge,Free,36,19.91,,Closed,I was charged twice for the same transaction. I have already tried again several times.
TKT-12016,CUS-001102,2026-06-27 15:20:44,2026-06-28 15:14:44,Email,Delivery Delay,Tracking Not Updated,Free,141,23.9,3,Closed,The tracking status has not changed for a while. I have already tried again several times.
TKT-12017,CUS-000316,2026-05-19 14:41:18,2026-05-20 09:26:18,Email,Delivery Delay,Late Delivery,Free,48,18.75,4,Closed,My order is later than the delivery estimate.
TKT-12018,CUS-000695,2026-05-31 07:31:26,2026-05-31 17:28:26,WhatsApp,Feature Request,Notification Controls,Free,60,9.95,5,Resolved,Please add more control over which notifications I receive. Thanks for considering the suggestion.
TKT-12019,CUS-001146,2026-08-07 06:58:56,,Email,Feature Request,New Payment Option,Free,54,,3,Open,It would be helpful to have another payment option. Thanks for considering the suggestion.
TKT-12020,CUS-001441,2026-08-02 23:59:46,2026-08-03 08:35:46,WhatsApp,Account Access,Password Reset,Free,34,8.6,,Resolved,I need help resetting my password. Thank you for checking this for me.
TKT-12021,CUS-000600,2026-07-26 05:50:05,2026-07-28 02:09:17,In-App Chat,Account Access,Account Locked,Free,35,44.32,4,Escalated,My account is locked and I cannot get back in. Thank you for checking this for me.
TKT-12022,CUS-001129,2026-06-07 06:04:26,2026-06-08 10:24:50,In-App Chat,Billing/Refunds,Payment Failed,Premium,18,28.34,,Closed,My payment keeps failing even though my details are correct. This has been very frustrating.
TKT-12023,CUS-000322,2026-06-13 19:50:13,2026-06-14 19:01:01,In-App Chat,Feature Request,New Payment Option,Free,28,23.18,5,Closed,It would be helpful to have another payment option.
TKT-12024,CUS-001519,2026-07-06 15:51:54,2026-07-07 23:20:06,Email,Billing/Refunds,Incorrect Amount,Free,38,31.47,,Resolved,The amount on my bill does not match what I expected.
TKT-12025,CUS-000959,2026-06-09 05:35:46,2026-06-11 15:44:46,Email,Delivery Delay,Late Delivery,Free,23,58.15,,Closed,My order is later than the delivery estimate.
TKT-12026,CUS-001291,2026-06-30 10:10:13,2026-07-01 03:55:49,WhatsApp,Delivery Delay,Late Delivery,Premium,14,17.76,,Closed,My order is later than the delivery estimate. I have already tried again several times.
TKT-12027,CUS-000674,2026-06-11 15:51:02,2026-06-12 15:56:26,Email,App Bug,Login Timeout,Premium,62,24.09,2,Resolved,I keep getting timed out when I try to sign in.
TKT-12028,CUS-001585,2026-06-08 05:43:25,2026-06-10 11:12:49,Email,Billing/Refunds,Duplicate Charge,Free,98,53.49,2,Closed,I was charged twice for the same transaction. Please resolve this as soon as possible.
TKT-12029,CUS-001211,2026-07-13 08:50:29,2026-07-14 04:18:41,In-App Chat,Billing/Refunds,Incorrect Amount,Premium,12,19.47,3,Resolved,The amount on my bill does not match what I expected. This is disrupting what I need to do.
TKT-12030,CUS-000280,2026-06-10 11:44:24,2026-06-11 15:56:24,In-App Chat,Delivery Delay,Missing Items,Free,23,28.2,2,Resolved,Some items were missing when my order arrived. This has been very frustrating.
TKT-12031,CUS-000908,2026-07-21 23:51:13,2026-07-23 11:33:13,WhatsApp,Account Access,Verification Code Missing,Premium,19,35.7,4,Closed,The verification code has not arrived yet. Please let me know what information you need.
TKT-12032,CUS-000463,2026-05-28 08:28:07,2026-05-30 02:46:43,In-App Chat,Billing/Refunds,Refund Pending,Free,12,42.31,2,Escalated,My refund is still pending and I need an update. I have already tried again several times.
TKT-12033,CUS-001407,2026-07-27 19:40:51,2026-07-29 23:01:51,In-App Chat,Delivery Delay,Late Delivery,Free,37,51.35,3,Resolved,My order is later than the delivery estimate. I have already tried again several times.
TKT-12034,CUS-001324,2026-06-15 01:55:18,2026-06-15 19:30:05,WhatsApp,Billing/Refunds,Duplicate Charge,Premium,26,17.58,,Resolved,I was charged twice for the same transaction.
TKT-12035,CUS-000829,2026-07-22 19:27:54,2026-07-24 09:09:18,WhatsApp,Delivery Delay,Missing Items,Premium,12,37.69,3,Resolved,Some items were missing when my order arrived. This has been very frustrating.
TKT-12036,CUS-000520,2026-07-25 23:17:00,2026-07-27 17:57:48,Email,App Bug,App Crash,Premium,45,42.68,,Resolved,The app closes every time I try to complete this action.
TKT-12037,CUS-001434,2026-07-21 14:58:14,2026-07-23 07:18:02,In-App Chat,Billing/Refunds,Incorrect Amount,Free,8,40.33,3,Resolved,The amount on my bill does not match what I expected. I have already tried again several times.
TKT-12038,CUS-001432,2026-07-27 15:36:41,2026-07-28 13:02:29,WhatsApp,Billing/Refunds,Duplicate Charge,Premium,17,21.43,2,Resolved,I was charged twice for the same transaction. I have already tried again several times.
TKT-12039,CUS-000832,2026-07-02 15:32:45,2026-07-03 01:14:09,In-App Chat,Account Access,Account Locked,Free,21,9.69,,Closed,My account is locked and I cannot get back in. Thank you for checking this for me.
TKT-12040,CUS-001206,2026-07-25 01:45:20,2026-07-25 20:36:56,Email,App Bug,Notification Error,Premium,74,18.86,2,Resolved,The notifications are delayed or showing the wrong information.
TKT-12041,CUS-000493,2026-07-07 17:24:42,2026-07-08 10:49:18,In-App Chat,Delivery Delay,Missing Items,Premium,9,17.41,,Resolved,Some items were missing when my order arrived. This is disrupting what I need to do.
TKT-12042,CUS-000598,2026-06-11 03:54:07,2026-06-12 11:16:19,WhatsApp,App Bug,Page Not Loading,Free,58,31.37,2,Resolved,The page is stuck loading and I cannot continue. This is disrupting what I need to do.
TKT-12043,CUS-001590,2026-06-15 20:05:42,2026-06-17 11:05:06,WhatsApp,App Bug,Page Not Loading,Free,26,38.99,1,Resolved,The page is stuck loading and I cannot continue.
TKT-12044,CUS-001239,2026-06-13 09:11:47,2026-06-13 21:45:23,Email,Billing/Refunds,Incorrect Amount,Free,18,12.56,3,Resolved,The amount on my bill does not match what I expected.
TKT-12045,CUS-000137,2026-06-15 20:51:37,2026-06-17 08:13:13,In-App Chat,App Bug,Notification Error,Free,20,35.36,2,Resolved,The notifications are delayed or showing the wrong information.
TKT-12046,CUS-000762,2026-06-19 18:29:49,2026-06-20 23:08:49,Email,Feature Request,New Payment Option,Free,84,28.65,,Resolved,It would be helpful to have another payment option. Thanks for considering the suggestion.
TKT-12047,CUS-000672,2026-05-25 20:26:47,2026-05-27 21:40:35,In-App Chat,Billing/Refunds,Refund Pending,Free,25,49.23,1,Resolved,My refund is still pending and I need an update. I have already tried again several times.
TKT-12048,CUS-000407,2026-07-21 16:04:02,2026-07-22 09:05:50,WhatsApp,Feature Request,New Payment Option,Free,37,17.03,3,Closed,It would be helpful to have another payment option. I would be happy to use this feature.
TKT-12049,CUS-001646,2026-07-27 12:57:51,2026-08-06 12:57:51,In-App Chat,App Bug,Page Not Loading,Free,17,240.0,,Escalated,The page is stuck loading and I cannot continue. This is disrupting what I need to do.
TKT-12050,CUS-000243,2026-07-25 03:24:33,2026-07-25 23:46:45,In-App Chat,Billing/Refunds,Incorrect Amount,Free,19,20.37,,Resolved,The amount on my bill does not match what I expected. This has been very frustrating.
TKT-12051,CUS-000547,2026-06-23 05:50:55,2026-06-24 04:05:19,Social Media,Billing/Refunds,Incorrect Amount,Premium,10,22.24,3,Resolved,The amount on my bill does not match what I expected.
TKT-12052,CUS-001430,2026-07-12 07:14:30,2026-07-12 19:31:18,Email,Billing/Refunds,Payment Failed,Free,22,12.28,2,Resolved,My payment keeps failing even though my details are correct.
TKT-12053,CUS-000237,2026-07-12 12:16:00,2026-07-13 04:58:36,WhatsApp,Delivery Delay,Wrong Delivery Address,Free,31,16.71,3,Resolved,The delivery address shown for my order is incorrect. This is disrupting what I need to do.
TKT-12054,CUS-000636,2026-07-03 17:08:40,2026-07-04 19:05:40,In-App Chat,Account Access,Verification Code Missing,Premium,7,25.95,,Closed,The verification code has not arrived yet.
TKT-12055,CUS-001066,2026-06-09 16:52:52,2026-06-10 16:14:28,WhatsApp,App Bug,Login Timeout,Enterprise,11,23.36,,Closed,I keep getting timed out when I try to sign in. This has been very frustrating.
TKT-12056,CUS-000582,2026-07-09 20:49:34,2026-07-10 00:36:58,In-App Chat,Account Access,Verification Code Missing,Free,6,3.79,3,Resolved,The verification code has not arrived yet. I would appreciate an update when possible.
TKT-12057,CUS-000693,2026-07-10 08:02:54,2026-07-10 23:16:42,In-App Chat,Account Access,Verification Code Missing,Free,28,15.23,,Resolved,The verification code has not arrived yet. Please let me know what information you need.
TKT-12058,CUS-000908,2026-07-12 05:15:42,2026-07-12 22:31:18,Email,Feature Request,Notification Controls,Free,277,17.26,,Resolved,Please add more control over which notifications I receive. I would be happy to use this feature.
TKT-12059,CUS-001604,2026-08-10 10:51:07,2026-08-11 01:58:55,In-App Chat,Feature Request,Dark Mode,Enterprise,3,15.13,,Resolved,I like the app and would find a dark mode option useful. Thanks for considering the suggestion.
TKT-12060,CUS-001461,2026-07-14 10:10:15,,Email,Account Access,Account Locked,Premium,34,,3,Open,My account is locked and I cannot get back in.
TKT-12061,CUS-000203,2026-06-08 15:03:45,2026-06-09 00:43:57,In-App Chat,Delivery Delay,Missing Items,Premium,14,9.67,,Resolved,Some items were missing when my order arrived. Please resolve this as soon as possible.
TKT-12062,CUS-000948,2026-08-09 00:52:39,2026-08-09 16:28:39,In-App Chat,Delivery Delay,Late Delivery,Premium,14,15.6,3,Resolved,My order is later than the delivery estimate. I have already tried again several times.
TKT-12063,CUS-001105,2026-07-21 02:41:53,2026-07-23 02:50:53,Social Media,App Bug,Page Not Loading,Free,34,48.15,2,Resolved,The page is stuck loading and I cannot continue. This is disrupting what I need to do.
TKT-12064,CUS-000565,2026-05-20 14:14:40,2026-05-21 10:30:16,In-App Chat,Delivery Delay,Wrong Delivery Address,Free,12,20.26,,Resolved,The delivery address shown for my order is incorrect. I have already tried again several times.
TKT-12065,CUS-000453,2026-07-05 05:52:44,2026-07-06 11:10:07,Email,Billing/Refunds,Refund Pending,Premium,51,29.29,3,Resolved,My refund is still pending and I need an update. This has been very frustrating.
TKT-12066,CUS-000995,2026-06-11 15:37:25,2026-06-12 04:20:01,Social Media,Delivery Delay,Missing Items,Premium,6,12.71,3,Resolved,Some items were missing when my order arrived. I have already tried again several times.
TKT-12067,CUS-000700,2026-08-06 21:01:46,2026-08-07 14:39:34,In-App Chat,Feature Request,Export Data,Free,39,17.63,4,Resolved,Could you add a way to export my account data? Thanks for considering the suggestion.
TKT-12068,CUS-001519,2026-06-09 17:01:19,2026-06-10 21:26:31,Social Media,Billing/Refunds,Refund Pending,Free,34,28.42,3,Resolved,My refund is still pending and I need an update.
TKT-12069,CUS-000297,2026-08-03 03:58:18,2026-08-03 21:04:54,In-App Chat,Delivery Delay,Missing Items,Free,23,17.11,,Closed,Some items were missing when my order arrived.
TKT-12070,CUS-000076,2026-05-30 12:26:06,2026-05-30 22:34:30,Email,Feature Request,Notification Controls,Enterprise,9,10.14,5,Resolved,Please add more control over which notifications I receive. Everything else is working well for me.
TKT-12071,CUS-001514,2026-07-10 03:13:52,2026-07-11 01:58:52,In-App Chat,Billing/Refunds,Duplicate Charge,Free,56,22.75,,Resolved,I was charged twice for the same transaction.
TKT-12072,CUS-001508,2026-06-03 16:15:17,2026-06-04 20:32:40,WhatsApp,Account Access,Profile Update Failed,Premium,18,28.29,2,Escalated,I cannot save the changes to my profile. Please let me know what information you need.
TKT-12073,CUS-000703,2026-07-31 12:57:39,2026-08-01 11:49:15,Email,Feature Request,New Payment Option,Free,61,22.86,,Resolved,It would be helpful to have another payment option. I would be happy to use this feature.
TKT-12074,CUS-001273,2026-06-24 22:14:37,,Email,Feature Request,New Payment Option,Free,60,,4,Open,It would be helpful to have another payment option. Everything else is working well for me.
TKT-12075,CUS-001424,2026-06-14 05:15:28,,WhatsApp,Billing/Refunds,Incorrect Amount,Premium,14,,1,Open,The amount on my bill does not match what I expected. This has been very frustrating.
TKT-12076,CUS-000438,2026-07-10 16:30:33,2026-07-11 12:26:57,In-App Chat,App Bug,Notification Error,Free,102,19.94,3,Resolved,The notifications are delayed or showing the wrong information.
TKT-12077,CUS-001106,2026-06-06 21:48:50,2026-06-07 03:01:26,WhatsApp,Account Access,Profile Update Failed,Premium,7,5.21,,Resolved,I cannot save the changes to my profile.
TKT-12078,CUS-001240,2026-07-30 18:44:49,2026-08-01 09:23:13,Social Media,Billing/Refunds,Duplicate Charge,Premium,39,38.64,,Escalated,I was charged twice for the same transaction.
TKT-12079,CUS-000607,2026-07-08 08:01:42,2026-07-09 04:56:54,WhatsApp,App Bug,Page Not Loading,Premium,22,20.92,3,Resolved,The page is stuck loading and I cannot continue. Please resolve this as soon as possible.
TKT-12080,CUS-001593,2026-07-20 04:25:51,2026-07-22 05:07:15,WhatsApp,Billing/Refunds,Duplicate Charge,Free,87,48.69,3,Resolved,I was charged twice for the same transaction. This is disrupting what I need to do.
TKT-12081,CUS-001629,2026-07-17 01:05:04,2026-07-18 19:51:16,WhatsApp,Billing/Refunds,Duplicate Charge,Premium,23,42.77,4,Closed,I was charged twice for the same transaction. I have already tried again several times.
TKT-12082,CUS-000815,2026-07-15 18:20:45,2026-07-16 01:31:33,In-App Chat,Account Access,Profile Update Failed,Free,23,7.18,4,Resolved,I cannot save the changes to my profile. I would appreciate an update when possible.
TKT-12083,CUS-000137,2026-06-12 09:49:43,2026-06-13 19:46:07,WhatsApp,Account Access,Account Locked,Free,63,33.94,,Escalated,My account is locked and I cannot get back in.
TKT-12084,CUS-001536,2026-06-29 12:59:14,2026-06-30 02:32:14,WhatsApp,Account Access,Password Reset,Free,39,13.55,4,Closed,I need help resetting my password.
TKT-12085,CUS-000863,2026-07-15 06:49:52,2026-07-17 13:10:16,Email,Delivery Delay,Late Delivery,Free,119,54.34,3,Escalated,My order is later than the delivery estimate.
TKT-12086,CUS-000249,2026-06-15 07:51:16,2026-06-18 18:41:40,In-App Chat,App Bug,App Crash,Free,56,82.84,1,Closed,The app closes every time I try to complete this action.
TKT-12087,CUS-001228,2026-05-27 22:18:54,2026-05-29 03:18:54,WhatsApp,App Bug,App Crash,Free,36,29.0,,Closed,The app closes every time I try to complete this action. Please resolve this as soon as possible.
TKT-12088,CUS-001160,2026-07-06 20:25:07,2026-07-08 01:46:43,In-App Chat,Billing/Refunds,Payment Failed,Free,18,29.36,3,Resolved,My payment keeps failing even though my details are correct.
TKT-12089,CUS-000250,2026-08-05 09:50:19,,Email,Billing/Refunds,Incorrect Amount,Free,50,,2,Open,The amount on my bill does not match what I expected.
TKT-12090,CUS-000471,2026-07-19 11:14:58,,Email,App Bug,Login Timeout,Free,98,,,Open,I keep getting timed out when I try to sign in. I have already tried again several times.
TKT-12091,CUS-001449,2026-06-05 02:44:35,2026-06-06 12:38:35,In-App Chat,Billing/Refunds,Duplicate Charge,Free,13,33.9,2,Escalated,I was charged twice for the same transaction. Please resolve this as soon as possible.
TKT-12092,CUS-001629,2026-08-10 03:40:04,2026-08-10 19:46:04,Social Media,Billing/Refunds,Payment Failed,Premium,16,16.1,3,Closed,My payment keeps failing even though my details are correct. Please resolve this as soon as possible.
TKT-12093,CUS-000693,2026-07-28 22:35:50,2026-07-30 11:01:38,In-App Chat,Billing/Refunds,Duplicate Charge,Free,13,36.43,3,Closed,I was charged twice for the same transaction. This is disrupting what I need to do.
TKT-12094,CUS-000242,2026-06-13 09:58:56,2026-06-13 17:41:32,Social Media,Account Access,Password Reset,Free,59,7.71,4,Resolved,I need help resetting my password. Could someone advise me on the next step?
TKT-12095,CUS-000600,2026-05-28 14:14:30,2026-05-29 07:09:06,WhatsApp,Account Access,Account Locked,Premium,10,16.91,2,Escalated,My account is locked and I cannot get back in.
TKT-12096,CUS-000834,2026-07-11 12:25:22,2026-07-11 20:16:58,In-App Chat,Feature Request,Notification Controls,Enterprise,2,7.86,4,Resolved,Please add more control over which notifications I receive.
TKT-12097,CUS-000517,2026-06-12 22:26:42,2026-06-14 22:57:18,Social Media,Delivery Delay,Tracking Not Updated,Premium,10,48.51,2,Resolved,The tracking status has not changed for a while.
TKT-12098,CUS-001024,2026-06-30 03:52:01,2026-06-30 07:46:01,In-App Chat,Account Access,Password Reset,Premium,7,3.9,5,Resolved,I need help resetting my password. Could someone advise me on the next step?
TKT-12099,CUS-000012,2026-07-12 20:02:05,2026-07-13 07:29:05,WhatsApp,Billing/Refunds,Incorrect Amount,Enterprise,4,11.45,3,Closed,The amount on my bill does not match what I expected. Please resolve this as soon as possible.
TKT-12100,CUS-001374,2026-06-02 01:15:58,2026-06-02 08:07:34,WhatsApp,Account Access,Profile Update Failed,Free,39,6.86,4,Closed,I cannot save the changes to my profile. I would appreciate an update when possible.
TKT-12101,CUS-001422,2026-07-29 01:38:55,2026-07-29 20:10:43,In-App Chat,Billing/Refunds,Payment Failed,Enterprise,3,18.53,3,Resolved,My payment keeps failing even though my details are correct. Please resolve this as soon as possible.
TKT-12102,CUS-001324,2026-06-30 04:17:47,2026-07-01 12:12:59,Social Media,App Bug,App Crash,Enterprise,9,31.92,,Resolved,The app closes every time I try to complete this action. Please resolve this as soon as possible.
TKT-12103,CUS-000522,2026-05-28 21:10:37,2026-05-30 23:08:13,Email,App Bug,Notification Error,Free,98,49.96,,Resolved,The notifications are delayed or showing the wrong information.
TKT-12104,CUS-001062,2026-06-16 14:11:54,2026-06-18 15:46:41,Email,App Bug,App Crash,Premium,54,49.58,,Resolved,The app closes every time I try to complete this action.
TKT-12105,CUS-000616,2026-06-01 23:25:40,2026-06-03 02:20:52,Social Media,App Bug,App Crash,Premium,6,26.92,3,Resolved,The app closes every time I try to complete this action.
TKT-12106,CUS-000656,2026-07-08 09:19:10,2026-07-08 16:37:46,Email,Account Access,Verification Code Missing,Premium,17,7.31,5,Closed,The verification code has not arrived yet. Could someone advise me on the next step?
TKT-12107,CUS-001186,2026-05-26 03:15:32,2026-05-28 00:00:32,Email,Delivery Delay,Tracking Not Updated,Premium,48,44.75,,Resolved,The tracking status has not changed for a while. Please resolve this as soon as possible.
TKT-12108,CUS-001419,2026-05-28 11:21:39,2026-05-28 15:33:39,In-App Chat,Delivery Delay,Late Delivery,Free,26,4.2,4,Resolved,My order is later than the delivery estimate. I have already tried again several times.
TKT-12109,CUS-001400,2026-05-20 23:26:46,2026-05-21 08:57:58,In-App Chat,Account Access,Profile Update Failed,Free,42,9.52,,Resolved,I cannot save the changes to my profile. Could someone advise me on the next step?
TKT-12110,CUS-000408,2026-06-07 16:43:15,2026-06-08 02:24:03,WhatsApp,Account Access,Account Locked,Premium,6,9.68,,Resolved,My account is locked and I cannot get back in.
TKT-12111,CUS-001110,2026-07-29 19:54:53,2026-08-06 09:41:41,In-App Chat,Billing/Refunds,Payment Failed,Premium,8,181.78,1,Escalated,My payment keeps failing even though my details are correct. This has been very frustrating.
TKT-12112,CUS-000456,2026-06-12 13:33:09,2026-06-12 20:10:21,Email,Delivery Delay,Late Delivery,Premium,28,6.62,3,Resolved,My order is later than the delivery estimate. This has been very frustrating.
TKT-12113,CUS-001056,2026-07-21 15:04:35,2026-07-21 20:59:11,In-App Chat,Account Access,Account Locked,Premium,12,5.91,,Resolved,My account is locked and I cannot get back in.
TKT-12114,CUS-000618,2026-07-23 04:05:52,2026-07-23 20:00:28,WhatsApp,App Bug,Login Timeout,Premium,16,15.91,,Closed,I keep getting timed out when I try to sign in. This has been very frustrating.
TKT-12115,CUS-001335,2026-06-04 18:41:36,2026-06-05 03:02:36,Email,App Bug,Login Timeout,Enterprise,17,8.35,2,Resolved,I keep getting timed out when I try to sign in. This is disrupting what I need to do.
TKT-12116,CUS-001579,2026-07-06 16:47:19,2026-07-08 00:52:07,Email,Feature Request,New Payment Option,Free,69,32.08,4,Escalated,It would be helpful to have another payment option.
TKT-12117,CUS-000499,2026-07-22 18:17:55,,In-App Chat,Account Access,Verification Code Missing,Enterprise,9,,2,Open,The verification code has not arrived yet. Please let me know what information you need.
TKT-12118,CUS-001457,2026-08-06 02:39:03,2026-08-09 16:18:39,Email,App Bug,Page Not Loading,Free,212,85.66,2,Closed,The page is stuck loading and I cannot continue. This has been very frustrating.
TKT-12119,CUS-001246,2026-07-02 16:55:53,,WhatsApp,Account Access,Profile Update Failed,Free,17,,4,Open,I cannot save the changes to my profile. Thank you for checking this for me.
TKT-12120,CUS-000940,2026-05-31 00:12:21,2026-06-02 03:34:33,Email,App Bug,App Crash,Free,77,51.37,,Resolved,The app closes every time I try to complete this action. I have already tried again several times.
TKT-12121,CUS-000870,2026-06-03 08:00:33,2026-06-04 15:07:45,Email,App Bug,Page Not Loading,Free,122,31.12,,Resolved,The page is stuck loading and I cannot continue. I have already tried again several times.
TKT-12122,CUS-000554,2026-06-16 16:38:16,2026-06-18 16:50:16,Social Media,App Bug,Notification Error,Free,62,48.2,3,Resolved,The notifications are delayed or showing the wrong information. This is disrupting what I need to do.
TKT-12123,CUS-000364,2026-07-18 09:44:33,2026-07-21 05:54:45,In-App Chat,App Bug,Notification Error,Free,18,68.17,2,Resolved,The notifications are delayed or showing the wrong information. I have already tried again several times.
TKT-12124,CUS-000152,2026-07-06 21:03:16,2026-07-07 03:47:40,Email,Account Access,Account Locked,Premium,40,6.74,4,Resolved,My account is locked and I cannot get back in. Thank you for checking this for me.
TKT-12125,CUS-001196,2026-06-08 02:18:31,2026-06-09 21:59:19,In-App Chat,Billing/Refunds,Duplicate Charge,Premium,4,43.68,4,Resolved,I was charged twice for the same transaction. Please resolve this as soon as possible.
TKT-12126,CUS-000391,2026-06-06 01:01:41,2026-06-06 11:28:41,In-App Chat,Delivery Delay,Tracking Not Updated,Free,23,10.45,,Resolved,The tracking status has not changed for a while. I have already tried again several times.
TKT-12127,CUS-000829,2026-06-19 16:57:05,2026-06-21 10:54:05,Social Media,App Bug,App Crash,Premium,8,41.95,,Resolved,The app closes every time I try to complete this action. This is disrupting what I need to do.
TKT-12128,CUS-001495,2026-07-27 19:53:40,2026-07-28 16:17:40,WhatsApp,Account Access,Password Reset,Free,46,20.4,5,Closed,I need help resetting my password. Could someone advise me on the next step?
TKT-12129,CUS-001133,2026-06-10 13:43:00,2026-06-11 05:28:00,WhatsApp,Account Access,Password Reset,Free,17,15.75,4,Resolved,I need help resetting my password.
TKT-12130,CUS-000313,2026-08-05 05:29:06,2026-08-05 10:06:18,WhatsApp,Account Access,Profile Update Failed,Free,37,4.62,5,Resolved,I cannot save the changes to my profile. Could someone advise me on the next step?
TKT-12131,CUS-001234,2026-08-03 08:57:23,2026-08-03 17:06:23,Email,Account Access,Profile Update Failed,Free,91,8.15,3,Resolved,I cannot save the changes to my profile. Please let me know what information you need.
TKT-12132,CUS-000379,2026-05-25 23:03:41,2026-05-26 15:30:05,In-App Chat,Feature Request,Notification Controls,Premium,11,16.44,5,Closed,Please add more control over which notifications I receive. I would be happy to use this feature.
TKT-12133,CUS-001314,2026-07-12 23:48:01,2026-07-14 20:55:13,Email,App Bug,Notification Error,Free,50,45.12,,Resolved,The notifications are delayed or showing the wrong information. This is disrupting what I need to do.
TKT-12134,CUS-000141,2026-07-06 18:20:48,2026-07-07 16:58:36,WhatsApp,Delivery Delay,Late Delivery,Premium,14,22.63,,Closed,My order is later than the delivery estimate. This has been very frustrating.
TKT-12135,CUS-000251,2026-06-17 05:53:40,2026-06-19 06:17:04,Social Media,Delivery Delay,Late Delivery,Free,90,48.39,,Resolved,My order is later than the delivery estimate. I have already tried again several times.
TKT-12136,CUS-001572,2026-07-10 17:45:23,2026-07-11 04:47:11,Email,Billing/Refunds,Duplicate Charge,Premium,26,11.03,,Resolved,I was charged twice for the same transaction. This is disrupting what I need to do.
TKT-12137,CUS-000484,2026-06-07 02:32:03,,Social Media,App Bug,App Crash,Enterprise,7,,,Open,The app closes every time I try to complete this action. Please resolve this as soon as possible.
TKT-12138,CUS-000274,2026-06-02 16:51:59,2026-06-03 05:58:35,Social Media,App Bug,Notification Error,Free,31,13.11,3,Resolved,The notifications are delayed or showing the wrong information. This is disrupting what I need to do.
TKT-12139,CUS-000379,2026-06-01 02:34:42,2026-06-03 04:37:06,WhatsApp,App Bug,Notification Error,Free,63,50.04,2,Resolved,The notifications are delayed or showing the wrong information. This has been very frustrating.
TKT-12140,CUS-000610,2026-06-30 01:56:13,2026-07-02 02:04:37,Social Media,App Bug,Page Not Loading,Free,45,48.14,,Resolved,The page is stuck loading and I cannot continue. This is disrupting what I need to do.
TKT-12141,CUS-001413,2026-05-26 06:31:55,2026-06-05 06:31:55,Email,App Bug,App Crash,Free,46,240.0,,Resolved,The app closes every time I try to complete this action. I have already tried again several times.
TKT-12142,CUS-000276,2026-06-29 19:47:34,2026-06-30 12:27:10,In-App Chat,Account Access,Password Reset,Free,23,16.66,3,Resolved,I need help resetting my password. Please let me know what information you need.
TKT-12143,CUS-000031,2026-08-06 22:16:29,2026-08-08 08:46:29,Email,Billing/Refunds,Duplicate Charge,Free,64,34.5,,Resolved,I was charged twice for the same transaction. This has been very frustrating.
TKT-12144,CUS-001450,2026-06-13 19:49:58,2026-06-14 15:57:10,In-App Chat,Delivery Delay,Missing Items,Premium,25,20.12,,Resolved,Some items were missing when my order arrived.
TKT-12145,CUS-000515,2026-05-25 08:48:42,,WhatsApp,App Bug,Notification Error,Enterprise,5,,1,Open,The notifications are delayed or showing the wrong information. Please resolve this as soon as possible.
TKT-12146,CUS-000139,2026-07-30 07:24:00,2026-07-31 06:10:48,Email,Delivery Delay,Tracking Not Updated,Free,32,22.78,,Resolved,The tracking status has not changed for a while. This is disrupting what I need to do.
TKT-12147,CUS-000056,2026-08-01 00:20:57,2026-08-02 09:46:09,Email,Billing/Refunds,Payment Failed,Free,101,33.42,,Resolved,My payment keeps failing even though my details are correct. This has been very frustrating.
TKT-12148,CUS-001514,2026-07-08 01:08:40,2026-07-09 06:25:28,In-App Chat,App Bug,App Crash,Free,70,29.28,,Escalated,The app closes every time I try to complete this action. I have already tried again several times.
TKT-12149,CUS-000864,2026-06-29 16:36:41,2026-07-01 00:31:17,Email,Billing/Refunds,Refund Pending,Free,156,31.91,1,Resolved,My refund is still pending and I need an update. I have already tried again several times.
TKT-12150,CUS-001022,2026-07-13 14:39:26,2026-07-14 11:37:38,Email,Account Access,Password Reset,Premium,17,20.97,3,Escalated,I need help resetting my password.
TKT-12151,CUS-001034,2026-07-11 05:27:54,2026-07-15 05:59:06,In-App Chat,App Bug,Login Timeout,Free,20,96.52,1,Resolved,I keep getting timed out when I try to sign in. I have already tried again several times.
TKT-12152,CUS-000860,2026-07-01 05:26:42,2026-07-01 21:00:18,WhatsApp,Feature Request,New Payment Option,Free,33,15.56,4,Closed,It would be helpful to have another payment option. Thanks for considering the suggestion.
TKT-12153,CUS-001292,2026-08-01 16:28:18,,In-App Chat,App Bug,App Crash,Free,23,,3,Open,The app closes every time I try to complete this action.
TKT-12154,CUS-001520,2026-07-26 23:15:19,2026-07-27 09:59:07,Email,Account Access,Account Locked,Free,94,10.73,,Resolved,My account is locked and I cannot get back in. I would appreciate an update when possible.
TKT-12155,CUS-001079,2026-08-08 21:41:03,2026-08-12 00:00:00,In-App Chat,Billing/Refunds,Duplicate Charge,Free,19,74.32,1,Escalated,I was charged twice for the same transaction. Please resolve this as soon as possible.
TKT-12156,CUS-001421,2026-06-10 04:13:21,2026-06-10 14:36:09,Email,Account Access,Profile Update Failed,Free,42,10.38,4,Closed,I cannot save the changes to my profile.
TKT-12157,CUS-000015,2026-07-18 15:38:07,2026-07-20 03:26:07,Social Media,App Bug,App Crash,Premium,36,35.8,2,Escalated,The app closes every time I try to complete this action. I have already tried again several times.
TKT-12158,CUS-000806,2026-05-31 06:38:19,2026-06-01 14:31:07,WhatsApp,App Bug,Page Not Loading,Free,17,31.88,2,Resolved,The page is stuck loading and I cannot continue. This is disrupting what I need to do.
TKT-12159,CUS-001008,2026-06-09 04:46:40,2026-06-09 21:29:16,In-App Chat,Billing/Refunds,Duplicate Charge,Premium,6,16.71,,Resolved,I was charged twice for the same transaction.
TKT-12160,CUS-000359,2026-06-12 02:28:53,2026-06-13 03:35:29,WhatsApp,Billing/Refunds,Duplicate Charge,Free,17,25.11,,Resolved,I was charged twice for the same transaction. I have already tried again several times.
TKT-12161,CUS-000294,2026-06-13 12:11:21,,Social Media,Billing/Refunds,Incorrect Amount,Premium,29,,1,Open,The amount on my bill does not match what I expected.
TKT-12162,CUS-000243,2026-07-25 08:42:04,2026-07-25 18:01:16,In-App Chat,Feature Request,New Payment Option,Free,25,9.32,,Resolved,It would be helpful to have another payment option. Everything else is working well for me.
TKT-12163,CUS-000492,2026-06-17 19:18:22,2026-06-19 02:00:22,In-App Chat,App Bug,Notification Error,Free,40,30.7,3,Resolved,The notifications are delayed or showing the wrong information. Please resolve this as soon as possible.
TKT-12164,CUS-001384,2026-06-21 01:24:29,,In-App Chat,Billing/Refunds,Duplicate Charge,Premium,6,,2,Open,I was charged twice for the same transaction. This is disrupting what I need to do.
TKT-12165,CUS-000056,2026-08-08 02:48:12,2026-08-08 12:29:00,WhatsApp,Feature Request,Dark Mode,Premium,7,9.68,,Resolved,I like the app and would find a dark mode option useful.
TKT-12166,CUS-001005,2026-07-13 14:38:37,2026-07-20 04:20:01,In-App Chat,Billing/Refunds,Refund Pending,Free,17,157.69,3,Closed,My refund is still pending and I need an update. This is disrupting what I need to do.
TKT-12167,CUS-000130,2026-08-03 15:11:10,2026-08-05 07:30:22,Email,App Bug,App Crash,Free,66,40.32,2,Resolved,The app closes every time I try to complete this action. Please resolve this as soon as possible.
TKT-12168,CUS-000988,2026-06-05 06:25:10,2026-06-05 16:43:10,Social Media,Delivery Delay,Late Delivery,Premium,23,10.3,3,Closed,My order is later than the delivery estimate. This is disrupting what I need to do.
TKT-12169,CUS-000433,2026-07-12 14:03:40,2026-07-12 19:48:40,WhatsApp,Feature Request,Notification Controls,Enterprise,2,5.75,4,Resolved,Please add more control over which notifications I receive. Everything else is working well for me.
TKT-12170,CUS-000290,2026-07-17 06:35:12,2026-07-17 16:38:48,Email,Delivery Delay,Missing Items,Premium,46,10.06,3,Resolved,Some items were missing when my order arrived. I have already tried again several times.
TKT-12171,CUS-000777,2026-05-22 21:49:57,2026-05-23 19:27:45,Social Media,App Bug,App Crash,Free,25,21.63,,Resolved,The app closes every time I try to complete this action.
TKT-12172,CUS-000408,2026-07-17 17:33:13,2026-07-18 12:21:49,In-App Chat,Feature Request,New Payment Option,Free,15,18.81,5,Resolved,It would be helpful to have another payment option. I would be happy to use this feature.
TKT-12173,CUS-000638,2026-06-21 05:16:16,2026-06-21 20:15:40,WhatsApp,Billing/Refunds,Incorrect Amount,Free,70,14.99,4,Resolved,The amount on my bill does not match what I expected. I have already tried again several times.
TKT-12174,CUS-001063,2026-06-16 01:54:22,2026-06-16 13:16:34,In-App Chat,Feature Request,New Payment Option,Free,6,11.37,5,Resolved,It would be helpful to have another payment option. I would be happy to use this feature.
TKT-12175,CUS-001577,2026-07-17 23:22:33,2026-07-20 01:21:21,In-App Chat,Delivery Delay,Late Delivery,Free,28,49.98,3,Closed,My order is later than the delivery estimate. Please resolve this as soon as possible.
TKT-12176,CUS-001036,2026-07-07 05:18:00,2026-07-07 13:40:12,WhatsApp,Feature Request,New Payment Option,Premium,19,8.37,3,Resolved,It would be helpful to have another payment option. Thanks for considering the suggestion.
TKT-12177,CUS-000834,2026-08-05 22:20:15,2026-08-07 16:22:03,In-App Chat,Billing/Refunds,Incorrect Amount,Free,14,42.03,,Resolved,The amount on my bill does not match what I expected. Please resolve this as soon as possible.
TKT-12178,CUS-000922,2026-07-17 03:12:28,2026-07-17 12:01:04,In-App Chat,Billing/Refunds,Incorrect Amount,Premium,8,8.81,4,Resolved,The amount on my bill does not match what I expected.
TKT-12179,CUS-000787,2026-06-02 17:55:13,2026-06-03 00:00:01,Email,Account Access,Account Locked,Premium,73,6.08,5,Resolved,My account is locked and I cannot get back in. Please let me know what information you need.
TKT-12180,CUS-000932,2026-06-21 15:17:53,2026-06-21 20:47:53,In-App Chat,Account Access,Verification Code Missing,Premium,36,5.5,4,Closed,The verification code has not arrived yet. I would appreciate an update when possible.
TKT-12181,CUS-000950,2026-07-02 06:47:27,2026-07-02 17:43:15,In-App Chat,Account Access,Profile Update Failed,Free,45,10.93,4,Resolved,I cannot save the changes to my profile. Could someone advise me on the next step?
TKT-12182,CUS-000825,2026-07-08 03:48:36,2026-07-08 23:37:48,Email,Feature Request,Notification Controls,Free,240,19.82,4,Escalated,Please add more control over which notifications I receive. I would be happy to use this feature.
TKT-12183,CUS-001333,2026-08-09 14:03:04,2026-08-11 03:15:04,Social Media,Account Access,Account Locked,Free,28,37.2,4,Closed,My account is locked and I cannot get back in.
TKT-12184,CUS-000660,2026-07-07 16:26:27,2026-07-09 03:48:03,WhatsApp,App Bug,Notification Error,Free,13,35.36,,Escalated,The notifications are delayed or showing the wrong information. This is disrupting what I need to do.
TKT-12185,CUS-000196,2026-07-14 00:28:50,2026-07-17 10:43:14,In-App Chat,App Bug,App Crash,Free,22,82.24,,Closed,The app closes every time I try to complete this action. Please resolve this as soon as possible.
TKT-12186,CUS-001082,2026-07-25 00:51:16,2026-07-27 00:14:04,Email,Billing/Refunds,Refund Pending,Free,123,47.38,3,Resolved,My refund is still pending and I need an update.
TKT-12187,CUS-001342,2026-07-15 11:25:25,,WhatsApp,Billing/Refunds,Duplicate Charge,Free,11,,3,Open,I was charged twice for the same transaction. Please resolve this as soon as possible.
TKT-12188,CUS-001314,2026-06-23 23:25:31,2026-06-25 11:15:19,In-App Chat,Billing/Refunds,Payment Failed,Free,13,35.83,,Closed,My payment keeps failing even though my details are correct. Please resolve this as soon as possible.
TKT-12189,CUS-000433,2026-06-12 00:44:38,2026-06-14 04:00:14,In-App Chat,Delivery Delay,Late Delivery,Enterprise,2,51.26,,Closed,My order is later than the delivery estimate. This is disrupting what I need to do.
TKT-12190,CUS-001090,2026-08-04 09:08:23,2026-08-07 09:52:11,In-App Chat,Delivery Delay,Tracking Not Updated,Premium,13,72.73,3,Resolved,The tracking status has not changed for a while. This has been very frustrating.
TKT-12191,CUS-001648,2026-07-07 10:43:53,2026-07-07 18:52:17,Email,Account Access,Account Locked,Free,86,8.14,,Resolved,My account is locked and I cannot get back in. Could someone advise me on the next step?
TKT-12192,CUS-000189,2026-06-17 21:18:23,2026-06-19 04:57:23,In-App Chat,App Bug,Notification Error,Enterprise,2,31.65,3,Closed,The notifications are delayed or showing the wrong information. This is disrupting what I need to do.
TKT-12193,CUS-000863,2026-05-23 00:09:40,2026-05-23 06:49:52,Social Media,Account Access,Account Locked,Free,48,6.67,4,Resolved,My account is locked and I cannot get back in.
TKT-12194,CUS-000525,2026-07-21 06:45:02,2026-07-21 19:49:14,WhatsApp,Delivery Delay,Wrong Delivery Address,Free,17,13.07,,Closed,The delivery address shown for my order is incorrect. This is disrupting what I need to do.
TKT-12195,CUS-001339,2026-07-02 18:46:30,2026-07-03 09:34:30,In-App Chat,Feature Request,New Payment Option,Premium,8,14.8,4,Resolved,It would be helpful to have another payment option. Thanks for considering the suggestion.
TKT-12196,CUS-000564,2026-08-03 15:16:18,2026-08-04 01:52:54,Email,Account Access,Verification Code Missing,Free,34,10.61,4,Resolved,The verification code has not arrived yet. I would appreciate an update when possible.
TKT-12197,CUS-001231,2026-06-17 15:45:04,2026-06-18 00:03:04,In-App Chat,Delivery Delay,Late Delivery,Free,21,8.3,,Resolved,My order is later than the delivery estimate. This is disrupting what I need to do.
TKT-12198,CUS-000295,2026-06-03 03:06:17,2026-06-03 15:03:53,In-App Chat,Account Access,Password Reset,Free,14,11.96,4,Resolved,I need help resetting my password. I would appreciate an update when possible.
TKT-12199,CUS-000128,2026-06-06 12:35:08,2026-06-08 05:42:56,Social Media,App Bug,App Crash,Free,66,41.13,2,Resolved,The app closes every time I try to complete this action. I have already tried again several times.
TKT-12200,CUS-000189,2026-06-09 03:03:19,2026-06-10 11:09:19,Email,Delivery Delay,Tracking Not Updated,Premium,34,32.1,3,Escalated,The tracking status has not changed for a while. This has been very frustrating.
TKT-12201,CUS-000446,2026-07-03 07:29:24,2026-07-04 12:24:00,WhatsApp,App Bug,Notification Error,Free,29,28.91,1,Closed,The notifications are delayed or showing the wrong information. This is disrupting what I need to do.
TKT-12202,CUS-001430,2026-07-06 15:09:58,,Email,App Bug,Page Not Loading,Free,223,,2,Open,The page is stuck loading and I cannot continue. This has been very frustrating.
TKT-12203,CUS-000273,2026-06-20 14:15:46,2026-06-25 02:28:22,In-App Chat,App Bug,Page Not Loading,Free,29,108.21,,Closed,The page is stuck loading and I cannot continue. Please resolve this as soon as possible.
TKT-12204,CUS-000064,2026-06-13 04:33:38,2026-06-13 18:40:14,Email,Account Access,Password Reset,Free,59,14.11,4,Closed,I need help resetting my password. Please let me know what information you need.
TKT-12205,CUS-001436,2026-06-19 12:00:44,2026-06-20 02:27:08,In-App Chat,Account Access,Account Locked,Free,16,14.44,4,Resolved,My account is locked and I cannot get back in. Could someone advise me on the next step?
TKT-12206,CUS-000633,2026-05-31 07:39:10,2026-05-31 19:51:46,WhatsApp,Account Access,Password Reset,Premium,7,12.21,4,Escalated,I need help resetting my password. I would appreciate an update when possible.
TKT-12207,CUS-000981,2026-06-07 21:03:05,,Social Media,App Bug,Login Timeout,Premium,19,,,Open,I keep getting timed out when I try to sign in.
TKT-12208,CUS-000153,2026-06-19 13:45:45,2026-06-21 15:09:45,In-App Chat,Billing/Refunds,Incorrect Amount,Free,28,49.4,,Closed,The amount on my bill does not match what I expected.
TKT-12209,CUS-001522,2026-06-06 10:09:15,2026-06-06 18:02:39,Email,Delivery Delay,Wrong Delivery Address,Premium,10,7.89,4,Resolved,The delivery address shown for my order is incorrect.
TKT-12210,CUS-000832,2026-07-31 15:45:45,2026-08-02 15:45:09,Email,App Bug,Notification Error,Free,32,47.99,3,Closed,The notifications are delayed or showing the wrong information.
TKT-12211,CUS-000161,2026-06-11 03:39:08,2026-06-11 21:59:32,Social Media,Feature Request,Dark Mode,Free,31,18.34,5,Resolved,I like the app and would find a dark mode option useful.
TKT-12212,CUS-001064,2026-06-16 18:57:10,2026-06-17 22:47:34,In-App Chat,Billing/Refunds,Payment Failed,Free,12,27.84,,Resolved,My payment keeps failing even though my details are correct. This is disrupting what I need to do.
TKT-12213,CUS-000617,2026-05-29 03:36:47,2026-05-29 17:05:35,In-App Chat,Account Access,Password Reset,Free,24,13.48,5,Closed,I need help resetting my password. Please let me know what information you need.
TKT-12214,CUS-000602,2026-07-05 22:28:59,2026-07-06 18:55:59,In-App Chat,Account Access,Verification Code Missing,Premium,12,20.45,3,Escalated,The verification code has not arrived yet. Thank you for checking this for me.
TKT-12215,CUS-000693,2026-07-14 13:44:49,2026-07-14 23:44:13,Email,Delivery Delay,Late Delivery,Enterprise,11,9.99,3,Resolved,My order is later than the delivery estimate. I have already tried again several times.
TKT-12216,CUS-000836,2026-06-06 11:35:01,2026-06-07 01:57:49,Email,Billing/Refunds,Refund Pending,Free,105,14.38,3,Resolved,My refund is still pending and I need an update.
TKT-12217,CUS-001038,2026-07-30 17:54:50,2026-08-01 04:11:38,In-App Chat,Feature Request,Notification Controls,Free,16,34.28,,Escalated,Please add more control over which notifications I receive. Everything else is working well for me.
TKT-12218,CUS-000263,2026-07-17 11:02:21,2026-07-18 06:36:32,Email,Account Access,Password Reset,Free,72,19.57,,Resolved,I need help resetting my password. I would appreciate an update when possible.
TKT-12219,CUS-001274,2026-06-10 02:22:37,2026-06-10 19:01:01,Email,Account Access,Verification Code Missing,Free,40,16.64,,Resolved,The verification code has not arrived yet. I would appreciate an update when possible.
TKT-12220,CUS-000055,2026-07-06 13:20:37,2026-07-06 22:30:49,In-App Chat,Account Access,Profile Update Failed,Free,27,9.17,5,Closed,I cannot save the changes to my profile. I would appreciate an update when possible.
TKT-12221,CUS-001169,2026-06-30 11:03:46,2026-07-02 04:01:22,WhatsApp,Billing/Refunds,Incorrect Amount,Enterprise,6,40.96,,Escalated,The amount on my bill does not match what I expected. I have already tried again several times.
TKT-12222,CUS-000339,2026-05-27 01:11:09,2026-05-27 23:23:45,Email,App Bug,App Crash,Premium,16,22.21,,Resolved,The app closes every time I try to complete this action. This has been very frustrating.
TKT-12223,CUS-000752,2026-06-28 01:49:52,2026-06-28 16:48:04,Email,Billing/Refunds,Duplicate Charge,Enterprise,11,14.97,3,Resolved,I was charged twice for the same transaction. This is disrupting what I need to do.
TKT-12224,CUS-000929,2026-06-20 23:40:18,2026-06-22 16:54:42,Email,App Bug,Login Timeout,Free,73,41.24,2,Resolved,I keep getting timed out when I try to sign in. This has been very frustrating.
TKT-12225,CUS-001091,2026-07-13 06:34:31,2026-07-13 23:32:07,In-App Chat,Account Access,Profile Update Failed,Free,27,16.96,5,Resolved,I cannot save the changes to my profile. I would appreciate an update when possible.
TKT-12226,CUS-001339,2026-08-01 03:35:34,2026-08-07 17:42:46,WhatsApp,App Bug,Login Timeout,Free,41,158.12,1,Closed,I keep getting timed out when I try to sign in. Please resolve this as soon as possible.
TKT-12227,CUS-000852,2026-06-05 01:22:52,2026-06-06 08:40:52,Email,Billing/Refunds,Duplicate Charge,Enterprise,8,31.3,,Escalated,I was charged twice for the same transaction. Please resolve this as soon as possible.
TKT-12228,CUS-001480,2026-07-25 04:46:50,2026-07-26 22:19:14,Email,Billing/Refunds,Refund Pending,Free,119,41.54,,Resolved,My refund is still pending and I need an update.
TKT-12229,CUS-001609,2026-08-07 22:00:54,2026-08-09 13:00:18,WhatsApp,Billing/Refunds,Refund Pending,Free,46,38.99,3,Resolved,My refund is still pending and I need an update. I have already tried again several times.
TKT-12230,CUS-001637,2026-07-09 05:47:24,2026-07-10 05:18:00,WhatsApp,Billing/Refunds,Refund Pending,Free,21,23.51,4,Resolved,My refund is still pending and I need an update. I have already tried again several times.
TKT-12231,CUS-000554,2026-06-05 03:43:57,2026-06-05 07:53:33,WhatsApp,Account Access,Profile Update Failed,Premium,8,4.16,4,Resolved,I cannot save the changes to my profile.
TKT-12232,CUS-000064,2026-07-12 11:24:08,2026-07-13 14:50:32,In-App Chat,Billing/Refunds,Duplicate Charge,Premium,7,27.44,2,Resolved,I was charged twice for the same transaction.
TKT-12233,CUS-001205,2026-07-04 23:29:55,2026-07-06 14:11:55,In-App Chat,Feature Request,Dark Mode,Premium,4,38.7,4,Resolved,I like the app and would find a dark mode option useful. Everything else is working well for me.
TKT-12234,CUS-000432,2026-05-22 19:25:54,2026-05-24 12:00:41,Social Media,Billing/Refunds,Duplicate Charge,Free,49,40.58,2,Closed,I was charged twice for the same transaction. This is disrupting what I need to do.
TKT-12235,CUS-001289,2026-07-30 17:23:57,2026-07-31 08:12:33,Email,Billing/Refunds,Incorrect Amount,Premium,71,14.81,,Resolved,The amount on my bill does not match what I expected.
TKT-12236,CUS-000007,2026-08-05 03:17:28,2026-08-06 02:48:04,Social Media,Delivery Delay,Tracking Not Updated,Free,104,23.51,3,Closed,The tracking status has not changed for a while. This is disrupting what I need to do.
TKT-12237,CUS-001307,2026-06-21 20:58:52,2026-06-22 14:59:28,Social Media,App Bug,Notification Error,Free,22,18.01,3,Resolved,The notifications are delayed or showing the wrong information.
TKT-12238,CUS-000134,2026-07-29 06:07:48,2026-08-02 02:37:12,In-App Chat,App Bug,Page Not Loading,Free,38,92.49,,Escalated,The page is stuck loading and I cannot continue. This has been very frustrating.
TKT-12239,CUS-001478,2026-08-08 19:41:58,,In-App Chat,Feature Request,Notification Controls,Free,24,,3,Open,Please add more control over which notifications I receive.
TKT-12240,CUS-001101,2026-06-11 04:00:45,2026-06-11 13:13:57,Email,Feature Request,Dark Mode,Free,17,9.22,3,Resolved,I like the app and would find a dark mode option useful.
TKT-12241,CUS-000295,2026-07-05 23:43:42,2026-07-06 01:53:54,In-App Chat,Delivery Delay,Tracking Not Updated,Enterprise,3,2.17,,Resolved,The tracking status has not changed for a while. This is disrupting what I need to do.
TKT-12242,CUS-000835,2026-06-15 18:20:28,2026-06-17 11:06:40,Email,Billing/Refunds,Refund Pending,Free,57,40.77,2,Closed,My refund is still pending and I need an update.
TKT-12243,CUS-000832,2026-07-18 21:33:40,2026-07-19 04:25:52,Social Media,Account Access,Account Locked,Free,92,6.87,4,Resolved,My account is locked and I cannot get back in. I would appreciate an update when possible.
TKT-12244,CUS-001477,2026-08-04 10:41:43,2026-08-04 18:00:55,Email,Feature Request,Notification Controls,Premium,20,7.32,,Resolved,Please add more control over which notifications I receive. I would be happy to use this feature.
TKT-12245,CUS-000880,2026-07-31 05:15:19,2026-07-31 12:32:42,Social Media,Feature Request,Export Data,Premium,28,7.29,5,Resolved,Could you add a way to export my account data? Thanks for considering the suggestion.
TKT-12246,CUS-000908,2026-06-04 14:01:02,,Email,Billing/Refunds,Incorrect Amount,Free,70,,1,Open,The amount on my bill does not match what I expected. Please resolve this as soon as possible.
TKT-12247,CUS-000554,2026-06-19 11:11:40,2026-06-20 14:44:40,Social Media,App Bug,App Crash,Free,18,27.55,2,Resolved,The app closes every time I try to complete this action. I have already tried again several times.
TKT-12248,CUS-001225,2026-06-28 08:38:53,2026-06-30 20:31:05,In-App Chat,App Bug,Login Timeout,Free,16,59.87,2,Resolved,I keep getting timed out when I try to sign in. This is disrupting what I need to do.
TKT-12249,CUS-000095,2026-07-04 13:04:50,2026-07-06 14:33:02,Social Media,Billing/Refunds,Refund Pending,Free,112,49.47,2,Resolved,My refund is still pending and I need an update. This is disrupting what I need to do.
TKT-12250,CUS-001629,2026-07-30 05:56:15,2026-07-30 13:47:51,Social Media,Account Access,Password Reset,Premium,18,7.86,5,Closed,I need help resetting my password. Please let me know what information you need.
TKT-12251,CUS-001013,2026-06-28 17:11:19,2026-06-29 18:59:19,In-App Chat,App Bug,Notification Error,Free,40,25.8,,Resolved,The notifications are delayed or showing the wrong information. This has been very frustrating.
TKT-12252,CUS-001424,2026-06-13 19:49:51,2026-06-17 22:22:15,Email,App Bug,Page Not Loading,Free,126,98.54,,Escalated,The page is stuck loading and I cannot continue.
TKT-12253,CUS-001318,2026-07-11 19:30:11,2026-07-13 03:24:47,WhatsApp,Billing/Refunds,Incorrect Amount,Free,25,31.91,3,Closed,The amount on my bill does not match what I expected. Please resolve this as soon as possible.
TKT-12254,CUS-000385,2026-07-25 19:49:24,2026-07-26 08:27:12,In-App Chat,App Bug,Page Not Loading,Free,10,12.63,,Resolved,The page is stuck loading and I cannot continue.
TKT-12255,CUS-000499,2026-08-05 23:05:38,2026-08-09 13:29:38,Social Media,Billing/Refunds,Incorrect Amount,Free,21,86.4,2,Resolved,The amount on my bill does not match what I expected. I have already tried again several times.
TKT-12256,CUS-000476,2026-07-11 22:57:13,2026-07-15 20:55:25,WhatsApp,App Bug,Page Not Loading,Enterprise,14,93.97,,Escalated,The page is stuck loading and I cannot continue. Please resolve this as soon as possible.
TKT-12257,CUS-000396,2026-08-09 22:44:05,2026-08-11 01:16:29,WhatsApp,Billing/Refunds,Incorrect Amount,Free,37,26.54,3,Closed,The amount on my bill does not match what I expected.
TKT-12258,CUS-000031,2026-08-03 20:13:40,2026-08-03 23:56:52,Email,Feature Request,Export Data,Premium,12,3.72,4,Resolved,Could you add a way to export my account data? Everything else is working well for me.
TKT-12259,CUS-001389,2026-06-19 08:46:52,2026-06-20 10:25:16,Email,Billing/Refunds,Refund Pending,Free,125,25.64,2,Resolved,My refund is still pending and I need an update. I have already tried again several times.
TKT-12260,CUS-000883,2026-06-14 18:14:10,2026-06-14 23:35:46,WhatsApp,Account Access,Verification Code Missing,Premium,5,5.36,5,Resolved,The verification code has not arrived yet.
TKT-12261,CUS-000985,2026-07-29 09:58:15,2026-07-30 13:27:39,Email,Billing/Refunds,Duplicate Charge,Free,45,27.49,,Resolved,I was charged twice for the same transaction. I have already tried again several times.
TKT-12262,CUS-000824,2026-06-02 22:15:35,2026-06-03 06:22:47,In-App Chat,Billing/Refunds,Incorrect Amount,Free,24,8.12,4,Resolved,The amount on my bill does not match what I expected. I have already tried again several times.
TKT-12263,CUS-000227,2026-06-21 04:47:17,2026-06-22 02:26:17,In-App Chat,Billing/Refunds,Refund Pending,Free,110,21.65,4,Resolved,My refund is still pending and I need an update. This is disrupting what I need to do.
TKT-12264,CUS-000732,2026-06-12 15:27:49,2026-06-13 13:53:37,WhatsApp,Billing/Refunds,Duplicate Charge,Free,56,22.43,2,Resolved,I was charged twice for the same transaction. I have already tried again several times.
TKT-12265,CUS-000506,2026-08-02 13:24:42,2026-08-04 10:43:18,Email,Billing/Refunds,Incorrect Amount,Enterprise,9,45.31,2,Escalated,The amount on my bill does not match what I expected. This is disrupting what I need to do.
TKT-12266,CUS-001500,2026-05-30 07:47:46,2026-05-31 14:16:34,In-App Chat,App Bug,Page Not Loading,Premium,11,30.48,2,Closed,The page is stuck loading and I cannot continue.
TKT-12267,CUS-001175,2026-05-18 00:03:32,2026-05-18 20:26:56,In-App Chat,Account Access,Verification Code Missing,Premium,19,20.39,2,Escalated,The verification code has not arrived yet. I would appreciate an update when possible.
TKT-12268,CUS-000296,2026-07-02 04:57:59,2026-07-05 16:51:59,Social Media,Billing/Refunds,Incorrect Amount,Free,104,83.9,2,Closed,The amount on my bill does not match what I expected. This is disrupting what I need to do.
TKT-12269,CUS-001175,2026-06-29 14:22:05,2026-06-30 21:56:16,Email,App Bug,Login Timeout,Free,64,31.57,2,Closed,I keep getting timed out when I try to sign in. This is disrupting what I need to do.
TKT-12270,CUS-000906,2026-07-05 15:42:02,2026-07-05 20:09:02,WhatsApp,Account Access,Verification Code Missing,Premium,13,4.45,,Resolved,The verification code has not arrived yet. Could someone advise me on the next step?
TKT-12271,CUS-000151,2026-06-17 15:52:26,2026-06-18 02:20:38,Social Media,Billing/Refunds,Incorrect Amount,Premium,12,10.47,3,Closed,The amount on my bill does not match what I expected. Please resolve this as soon as possible.
TKT-12272,CUS-000132,2026-08-10 21:59:18,2026-08-11 23:56:18,WhatsApp,App Bug,Page Not Loading,Free,51,25.95,2,Resolved,The page is stuck loading and I cannot continue.
TKT-12273,CUS-000265,2026-07-04 15:53:34,2026-07-05 02:16:22,WhatsApp,Billing/Refunds,Incorrect Amount,Premium,29,10.38,4,Resolved,The amount on my bill does not match what I expected.
TKT-12274,CUS-001366,2026-06-07 05:46:31,,In-App Chat,Billing/Refunds,Refund Pending,Free,7,,1,Open,My refund is still pending and I need an update. This has been very frustrating.
TKT-12275,CUS-001398,2026-07-22 17:22:15,2026-07-25 04:06:03,Email,App Bug,App Crash,Enterprise,10,58.73,2,Escalated,The app closes every time I try to complete this action. Please resolve this as soon as possible.
TKT-12276,CUS-001017,2026-06-01 14:36:42,2026-06-02 14:22:18,In-App Chat,Feature Request,Export Data,Free,11,23.76,,Resolved,Could you add a way to export my account data?
TKT-12277,CUS-000030,2026-07-11 22:20:24,2026-07-13 13:39:00,WhatsApp,Feature Request,Export Data,Free,37,39.31,4,Closed,Could you add a way to export my account data? Thanks for considering the suggestion.
TKT-12278,CUS-000551,2026-07-31 17:57:57,2026-08-01 00:48:57,In-App Chat,Feature Request,Dark Mode,Premium,5,6.85,3,Resolved,I like the app and would find a dark mode option useful. Everything else is working well for me.
TKT-12279,CUS-000680,2026-07-23 22:21:05,2026-07-25 02:52:53,Email,App Bug,Notification Error,Free,33,28.53,3,Resolved,The notifications are delayed or showing the wrong information. This has been very frustrating.
TKT-12280,CUS-000490,2026-06-25 12:42:13,2026-06-28 02:20:37,WhatsApp,Billing/Refunds,Duplicate Charge,Free,67,61.64,,Resolved,I was charged twice for the same transaction. Please resolve this as soon as possible.
TKT-12281,CUS-000966,2026-07-11 16:52:22,2026-07-13 07:49:22,In-App Chat,App Bug,Notification Error,Free,21,38.95,,Resolved,The notifications are delayed or showing the wrong information.
TKT-12282,CUS-000117,2026-08-11 00:43:24,2026-08-12 00:00:00,WhatsApp,Billing/Refunds,Refund Pending,Free,32,23.28,4,Closed,My refund is still pending and I need an update. Please resolve this as soon as possible.
TKT-12283,CUS-000042,2026-07-07 09:50:47,2026-07-08 21:00:59,In-App Chat,Billing/Refunds,Payment Failed,Enterprise,5,35.17,2,Resolved,My payment keeps failing even though my details are correct. This is disrupting what I need to do.
TKT-12284,CUS-000979,2026-07-31 15:03:24,2026-08-02 06:23:48,Email,Billing/Refunds,Incorrect Amount,Premium,62,39.34,3,Resolved,The amount on my bill does not match what I expected. This has been very frustrating.
TKT-12285,CUS-000453,2026-06-30 11:05:55,,Email,App Bug,Notification Error,Free,57,,2,Open,The notifications are delayed or showing the wrong information.
TKT-12286,CUS-001160,2026-07-22 00:58:24,2026-07-24 06:12:12,In-App Chat,App Bug,Login Timeout,Enterprise,3,53.23,1,Resolved,I keep getting timed out when I try to sign in. This has been very frustrating.
TKT-12287,CUS-001309,2026-07-24 19:40:04,2026-07-25 18:08:52,Email,Billing/Refunds,Refund Pending,Premium,27,22.48,2,Resolved,My refund is still pending and I need an update. This has been very frustrating.
TKT-12288,CUS-001024,2026-06-04 17:55:27,2026-06-05 17:22:27,WhatsApp,Delivery Delay,Missing Items,Premium,30,23.45,3,Resolved,Some items were missing when my order arrived.
TKT-12289,CUS-001646,2026-07-11 10:54:43,2026-07-12 18:24:43,In-App Chat,App Bug,Page Not Loading,Free,22,31.5,3,Resolved,The page is stuck loading and I cannot continue.
TKT-12290,CUS-001082,2026-07-01 21:28:01,2026-07-03 11:38:49,Email,Delivery Delay,Missing Items,Free,62,38.18,,Resolved,Some items were missing when my order arrived. This is disrupting what I need to do.
TKT-12291,CUS-001298,2026-06-23 11:31:38,2026-06-24 10:38:50,WhatsApp,Billing/Refunds,Incorrect Amount,Free,43,23.12,3,Closed,The amount on my bill does not match what I expected.
TKT-12292,CUS-001078,2026-08-08 20:13:40,2026-08-09 05:17:52,Social Media,Account Access,Profile Update Failed,Free,134,9.07,4,Escalated,I cannot save the changes to my profile. Please let me know what information you need.
TKT-12293,CUS-001359,2026-06-06 03:15:41,2026-06-07 13:27:05,In-App Chat,Billing/Refunds,Payment Failed,Premium,11,34.19,3,Resolved,My payment keeps failing even though my details are correct.
TKT-12294,CUS-000660,2026-05-31 05:25:46,2026-06-01 00:44:22,WhatsApp,App Bug,Notification Error,Free,28,19.31,2,Resolved,The notifications are delayed or showing the wrong information. This has been very frustrating.
TKT-12295,CUS-000728,2026-06-07 22:49:58,2026-06-08 13:42:46,In-App Chat,Billing/Refunds,Incorrect Amount,Free,77,14.88,3,Resolved,The amount on my bill does not match what I expected. This is disrupting what I need to do.
TKT-12296,CUS-000577,2026-06-20 11:05:51,2026-06-25 18:48:27,Email,Billing/Refunds,Incorrect Amount,Premium,78,127.71,,Escalated,The amount on my bill does not match what I expected. This has been very frustrating.
TKT-12297,CUS-000961,2026-07-17 18:57:39,2026-07-18 11:03:03,Email,Account Access,Profile Update Failed,Free,155,16.09,,Resolved,I cannot save the changes to my profile.
TKT-12298,CUS-000632,2026-06-12 10:02:02,2026-06-13 09:22:26,Social Media,Billing/Refunds,Payment Failed,Free,32,23.34,3,Resolved,My payment keeps failing even though my details are correct. This has been very frustrating.
TKT-12299,CUS-001646,2026-06-21 10:55:35,,In-App Chat,Billing/Refunds,Refund Pending,Premium,7,,2,Open,My refund is still pending and I need an update. I have already tried again several times.
TKT-12300,CUS-001006,2026-07-09 00:46:30,2026-07-09 19:34:30,In-App Chat,Feature Request,Dark Mode,Premium,3,18.8,,Closed,I like the app and would find a dark mode option useful.
TKT-12301,CUS-000578,2026-06-17 19:44:17,2026-06-19 13:32:53,Social Media,Billing/Refunds,Payment Failed,Free,79,41.81,3,Resolved,My payment keeps failing even though my details are correct. Please resolve this as soon as possible.
TKT-12302,CUS-000836,2026-07-07 11:53:03,2026-07-07 20:17:39,In-App Chat,Account Access,Account Locked,Enterprise,4,8.41,3,Resolved,My account is locked and I cannot get back in. Please let me know what information you need.
TKT-12303,CUS-001316,2026-07-02 00:49:41,2026-07-02 10:44:17,Email,Account Access,Verification Code Missing,Premium,11,9.91,5,Resolved,The verification code has not arrived yet. Thank you for checking this for me.
TKT-12304,CUS-001361,2026-05-24 21:11:30,,Social Media,Billing/Refunds,Duplicate Charge,Premium,42,,,Open,I was charged twice for the same transaction.
TKT-12305,CUS-001070,2026-06-10 17:54:20,2026-06-11 21:24:56,Email,App Bug,App Crash,Free,60,27.51,,Resolved,The app closes every time I try to complete this action. I have already tried again several times.
TKT-12306,CUS-000003,2026-07-25 06:45:21,2026-07-25 19:03:57,In-App Chat,Billing/Refunds,Incorrect Amount,Premium,9,12.31,3,Resolved,The amount on my bill does not match what I expected. Please resolve this as soon as possible.
TKT-12307,CUS-001457,2026-08-03 21:24:20,2026-08-04 11:31:32,In-App Chat,Delivery Delay,Tracking Not Updated,Premium,4,14.12,,Closed,The tracking status has not changed for a while.
TKT-12308,CUS-001523,2026-06-15 19:00:42,2026-06-17 05:19:18,WhatsApp,Billing/Refunds,Incorrect Amount,Free,46,34.31,3,Resolved,The amount on my bill does not match what I expected.
TKT-12309,CUS-001462,2026-08-01 01:01:43,2026-08-02 00:31:43,Email,Billing/Refunds,Payment Failed,Enterprise,17,23.5,4,Resolved,My payment keeps failing even though my details are correct. Please resolve this as soon as possible.
TKT-12310,CUS-001133,2026-06-04 10:02:36,2026-06-08 12:12:48,In-App Chat,App Bug,App Crash,Enterprise,4,98.17,1,Escalated,The app closes every time I try to complete this action. I have already tried again several times.
TKT-12311,CUS-000055,2026-07-15 22:39:11,2026-07-16 04:44:35,In-App Chat,Feature Request,Dark Mode,Free,18,6.09,4,Resolved,I like the app and would find a dark mode option useful. I would be happy to use this feature.
TKT-12312,CUS-001598,2026-08-03 03:29:42,,In-App Chat,Delivery Delay,Tracking Not Updated,Premium,54,,2,Open,The tracking status has not changed for a while. Please resolve this as soon as possible.
TKT-12313,CUS-000130,2026-06-22 11:26:09,2026-06-23 00:54:57,WhatsApp,Feature Request,Export Data,Free,16,13.48,4,Closed,Could you add a way to export my account data? Thanks for considering the suggestion.
TKT-12314,CUS-000271,2026-06-23 12:33:01,2026-06-23 16:43:49,In-App Chat,Account Access,Account Locked,Premium,7,4.18,,Resolved,My account is locked and I cannot get back in.
TKT-12315,CUS-001054,2026-07-05 00:10:56,2026-07-05 10:25:56,In-App Chat,Account Access,Profile Update Failed,Premium,16,10.25,,Closed,I cannot save the changes to my profile. Could someone advise me on the next step?
TKT-12316,CUS-000768,2026-06-06 16:27:26,2026-06-07 12:22:02,Email,App Bug,Page Not Loading,Free,40,19.91,2,Closed,The page is stuck loading and I cannot continue. This has been very frustrating.
TKT-12317,CUS-001274,2026-08-10 14:54:44,2026-08-12 00:00:00,In-App Chat,Feature Request,Notification Controls,Free,12,33.09,,Closed,"Please add more control over which notifications I receive. The service has been useful overall, so this would be a great addition."
TKT-12318,CUS-001063,2026-06-23 10:11:13,2026-06-23 17:08:13,In-App Chat,Account Access,Profile Update Failed,Free,46,6.95,,Closed,I cannot save the changes to my profile.
TKT-12319,CUS-000006,2026-07-04 18:12:02,2026-07-07 05:51:02,WhatsApp,App Bug,Login Timeout,Enterprise,8,59.65,1,Resolved,I keep getting timed out when I try to sign in. I have already tried again several times.
TKT-12320,CUS-001082,2026-06-29 20:57:12,2026-06-30 09:24:12,Social Media,Account Access,Verification Code Missing,Free,58,12.45,4,Resolved,The verification code has not arrived yet. I would appreciate an update when possible.
TKT-12321,CUS-001441,2026-06-23 20:41:11,2026-06-24 01:40:35,In-App Chat,Account Access,Password Reset,Premium,12,4.99,3,Closed,I need help resetting my password. Thank you for checking this for me.
TKT-12322,CUS-001434,2026-07-06 16:37:07,2026-07-10 16:34:07,Email,Billing/Refunds,Incorrect Amount,Free,48,95.95,2,Resolved,The amount on my bill does not match what I expected.
TKT-12323,CUS-000290,2026-07-22 22:05:22,2026-07-24 14:47:58,In-App Chat,App Bug,App Crash,Free,20,40.71,3,Resolved,The app closes every time I try to complete this action. This is disrupting what I need to do.
TKT-12324,CUS-000595,2026-07-30 11:54:03,2026-07-31 13:58:51,In-App Chat,App Bug,Page Not Loading,Enterprise,4,26.08,,Resolved,The page is stuck loading and I cannot continue. I have already tried again several times.
TKT-12325,CUS-000218,2026-07-17 00:09:16,2026-07-17 20:29:40,Email,Delivery Delay,Wrong Delivery Address,Free,126,20.34,2,Resolved,The delivery address shown for my order is incorrect.
TKT-12326,CUS-001266,2026-07-28 17:54:02,2026-07-31 01:41:26,Email,App Bug,App Crash,Free,97,55.79,2,Closed,The app closes every time I try to complete this action. This is disrupting what I need to do.
TKT-12327,CUS-001053,2026-08-09 23:01:15,2026-08-12 00:00:00,Social Media,Delivery Delay,Late Delivery,Free,24,48.98,3,Escalated,My order is later than the delivery estimate. Please resolve this as soon as possible.
TKT-12328,CUS-000810,2026-08-02 23:03:29,2026-08-05 06:28:05,WhatsApp,App Bug,Login Timeout,Free,55,55.41,3,Escalated,I keep getting timed out when I try to sign in. Please resolve this as soon as possible.
TKT-12329,CUS-000516,2026-08-03 20:00:33,2026-08-04 14:40:09,In-App Chat,Delivery Delay,Tracking Not Updated,Free,8,18.66,4,Resolved,The tracking status has not changed for a while. This is disrupting what I need to do.
TKT-12330,CUS-001331,2026-07-16 09:57:24,2026-07-17 16:24:24,WhatsApp,Billing/Refunds,Refund Pending,Free,28,30.45,2,Resolved,My refund is still pending and I need an update. This is disrupting what I need to do.
TKT-12331,CUS-001339,2026-07-09 12:42:17,2026-07-11 15:20:41,Email,Feature Request,New Payment Option,Free,37,50.64,3,Escalated,It would be helpful to have another payment option. Everything else is working well for me.
TKT-12332,CUS-000822,2026-06-11 14:22:13,2026-06-13 15:47:25,In-App Chat,App Bug,Notification Error,Free,14,49.42,3,Resolved,The notifications are delayed or showing the wrong information. I have already tried again several times.
TKT-12333,CUS-000227,2026-08-07 05:53:17,2026-08-08 20:05:17,WhatsApp,Billing/Refunds,Duplicate Charge,Free,111,38.2,,Closed,I was charged twice for the same transaction.
TKT-12334,CUS-000776,2026-05-24 14:37:32,2026-05-25 15:51:20,In-App Chat,Billing/Refunds,Incorrect Amount,Free,9,25.23,3,Closed,The amount on my bill does not match what I expected. This is disrupting what I need to do.
TKT-12335,CUS-001508,2026-07-11 09:12:47,2026-07-12 05:17:35,Email,Billing/Refunds,Refund Pending,Free,45,20.08,,Resolved,My refund is still pending and I need an update. Please resolve this as soon as possible.
TKT-12336,CUS-000973,2026-06-05 00:04:36,2026-06-05 11:56:48,Social Media,App Bug,Notification Error,Enterprise,10,11.87,2,Resolved,The notifications are delayed or showing the wrong information. This has been very frustrating.
TKT-12337,CUS-001273,2026-07-04 19:55:54,2026-07-06 08:15:42,In-App Chat,Delivery Delay,Late Delivery,Free,17,36.33,,Closed,My order is later than the delivery estimate. This is disrupting what I need to do.
TKT-12338,CUS-000509,2026-06-01 21:19:02,2026-06-02 06:57:26,WhatsApp,Feature Request,Notification Controls,Free,37,9.64,,Resolved,Please add more control over which notifications I receive.
TKT-12339,CUS-000591,2026-06-14 18:46:39,2026-06-15 16:19:39,In-App Chat,Account Access,Profile Update Failed,Free,56,21.55,2,Escalated,I cannot save the changes to my profile. I would appreciate an update when possible.
TKT-12340,CUS-000212,2026-07-05 20:18:00,2026-07-06 05:01:12,WhatsApp,Account Access,Verification Code Missing,Enterprise,8,8.72,3,Closed,The verification code has not arrived yet. I would appreciate an update when possible.
TKT-12341,CUS-000591,2026-07-07 04:05:52,2026-07-08 08:49:40,In-App Chat,App Bug,App Crash,Premium,8,28.73,2,Resolved,The app closes every time I try to complete this action. This is disrupting what I need to do.
TKT-12342,CUS-000313,2026-05-27 02:58:11,2026-05-28 00:03:35,In-App Chat,Delivery Delay,Tracking Not Updated,Premium,10,21.09,4,Closed,The tracking status has not changed for a while. I have already tried again several times.
TKT-12343,CUS-000886,2026-07-02 10:33:51,2026-07-02 19:02:39,Email,Delivery Delay,Late Delivery,Enterprise,17,8.48,3,Resolved,My order is later than the delivery estimate. Please resolve this as soon as possible.
TKT-12344,CUS-000669,2026-07-07 20:52:26,2026-07-09 06:22:26,WhatsApp,App Bug,App Crash,Premium,23,33.5,3,Resolved,The app closes every time I try to complete this action. I have already tried again several times.
TKT-12345,CUS-001410,2026-07-01 03:34:08,,In-App Chat,Feature Request,Dark Mode,Enterprise,4,,3,Open,I like the app and would find a dark mode option useful.
TKT-12346,CUS-000644,2026-07-27 01:58:38,2026-07-28 18:27:26,WhatsApp,App Bug,Page Not Loading,Free,42,40.48,2,Closed,The page is stuck loading and I cannot continue. This has been very frustrating.
TKT-12347,CUS-000378,2026-07-29 14:12:58,2026-07-31 07:38:10,In-App Chat,Delivery Delay,Late Delivery,Premium,13,41.42,3,Closed,My order is later than the delivery estimate. This has been very frustrating.
TKT-12348,CUS-000154,2026-07-02 07:52:23,2026-07-03 23:38:35,Email,Feature Request,Export Data,Premium,32,39.77,4,Escalated,Could you add a way to export my account data? Thanks for considering the suggestion.
TKT-12349,CUS-000433,2026-07-19 09:23:59,2026-07-19 19:41:22,In-App Chat,Delivery Delay,Missing Items,Enterprise,3,10.29,,Resolved,Some items were missing when my order arrived.
TKT-12350,CUS-001166,2026-07-18 11:19:27,2026-07-19 13:26:03,In-App Chat,Billing/Refunds,Duplicate Charge,Free,37,26.11,,Resolved,I was charged twice for the same transaction. I have already tried again several times.
TKT-12351,CUS-001050,2026-08-05 15:31:25,2026-08-06 10:36:13,WhatsApp,Account Access,Account Locked,Premium,18,19.08,4,Resolved,My account is locked and I cannot get back in. I would appreciate an update when possible.
TKT-12352,CUS-001038,2026-06-28 17:19:07,2026-06-29 17:08:19,Email,Billing/Refunds,Refund Pending,Free,20,23.82,2,Resolved,My refund is still pending and I need an update.
TKT-12353,CUS-001441,2026-07-20 17:23:05,2026-07-21 15:00:17,Social Media,Delivery Delay,Wrong Delivery Address,Free,26,21.62,,Resolved,The delivery address shown for my order is incorrect.
TKT-12354,CUS-000433,2026-07-05 15:22:22,2026-07-07 18:40:22,Email,App Bug,Notification Error,Free,55,51.3,,Resolved,The notifications are delayed or showing the wrong information. This is disrupting what I need to do.
TKT-12355,CUS-000784,2026-07-22 05:45:43,2026-07-22 18:27:07,Email,Account Access,Account Locked,Free,66,12.69,,Closed,My account is locked and I cannot get back in. Please let me know what information you need.
TKT-12356,CUS-000310,2026-05-17 04:10:38,2026-05-17 13:17:50,Email,Feature Request,Notification Controls,Premium,72,9.12,5,Resolved,Please add more control over which notifications I receive. I would be happy to use this feature.
TKT-12357,CUS-000387,2026-06-12 21:16:52,2026-06-13 19:50:28,WhatsApp,Billing/Refunds,Duplicate Charge,Free,245,22.56,,Closed,I was charged twice for the same transaction. This is disrupting what I need to do.
TKT-12358,CUS-000625,2026-06-21 22:37:12,2026-06-25 17:35:24,Social Media,App Bug,Login Timeout,Free,9,90.97,2,Escalated,I keep getting timed out when I try to sign in. I have already tried again several times.
TKT-12359,CUS-001185,2026-06-13 12:31:22,,Email,Account Access,Profile Update Failed,Free,90,,,Open,I cannot save the changes to my profile. Please let me know what information you need.
TKT-12360,CUS-001408,2026-07-04 05:33:18,2026-07-06 19:13:30,Email,App Bug,Notification Error,Premium,36,61.67,2,Resolved,The notifications are delayed or showing the wrong information. This is disrupting what I need to do.
TKT-12361,CUS-000530,2026-05-15 10:32:15,,Email,Billing/Refunds,Payment Failed,Premium,30,,1,Open,My payment keeps failing even though my details are correct. I have already tried again several times.
TKT-12362,CUS-000676,2026-06-20 04:07:57,2026-06-27 06:35:33,Email,Billing/Refunds,Duplicate Charge,Premium,48,170.46,,Escalated,I was charged twice for the same transaction.
TKT-12363,CUS-001489,2026-07-21 06:52:34,2026-07-22 12:23:46,Email,App Bug,Notification Error,Free,82,29.52,2,Resolved,The notifications are delayed or showing the wrong information.
TKT-12364,CUS-001315,2026-07-11 07:03:25,2026-07-11 19:57:25,Email,Account Access,Profile Update Failed,Premium,27,12.9,4,Resolved,I cannot save the changes to my profile. Could someone advise me on the next step?
TKT-12365,CUS-001160,2026-05-21 11:04:34,2026-05-21 15:59:46,Social Media,Account Access,Profile Update Failed,Premium,20,4.92,4,Resolved,I cannot save the changes to my profile. Please let me know what information you need.
TKT-12366,CUS-000693,2026-07-28 22:41:31,2026-07-29 12:19:55,WhatsApp,Billing/Refunds,Payment Failed,Free,47,13.64,,Closed,My payment keeps failing even though my details are correct.
TKT-12367,CUS-000590,2026-08-10 19:41:09,2026-08-11 15:33:21,WhatsApp,App Bug,Login Timeout,Free,45,19.87,4,Closed,I keep getting timed out when I try to sign in. I have already tried again several times.
TKT-12368,CUS-001216,2026-07-18 06:10:35,2026-07-19 10:58:35,WhatsApp,App Bug,Login Timeout,Free,38,28.8,2,Resolved,I keep getting timed out when I try to sign in. Please resolve this as soon as possible.
TKT-12369,CUS-000169,2026-05-28 16:35:20,2026-05-31 02:16:08,Email,App Bug,Page Not Loading,Free,52,57.68,2,Closed,The page is stuck loading and I cannot continue. This is disrupting what I need to do.
TKT-12370,CUS-000896,2026-05-31 06:38:39,2026-06-01 04:09:15,Social Media,Delivery Delay,Late Delivery,Free,248,21.51,4,Resolved,My order is later than the delivery estimate. This is disrupting what I need to do.
TKT-12371,CUS-000114,2026-06-09 15:51:27,2026-06-10 22:02:15,In-App Chat,App Bug,App Crash,Free,29,30.18,3,Resolved,The app closes every time I try to complete this action. This is disrupting what I need to do.
TKT-12372,CUS-001046,2026-08-03 23:41:09,2026-08-05 21:44:09,Email,Account Access,Account Locked,Free,119,46.05,4,Escalated,My account is locked and I cannot get back in.
TKT-12373,CUS-000945,2026-08-04 07:46:07,,In-App Chat,Feature Request,New Payment Option,Free,17,,,Open,It would be helpful to have another payment option. Thanks for considering the suggestion.
TKT-12374,CUS-000111,2026-07-26 02:35:07,2026-07-26 15:45:19,In-App Chat,Account Access,Verification Code Missing,Free,26,13.17,4,Closed,The verification code has not arrived yet. Could someone advise me on the next step?
TKT-12375,CUS-000703,2026-06-13 13:17:47,2026-06-15 11:08:11,WhatsApp,Account Access,Account Locked,Premium,17,45.84,3,Resolved,My account is locked and I cannot get back in.
TKT-12376,CUS-000348,2026-06-25 20:49:39,2026-06-27 01:10:03,WhatsApp,Billing/Refunds,Incorrect Amount,Free,10,28.34,1,Resolved,The amount on my bill does not match what I expected. This is disrupting what I need to do.
TKT-12377,CUS-001346,2026-08-08 14:03:04,2026-08-09 09:04:16,Email,Billing/Refunds,Payment Failed,Free,48,19.02,2,Resolved,My payment keeps failing even though my details are correct. This is disrupting what I need to do.
TKT-12378,CUS-001529,2026-06-25 00:56:29,2026-06-26 07:51:05,In-App Chat,Billing/Refunds,Refund Pending,Premium,7,30.91,3,Resolved,My refund is still pending and I need an update.
TKT-12379,CUS-000548,2026-05-30 16:21:25,2026-06-01 00:41:13,Social Media,Delivery Delay,Wrong Delivery Address,Free,30,32.33,2,Resolved,The delivery address shown for my order is incorrect. Please resolve this as soon as possible.
TKT-12380,CUS-000061,2026-05-17 22:18:06,,Email,Delivery Delay,Tracking Not Updated,Free,38,,1,Open,The tracking status has not changed for a while. I have already tried again several times.
TKT-12381,CUS-001509,2026-07-14 05:34:23,2026-07-15 19:36:11,WhatsApp,Billing/Refunds,Incorrect Amount,Free,35,38.03,,Closed,The amount on my bill does not match what I expected. This has been very frustrating.
TKT-12382,CUS-001422,2026-08-01 18:17:13,2026-08-04 13:32:49,WhatsApp,Billing/Refunds,Incorrect Amount,Free,80,67.26,3,Resolved,The amount on my bill does not match what I expected. This is disrupting what I need to do.
TKT-12383,CUS-001342,2026-07-16 23:06:19,2026-07-20 03:47:07,In-App Chat,App Bug,App Crash,Free,25,76.68,2,Resolved,The app closes every time I try to complete this action. Please resolve this as soon as possible.
TKT-12384,CUS-000607,2026-07-09 07:26:04,2026-07-09 16:00:51,In-App Chat,Account Access,Verification Code Missing,Free,11,8.58,,Resolved,The verification code has not arrived yet.
TKT-12385,CUS-000145,2026-05-17 15:52:52,2026-05-17 22:12:04,In-App Chat,Account Access,Verification Code Missing,Free,12,6.32,,Resolved,The verification code has not arrived yet. I would appreciate an update when possible.
TKT-12386,CUS-001637,2026-07-31 20:42:23,2026-08-01 11:04:35,In-App Chat,Account Access,Profile Update Failed,Free,18,14.37,,Closed,I cannot save the changes to my profile. I would appreciate an update when possible.
TKT-12387,CUS-000828,2026-05-26 22:42:16,2026-05-27 05:06:52,Email,Feature Request,Export Data,Enterprise,5,6.41,5,Resolved,Could you add a way to export my account data?
TKT-12388,CUS-000607,2026-07-12 19:33:39,2026-07-19 04:27:39,In-App Chat,App Bug,Page Not Loading,Free,28,152.9,3,Escalated,The page is stuck loading and I cannot continue. I have already tried again several times.
TKT-12389,CUS-001307,2026-06-26 20:24:33,2026-06-27 08:08:57,In-App Chat,Account Access,Password Reset,Free,53,11.74,,Resolved,I need help resetting my password.
TKT-12390,CUS-001132,2026-07-03 23:43:55,2026-07-05 18:56:31,In-App Chat,Account Access,Account Locked,Free,16,43.21,3,Resolved,My account is locked and I cannot get back in. Thank you for checking this for me.
TKT-12391,CUS-000077,2026-05-25 15:06:12,,In-App Chat,App Bug,Page Not Loading,Premium,11,,2,Open,The page is stuck loading and I cannot continue. Please resolve this as soon as possible.
TKT-12392,CUS-001614,2026-06-24 04:09:53,2026-06-24 10:12:53,Social Media,Feature Request,Dark Mode,Premium,15,6.05,,Resolved,"I like the app and would find a dark mode option useful. The service has been useful overall, so this would be a great addition."
TKT-12393,CUS-000920,2026-06-30 14:30:06,2026-07-01 07:48:42,In-App Chat,Billing/Refunds,Duplicate Charge,Premium,7,17.31,2,Resolved,I was charged twice for the same transaction. Please resolve this as soon as possible.
TKT-12394,CUS-000344,2026-07-11 23:05:50,2026-07-12 07:35:14,WhatsApp,Delivery Delay,Tracking Not Updated,Free,38,8.49,4,Closed,The tracking status has not changed for a while.
TKT-12395,CUS-000031,2026-06-12 02:50:23,2026-06-12 08:56:59,In-App Chat,Delivery Delay,Late Delivery,Free,15,6.11,3,Resolved,My order is later than the delivery estimate. Please resolve this as soon as possible.
TKT-12396,CUS-000912,2026-06-16 08:49:06,2026-06-16 20:54:30,In-App Chat,Feature Request,Export Data,Premium,6,12.09,5,Resolved,Could you add a way to export my account data?
TKT-12397,CUS-000989,2026-07-14 00:51:23,2026-07-14 05:27:23,In-App Chat,Account Access,Verification Code Missing,Free,8,4.6,4,Resolved,The verification code has not arrived yet.
TKT-12398,CUS-000182,2026-07-13 10:01:29,2026-07-15 23:22:29,Social Media,App Bug,Login Timeout,Enterprise,7,61.35,1,Resolved,I keep getting timed out when I try to sign in. I have already tried again several times.
TKT-12399,CUS-000899,2026-06-30 12:33:02,2026-07-02 05:54:02,In-App Chat,Delivery Delay,Wrong Delivery Address,Free,45,41.35,3,Resolved,The delivery address shown for my order is incorrect.
TKT-12400,CUS-000721,2026-06-14 11:43:49,2026-06-15 05:46:49,Email,Delivery Delay,Wrong Delivery Address,Free,115,18.05,,Resolved,The delivery address shown for my order is incorrect. This has been very frustrating.
TKT-12401,CUS-000735,2026-06-25 23:50:41,2026-06-27 11:01:29,In-App Chat,App Bug,Login Timeout,Free,58,35.18,2,Closed,I keep getting timed out when I try to sign in. This is disrupting what I need to do.
TKT-12402,CUS-001637,2026-07-30 14:59:47,2026-08-05 02:04:35,WhatsApp,Delivery Delay,Wrong Delivery Address,Free,22,131.08,3,Escalated,The delivery address shown for my order is incorrect. This is disrupting what I need to do.
TKT-12403,CUS-000513,2026-08-04 13:23:42,2026-08-07 04:36:54,In-App Chat,Billing/Refunds,Incorrect Amount,Premium,18,63.22,,Resolved,The amount on my bill does not match what I expected. I have already tried again several times.
TKT-12404,CUS-001486,2026-06-21 16:48:38,2026-06-21 22:09:38,Email,Account Access,Account Locked,Free,38,5.35,3,Resolved,My account is locked and I cannot get back in. Thank you for checking this for me.
TKT-12405,CUS-000591,2026-07-05 03:54:34,2026-07-05 15:19:10,WhatsApp,Delivery Delay,Wrong Delivery Address,Free,52,11.41,4,Resolved,The delivery address shown for my order is incorrect. Please resolve this as soon as possible.
TKT-12406,CUS-000331,2026-07-05 01:02:00,2026-07-06 06:20:36,In-App Chat,App Bug,Login Timeout,Free,64,29.31,,Resolved,I keep getting timed out when I try to sign in. I have already tried again several times.
TKT-12407,CUS-000276,2026-08-09 12:31:25,2026-08-11 01:20:01,In-App Chat,App Bug,Login Timeout,Premium,14,36.81,2,Resolved,I keep getting timed out when I try to sign in.
TKT-12408,CUS-001586,2026-06-25 05:09:06,2026-06-25 17:37:18,WhatsApp,Feature Request,Notification Controls,Free,94,12.47,,Closed,Please add more control over which notifications I receive.
TKT-12409,CUS-000049,2026-07-27 18:38:42,2026-07-28 13:16:30,In-App Chat,Delivery Delay,Tracking Not Updated,Enterprise,3,18.63,,Resolved,The tracking status has not changed for a while. This has been very frustrating.
TKT-12410,CUS-000388,2026-05-28 01:51:16,2026-05-29 12:55:28,In-App Chat,Feature Request,Export Data,Premium,10,35.07,4,Resolved,Could you add a way to export my account data?
TKT-12411,CUS-000589,2026-07-22 07:07:16,2026-07-23 01:57:04,Email,App Bug,Login Timeout,Free,42,18.83,,Closed,I keep getting timed out when I try to sign in.
TKT-12412,CUS-001109,2026-08-03 06:23:12,2026-08-04 05:17:48,In-App Chat,Feature Request,New Payment Option,Premium,11,22.91,3,Escalated,It would be helpful to have another payment option.
TKT-12413,CUS-000634,2026-06-18 09:43:32,2026-06-18 18:21:56,WhatsApp,Billing/Refunds,Incorrect Amount,Enterprise,7,8.64,,Resolved,The amount on my bill does not match what I expected. Please resolve this as soon as possible.
TKT-12414,CUS-000042,2026-05-31 04:06:14,2026-05-31 09:45:14,Email,Account Access,Password Reset,Free,76,5.65,4,Resolved,I need help resetting my password. Please let me know what information you need.
TKT-12415,CUS-000854,2026-07-15 11:10:53,,Email,App Bug,Page Not Loading,Free,55,,1,Open,The page is stuck loading and I cannot continue. This has been very frustrating.
TKT-12416,CUS-001486,2026-07-27 00:51:36,2026-07-27 14:42:36,In-App Chat,Delivery Delay,Late Delivery,Free,17,13.85,,Resolved,My order is later than the delivery estimate. Please resolve this as soon as possible.
TKT-12417,CUS-001488,2026-07-14 08:06:07,2026-07-15 02:45:43,Social Media,Feature Request,Notification Controls,Premium,25,18.66,,Closed,"Please add more control over which notifications I receive. The service has been useful overall, so this would be a great addition."
TKT-12418,CUS-001646,2026-05-17 13:06:46,2026-05-18 17:13:58,Social Media,Delivery Delay,Missing Items,Free,39,28.12,,Closed,Some items were missing when my order arrived. I have already tried again several times.
TKT-12419,CUS-000591,2026-07-25 18:59:55,2026-07-26 03:58:07,In-App Chat,Account Access,Account Locked,Premium,5,8.97,,Resolved,My account is locked and I cannot get back in. I would appreciate an update when possible.
TKT-12420,CUS-000224,2026-06-15 02:14:05,2026-06-16 07:26:41,WhatsApp,App Bug,Notification Error,Free,10,29.21,2,Resolved,The notifications are delayed or showing the wrong information. Please resolve this as soon as possible.
TKT-12421,CUS-000132,2026-06-11 22:39:13,2026-06-12 06:45:49,Email,Account Access,Profile Update Failed,Free,51,8.11,4,Resolved,I cannot save the changes to my profile. Thank you for checking this for me.
TKT-12422,CUS-001455,2026-07-15 22:57:59,2026-07-17 03:26:47,WhatsApp,App Bug,Notification Error,Free,14,28.48,2,Resolved,The notifications are delayed or showing the wrong information. This has been very frustrating.
TKT-12423,CUS-001260,2026-07-13 23:15:29,2026-07-14 19:30:29,In-App Chat,Billing/Refunds,Incorrect Amount,Premium,6,20.25,2,Resolved,The amount on my bill does not match what I expected. Please resolve this as soon as possible.
TKT-12424,CUS-001053,2026-05-21 21:24:40,2026-05-24 03:40:52,In-App Chat,App Bug,Notification Error,Free,18,54.27,3,Closed,The notifications are delayed or showing the wrong information.
TKT-12425,CUS-000829,2026-05-19 18:04:16,2026-05-20 01:00:04,Social Media,Delivery Delay,Wrong Delivery Address,Premium,18,6.93,4,Closed,The delivery address shown for my order is incorrect.
TKT-12426,CUS-000761,2026-06-23 12:13:52,,WhatsApp,Delivery Delay,Wrong Delivery Address,Free,22,,3,Open,The delivery address shown for my order is incorrect.
TKT-12427,CUS-000829,2026-06-06 17:21:44,,Email,Delivery Delay,Missing Items,Free,289,,2,Open,Some items were missing when my order arrived. This has been very frustrating.
TKT-12428,CUS-000615,2026-07-09 13:06:17,2026-07-11 00:04:29,In-App Chat,App Bug,App Crash,Free,11,34.97,2,Closed,The app closes every time I try to complete this action. Please resolve this as soon as possible.
TKT-12429,CUS-000792,2026-08-11 13:15:04,2026-08-11 15:46:16,WhatsApp,Account Access,Password Reset,Enterprise,12,2.52,,Resolved,I need help resetting my password. Please let me know what information you need.
TKT-12430,CUS-000375,2026-07-26 13:28:59,2026-07-27 12:36:11,In-App Chat,Billing/Refunds,Duplicate Charge,Free,21,23.12,3,Resolved,I was charged twice for the same transaction. This is disrupting what I need to do.
TKT-12431,CUS-000214,2026-07-01 22:34:19,2026-07-03 15:38:31,In-App Chat,App Bug,Page Not Loading,Premium,7,41.07,,Closed,The page is stuck loading and I cannot continue.
TKT-12432,CUS-000376,2026-05-19 11:06:27,2026-05-21 18:35:15,Email,App Bug,App Crash,Free,107,55.48,,Closed,The app closes every time I try to complete this action. Please resolve this as soon as possible.
TKT-12433,CUS-001630,2026-05-19 16:48:33,2026-05-20 04:33:33,In-App Chat,Billing/Refunds,Refund Pending,Premium,8,11.75,4,Resolved,My refund is still pending and I need an update. I have already tried again several times.
TKT-12434,CUS-001646,2026-06-22 11:04:45,2026-06-24 07:05:21,In-App Chat,Billing/Refunds,Duplicate Charge,Free,14,44.01,3,Closed,I was charged twice for the same transaction.
TKT-12435,CUS-001266,2026-07-29 22:32:46,2026-07-30 16:20:10,In-App Chat,Account Access,Verification Code Missing,Free,70,17.79,4,Resolved,The verification code has not arrived yet. Thank you for checking this for me.
TKT-12436,CUS-001413,2026-08-07 03:06:24,2026-08-08 05:19:00,WhatsApp,App Bug,Login Timeout,Free,9,26.21,2,Resolved,I keep getting timed out when I try to sign in. I have already tried again several times.
TKT-12437,CUS-000187,2026-06-17 06:39:56,2026-06-21 02:12:56,In-App Chat,App Bug,Notification Error,Free,20,91.55,2,Escalated,The notifications are delayed or showing the wrong information.
TKT-12438,CUS-000225,2026-07-14 15:41:54,2026-07-15 00:16:41,Email,Billing/Refunds,Incorrect Amount,Free,84,8.58,3,Resolved,The amount on my bill does not match what I expected. This is disrupting what I need to do.
TKT-12439,CUS-000167,2026-07-09 15:22:10,2026-07-09 20:49:46,WhatsApp,Account Access,Password Reset,Free,80,5.46,,Resolved,I need help resetting my password.
TKT-12440,CUS-000118,2026-07-22 16:24:37,2026-07-24 18:12:01,Email,App Bug,App Crash,Free,58,49.79,3,Closed,The app closes every time I try to complete this action. I have already tried again several times.
TKT-12441,CUS-001258,2026-05-26 00:12:42,2026-05-28 02:28:54,Email,App Bug,Page Not Loading,Enterprise,65,50.27,,Closed,The page is stuck loading and I cannot continue. This is disrupting what I need to do.
TKT-12442,CUS-000105,2026-06-27 07:09:17,2026-06-27 13:38:41,Email,Account Access,Verification Code Missing,Free,119,6.49,,Resolved,The verification code has not arrived yet. Please let me know what information you need.
TKT-12443,CUS-001598,2026-07-24 12:57:18,2026-07-29 03:45:54,In-App Chat,Billing/Refunds,Payment Failed,Enterprise,1,110.81,,Closed,My payment keeps failing even though my details are correct. I have already tried again several times.
TKT-12444,CUS-001106,2026-07-16 08:26:12,2026-07-17 00:58:00,Email,Feature Request,Notification Controls,Free,30,16.53,5,Resolved,"Please add more control over which notifications I receive. The service has been useful overall, so this would be a great addition."
TKT-12445,CUS-000317,2026-07-05 22:27:12,2026-07-06 15:02:36,WhatsApp,Billing/Refunds,Duplicate Charge,Free,39,16.59,,Closed,I was charged twice for the same transaction. Please resolve this as soon as possible.
TKT-12446,CUS-001377,2026-07-05 04:05:02,2026-07-08 05:42:50,Social Media,App Bug,Notification Error,Free,21,73.63,,Resolved,The notifications are delayed or showing the wrong information. This has been very frustrating.
TKT-12447,CUS-001384,2026-05-26 09:42:04,,Email,Billing/Refunds,Payment Failed,Free,104,,,Open,My payment keeps failing even though my details are correct. I have already tried again several times.
TKT-12448,CUS-000935,2026-07-14 16:34:39,2026-07-15 06:07:39,In-App Chat,Account Access,Account Locked,Free,17,13.55,3,Closed,My account is locked and I cannot get back in. Thank you for checking this for me.
TKT-12449,CUS-000164,2026-07-23 07:21:53,2026-07-24 00:05:05,WhatsApp,App Bug,Page Not Loading,Premium,7,16.72,2,Resolved,The page is stuck loading and I cannot continue. This has been very frustrating.
TKT-12450,CUS-000680,2026-07-31 23:50:48,2026-08-01 07:44:48,In-App Chat,Delivery Delay,Late Delivery,Premium,6,7.9,,Resolved,My order is later than the delivery estimate. This is disrupting what I need to do.
TKT-12451,CUS-000906,2026-08-01 12:13:59,2026-08-04 01:12:47,WhatsApp,App Bug,Notification Error,Free,57,60.98,,Resolved,The notifications are delayed or showing the wrong information. Please resolve this as soon as possible.
TKT-12452,CUS-001251,2026-06-16 01:20:33,2026-06-16 10:58:21,In-App Chat,Account Access,Verification Code Missing,Free,7,9.63,3,Closed,The verification code has not arrived yet. Could someone advise me on the next step?
TKT-12453,CUS-000514,2026-05-17 05:46:10,2026-05-21 04:13:46,Social Media,Billing/Refunds,Refund Pending,Free,83,94.46,1,Closed,My refund is still pending and I need an update.
TKT-12454,CUS-001462,2026-06-11 22:56:19,2026-06-12 18:10:43,WhatsApp,Billing/Refunds,Payment Failed,Free,65,19.24,2,Closed,My payment keeps failing even though my details are correct. I have already tried again several times.
TKT-12455,CUS-000431,2026-06-06 09:50:33,2026-06-07 22:52:21,Email,App Bug,Notification Error,Free,61,37.03,2,Escalated,The notifications are delayed or showing the wrong information.
TKT-12456,CUS-001648,2026-06-28 07:40:47,2026-06-28 14:37:47,In-App Chat,Account Access,Password Reset,Free,10,6.95,,Resolved,I need help resetting my password. Thank you for checking this for me.
TKT-12457,CUS-000210,2026-07-24 11:21:55,2026-08-02 22:55:31,WhatsApp,App Bug,Login Timeout,Free,47,227.56,2,Closed,I keep getting timed out when I try to sign in. This has been very frustrating.
TKT-12458,CUS-001406,2026-07-25 16:16:34,2026-07-26 14:36:58,In-App Chat,Feature Request,Export Data,Free,17,22.34,4,Resolved,"Could you add a way to export my account data? The service has been useful overall, so this would be a great addition."
TKT-12459,CUS-000237,2026-07-09 07:42:21,2026-07-10 12:53:09,In-App Chat,Delivery Delay,Tracking Not Updated,Premium,4,29.18,3,Closed,The tracking status has not changed for a while. Please resolve this as soon as possible.
TKT-12460,CUS-001285,2026-05-28 13:50:07,2026-05-29 09:11:43,Email,Feature Request,Notification Controls,Free,243,19.36,4,Resolved,Please add more control over which notifications I receive.
TKT-12461,CUS-001446,2026-07-10 01:13:41,2026-07-11 09:21:29,Email,App Bug,Login Timeout,Free,43,32.13,2,Closed,I keep getting timed out when I try to sign in.
TKT-12462,CUS-000545,2026-06-13 03:53:14,2026-06-16 01:41:14,Social Media,Delivery Delay,Missing Items,Enterprise,3,69.8,2,Resolved,Some items were missing when my order arrived. This is disrupting what I need to do.
TKT-12463,CUS-000184,2026-06-25 02:10:28,2026-06-25 10:18:16,In-App Chat,Account Access,Account Locked,Enterprise,5,8.13,4,Resolved,My account is locked and I cannot get back in. Thank you for checking this for me.
TKT-12464,CUS-001650,2026-08-07 13:55:49,2026-08-08 01:16:13,Email,Account Access,Account Locked,Free,71,11.34,4,Resolved,My account is locked and I cannot get back in. Could someone advise me on the next step?
TKT-12465,CUS-001631,2026-07-17 07:44:28,,WhatsApp,Feature Request,Dark Mode,Free,84,,4,Open,"I like the app and would find a dark mode option useful. The service has been useful overall, so this would be a great addition."
TKT-12466,CUS-001280,2026-07-15 20:32:07,2026-07-16 00:08:07,In-App Chat,Account Access,Verification Code Missing,Premium,8,3.6,,Resolved,The verification code has not arrived yet. Could someone advise me on the next step?
TKT-12467,CUS-000653,2026-06-21 05:56:26,2026-06-21 14:12:38,Email,Feature Request,New Payment Option,Free,59,8.27,5,Resolved,It would be helpful to have another payment option. I would be happy to use this feature.
TKT-12468,CUS-000242,2026-07-08 05:53:37,2026-07-09 00:12:49,Email,Delivery Delay,Missing Items,Free,92,18.32,,Resolved,Some items were missing when my order arrived. This has been very frustrating.
TKT-12469,CUS-000703,2026-06-04 05:23:24,2026-06-06 07:58:48,WhatsApp,Billing/Refunds,Refund Pending,Free,38,50.59,3,Resolved,My refund is still pending and I need an update. Please resolve this as soon as possible.
TKT-12470,CUS-001211,2026-07-15 23:30:54,2026-07-16 10:51:18,Email,Account Access,Verification Code Missing,Free,86,11.34,4,Escalated,The verification code has not arrived yet. Thank you for checking this for me.
TKT-12471,CUS-000276,2026-07-28 13:03:28,,WhatsApp,App Bug,Page Not Loading,Enterprise,7,,1,Open,The page is stuck loading and I cannot continue. This is disrupting what I need to do.
TKT-12472,CUS-000033,2026-06-16 17:24:24,2026-06-17 19:41:47,In-App Chat,Feature Request,New Payment Option,Premium,12,26.29,3,Escalated,It would be helpful to have another payment option. Everything else is working well for me.
TKT-12473,CUS-001519,2026-06-02 02:02:20,2026-06-02 17:07:08,In-App Chat,Delivery Delay,Late Delivery,Enterprise,3,15.08,4,Escalated,My order is later than the delivery estimate. I have already tried again several times.
TKT-12474,CUS-001171,2026-05-22 11:05:11,2026-05-23 04:29:47,WhatsApp,Billing/Refunds,Duplicate Charge,Premium,26,17.41,2,Resolved,I was charged twice for the same transaction. Please resolve this as soon as possible.
TKT-12475,CUS-001160,2026-05-26 09:19:28,2026-05-28 00:18:52,WhatsApp,Billing/Refunds,Incorrect Amount,Free,27,38.99,,Resolved,The amount on my bill does not match what I expected. This has been very frustrating.
TKT-12476,CUS-001597,2026-08-05 13:29:38,2026-08-06 01:33:50,Email,Billing/Refunds,Payment Failed,Premium,56,12.07,,Closed,My payment keeps failing even though my details are correct. This has been very frustrating.
TKT-12477,CUS-000859,2026-06-18 21:16:00,2026-06-22 04:31:36,Email,App Bug,Page Not Loading,Premium,81,79.26,,Closed,The page is stuck loading and I cannot continue. I have already tried again several times.
TKT-12478,CUS-000553,2026-06-02 09:06:53,2026-06-03 22:27:53,Email,Billing/Refunds,Duplicate Charge,Free,49,37.35,2,Resolved,I was charged twice for the same transaction. This is disrupting what I need to do.
TKT-12479,CUS-001523,2026-07-18 09:20:21,2026-07-19 16:49:09,In-App Chat,Delivery Delay,Missing Items,Free,102,31.48,,Closed,Some items were missing when my order arrived. I have already tried again several times.
TKT-12480,CUS-001646,2026-05-24 14:50:52,2026-05-25 00:04:40,WhatsApp,Account Access,Account Locked,Free,22,9.23,4,Resolved,My account is locked and I cannot get back in. Could someone advise me on the next step?
TKT-12481,CUS-000042,2026-06-30 08:53:30,2026-06-30 20:06:06,WhatsApp,Delivery Delay,Missing Items,Free,22,11.21,,Resolved,Some items were missing when my order arrived. I have already tried again several times.
TKT-12482,CUS-000571,2026-07-28 14:37:34,2026-07-29 14:33:58,Email,App Bug,Page Not Loading,Free,104,23.94,2,Resolved,The page is stuck loading and I cannot continue. This has been very frustrating.
TKT-12483,CUS-000611,2026-06-16 08:09:18,2026-06-17 13:51:18,In-App Chat,Account Access,Account Locked,Free,30,29.7,5,Escalated,My account is locked and I cannot get back in. Could someone advise me on the next step?
TKT-12484,CUS-000201,2026-07-05 15:37:57,2026-07-06 15:25:21,In-App Chat,Billing/Refunds,Incorrect Amount,Free,24,23.79,2,Closed,The amount on my bill does not match what I expected. This has been very frustrating.
TKT-12485,CUS-000390,2026-07-10 05:26:25,2026-07-10 20:48:37,In-App Chat,Feature Request,Notification Controls,Free,38,15.37,,Resolved,Please add more control over which notifications I receive. Thanks for considering the suggestion.
TKT-12486,CUS-000054,2026-07-03 02:42:20,2026-07-04 23:01:32,Social Media,Billing/Refunds,Duplicate Charge,Free,51,44.32,2,Escalated,I was charged twice for the same transaction. This is disrupting what I need to do.
TKT-12487,CUS-001163,2026-06-16 12:22:32,2026-06-20 13:21:56,Email,Billing/Refunds,Refund Pending,Free,268,96.99,,Escalated,My refund is still pending and I need an update. I have already tried again several times.
TKT-12488,CUS-000194,2026-06-19 23:35:06,2026-06-21 14:12:54,In-App Chat,Billing/Refunds,Incorrect Amount,Free,22,38.63,3,Resolved,The amount on my bill does not match what I expected.
TKT-12489,CUS-001488,2026-05-27 07:37:44,2026-05-27 14:25:44,Email,Delivery Delay,Wrong Delivery Address,Enterprise,7,6.8,3,Closed,The delivery address shown for my order is incorrect. This has been very frustrating.
TKT-12490,CUS-000973,2026-06-24 01:26:55,2026-06-25 07:02:55,WhatsApp,Billing/Refunds,Incorrect Amount,Free,24,29.6,,Resolved,The amount on my bill does not match what I expected. Please resolve this as soon as possible.
TKT-12491,CUS-000607,2026-06-22 06:57:58,2026-06-22 10:45:58,In-App Chat,Account Access,Password Reset,Free,31,3.8,4,Resolved,I need help resetting my password. I would appreciate an update when possible.
TKT-12492,CUS-001364,2026-07-19 15:24:10,2026-07-19 22:34:58,Email,Delivery Delay,Late Delivery,Free,101,7.18,3,Resolved,My order is later than the delivery estimate.
TKT-12493,CUS-001100,2026-06-30 10:27:31,2026-06-30 22:45:31,Email,Delivery Delay,Wrong Delivery Address,Premium,39,12.3,3,Resolved,The delivery address shown for my order is incorrect. This has been very frustrating.
TKT-12494,CUS-001271,2026-07-05 15:14:35,2026-07-10 13:40:59,In-App Chat,Billing/Refunds,Refund Pending,Premium,6,118.44,,Resolved,My refund is still pending and I need an update. This is disrupting what I need to do.
TKT-12495,CUS-001473,2026-06-11 05:25:04,2026-06-13 02:03:28,Email,Billing/Refunds,Refund Pending,Free,148,44.64,1,Resolved,My refund is still pending and I need an update. Please resolve this as soon as possible.
TKT-12496,CUS-001362,2026-08-04 06:34:43,2026-08-07 12:49:43,Email,App Bug,Notification Error,Free,247,78.25,,Resolved,The notifications are delayed or showing the wrong information. This has been very frustrating.
TKT-12497,CUS-001312,2026-06-10 08:59:51,2026-06-12 01:35:15,In-App Chat,Billing/Refunds,Incorrect Amount,Premium,11,40.59,,Closed,The amount on my bill does not match what I expected.
TKT-12498,CUS-001225,2026-07-15 14:40:53,2026-07-15 23:14:29,In-App Chat,Account Access,Verification Code Missing,Enterprise,12,8.56,4,Closed,The verification code has not arrived yet. Please let me know what information you need.
TKT-12499,CUS-000637,2026-05-25 19:51:36,2026-05-28 06:31:12,WhatsApp,App Bug,App Crash,Free,57,58.66,3,Resolved,The app closes every time I try to complete this action.
TKT-12500,CUS-001102,2026-05-18 09:12:02,2026-05-19 09:16:50,In-App Chat,App Bug,App Crash,Free,91,24.08,3,Resolved,The app closes every time I try to complete this action.
